source_path,review_path,bytes,category
server/[hex]/hex_4_clothing/html/img/parts/watches.png,_REVIEW_THIRD_PARTY/hex/hex_4_clothing/html/img/parts/watches.png,165348,third-party-license-review
server/[hex]/hex_4_clothing/html/img/parts/tshirt.png,_REVIEW_THIRD_PARTY/hex/hex_4_clothing/html/img/parts/tshirt.png,3654,third-party-license-review
server/[hex]/hex_4_clothing/html/img/parts/bproof.png,_REVIEW_THIRD_PARTY/hex/hex_4_clothing/html/img/parts/bproof.png,6853,third-party-license-review
server/[hex]/hex_4_clothing/html/img/parts/bag.png,_REVIEW_THIRD_PARTY/hex/hex_4_clothing/html/img/parts/bag.png,4775,third-party-license-review
server/[hex]/hex_4_clothing/html/img/parts/glasses.png,_REVIEW_THIRD_PARTY/hex/hex_4_clothing/html/img/parts/glasses.png,4542,third-party-license-review
server/[hex]/hex_4_clothing/html/img/parts/chain.png,_REVIEW_THIRD_PARTY/hex/hex_4_clothing/html/img/parts/chain.png,3804,third-party-license-review
server/[hex]/hex_4_clothing/html/img/parts/hat.png,_REVIEW_THIRD_PARTY/hex/hex_4_clothing/html/img/parts/hat.png,4331,third-party-license-review
server/[hex]/hex_4_clothing/html/img/parts/torso.png,_REVIEW_THIRD_PARTY/hex/hex_4_clothing/html/img/parts/torso.png,5246,third-party-license-review
server/[hex]/hex_4_clothing/html/img/parts/earrings.png,_REVIEW_THIRD_PARTY/hex/hex_4_clothing/html/img/parts/earrings.png,115530,third-party-license-review
server/[hex]/hex_4_clothing/html/img/parts/arms.png,_REVIEW_THIRD_PARTY/hex/hex_4_clothing/html/img/parts/arms.png,9225,third-party-license-review
server/[hex]/hex_4_clothing/html/img/parts/mask.png,_REVIEW_THIRD_PARTY/hex/hex_4_clothing/html/img/parts/mask.png,6069,third-party-license-review
server/[hex]/hex_4_clothing/html/img/parts/decals.png,_REVIEW_THIRD_PARTY/hex/hex_4_clothing/html/img/parts/decals.png,78004,third-party-license-review
server/[hex]/hex_4_clothing/html/img/parts/pants.png,_REVIEW_THIRD_PARTY/hex/hex_4_clothing/html/img/parts/pants.png,126089,third-party-license-review
server/[hex]/hex_4_clothing/html/img/parts/shoes.png,_REVIEW_THIRD_PARTY/hex/hex_4_clothing/html/img/parts/shoes.png,126647,third-party-license-review
server/[hex]/hex_4_clothing/html/img/money.png,_REVIEW_THIRD_PARTY/hex/hex_4_clothing/html/img/money.png,29261,third-party-license-review
server/[hex]/hex_4_clothing/html/img/handsup.png,_REVIEW_THIRD_PARTY/hex/hex_4_clothing/html/img/handsup.png,61125,third-party-license-review
server/[hex]/hex_4_clothing/html/img/card.png,_REVIEW_THIRD_PARTY/hex/hex_4_clothing/html/img/card.png,17010,third-party-license-review
server/[hex]/hex_3_identity/html/img/pattern.png,_REVIEW_THIRD_PARTY/hex/hex_3_identity/html/img/pattern.png,3748,third-party-license-review
server/[hex]/hex_3_identity/html/img/discord.svg,_REVIEW_THIRD_PARTY/hex/hex_3_identity/html/img/discord.svg,102074,third-party-license-review
server/[hex]/hex_farming/dist/img/farming/v2/frame_8_animal_2_icon.png,_REVIEW_THIRD_PARTY/hex/hex_farming/dist/img/farming/v2/frame_8_animal_2_icon.png,5151,third-party-license-review
server/[hex]/hex_farming/dist/img/farming/v2/frame_8_top_3_icon.png,_REVIEW_THIRD_PARTY/hex/hex_farming/dist/img/farming/v2/frame_8_top_3_icon.png,6363,third-party-license-review
server/[hex]/hex_farming/dist/img/farming/v2/farming_10_item_5.png,_REVIEW_THIRD_PARTY/hex/hex_farming/dist/img/farming/v2/farming_10_item_5.png,17912,third-party-license-review
server/[hex]/hex_farming/dist/img/farming/v2/egg.png,_REVIEW_THIRD_PARTY/hex/hex_farming/dist/img/farming/v2/egg.png,17857,third-party-license-review
server/[hex]/hex_farming/dist/img/farming/v2/farming_2_item_3.png,_REVIEW_THIRD_PARTY/hex/hex_farming/dist/img/farming/v2/farming_2_item_3.png,17931,third-party-license-review
server/[hex]/hex_farming/dist/img/farming/v2/farming_10_item_2.png,_REVIEW_THIRD_PARTY/hex/hex_farming/dist/img/farming/v2/farming_10_item_2.png,18300,third-party-license-review
server/[hex]/hex_farming/dist/img/farming/v2/farming_bg_11.png,_REVIEW_THIRD_PARTY/hex/hex_farming/dist/img/farming/v2/farming_bg_11.png,266252,third-party-license-review
server/[hex]/hex_farming/dist/img/farming/v2/farming_10_item_6.png,_REVIEW_THIRD_PARTY/hex/hex_farming/dist/img/farming/v2/farming_10_item_6.png,20005,third-party-license-review
server/[hex]/hex_farming/dist/img/farming/v2/cucumber.png,_REVIEW_THIRD_PARTY/hex/hex_farming/dist/img/farming/v2/cucumber.png,32590,third-party-license-review
server/[hex]/hex_farming/dist/img/farming/v2/milk.png,_REVIEW_THIRD_PARTY/hex/hex_farming/dist/img/farming/v2/milk.png,6966,third-party-license-review
server/[hex]/hex_farming/dist/img/farming/v2/bg2.png,_REVIEW_THIRD_PARTY/hex/hex_farming/dist/img/farming/v2/bg2.png,591794,third-party-license-review
server/[hex]/hex_farming/dist/img/farming/v2/frame_8_animal_3_icon.png,_REVIEW_THIRD_PARTY/hex/hex_farming/dist/img/farming/v2/frame_8_animal_3_icon.png,5231,third-party-license-review
server/[hex]/hex_farming/dist/img/farming/v2/farming_2_item_6.png,_REVIEW_THIRD_PARTY/hex/hex_farming/dist/img/farming/v2/farming_2_item_6.png,18056,third-party-license-review
server/[hex]/hex_farming/dist/img/farming/v2/bg.png,_REVIEW_THIRD_PARTY/hex/hex_farming/dist/img/farming/v2/bg.png,258173,third-party-license-review
server/[hex]/hex_farming/dist/img/farming/v2/frame_8_top_1_icon.png,_REVIEW_THIRD_PARTY/hex/hex_farming/dist/img/farming/v2/frame_8_top_1_icon.png,6425,third-party-license-review
server/[hex]/hex_farming/dist/img/farming/v2/farming_3_item_1.png,_REVIEW_THIRD_PARTY/hex/hex_farming/dist/img/farming/v2/farming_3_item_1.png,43011,third-party-license-review
server/[hex]/hex_farming/dist/img/farming/v2/frame_7_bottom_bg.png,_REVIEW_THIRD_PARTY/hex/hex_farming/dist/img/farming/v2/frame_7_bottom_bg.png,179894,third-party-license-review
server/[hex]/hex_farming/dist/img/farming/v2/frame_8_animal_1_icon.png,_REVIEW_THIRD_PARTY/hex/hex_farming/dist/img/farming/v2/frame_8_animal_1_icon.png,5190,third-party-license-review
server/[hex]/hex_farming/dist/img/farming/v2/header_farming.png,_REVIEW_THIRD_PARTY/hex/hex_farming/dist/img/farming/v2/header_farming.png,23817,third-party-license-review
server/[hex]/hex_farming/dist/img/farming/v2/frame_8_bg.png,_REVIEW_THIRD_PARTY/hex/hex_farming/dist/img/farming/v2/frame_8_bg.png,331494,third-party-license-review
server/[hex]/hex_farming/dist/img/farming/v2/farming_2_item_2.png,_REVIEW_THIRD_PARTY/hex/hex_farming/dist/img/farming/v2/farming_2_item_2.png,18030,third-party-license-review
server/[hex]/hex_farming/dist/img/farming/v2/farming_3_item_3.png,_REVIEW_THIRD_PARTY/hex/hex_farming/dist/img/farming/v2/farming_3_item_3.png,22533,third-party-license-review
server/[hex]/hex_farming/dist/img/farming/v2/farming_2_item_4.png,_REVIEW_THIRD_PARTY/hex/hex_farming/dist/img/farming/v2/farming_2_item_4.png,17477,third-party-license-review
server/[hex]/hex_farming/dist/img/farming/v2/frame_5_bg.png,_REVIEW_THIRD_PARTY/hex/hex_farming/dist/img/farming/v2/frame_5_bg.png,40388,third-party-license-review
server/[hex]/hex_farming/dist/img/farming/v2/farming.png,_REVIEW_THIRD_PARTY/hex/hex_farming/dist/img/farming/v2/farming.png,9536,third-party-license-review
server/[hex]/hex_farming/dist/img/farming/v2/wheat.png,_REVIEW_THIRD_PARTY/hex/hex_farming/dist/img/farming/v2/wheat.png,22003,third-party-license-review
server/[hex]/hex_farming/dist/img/farming/v2/onion.png,_REVIEW_THIRD_PARTY/hex/hex_farming/dist/img/farming/v2/onion.png,47559,third-party-license-review
server/[hex]/hex_farming/dist/img/farming/v2/farming_2_item_5.png,_REVIEW_THIRD_PARTY/hex/hex_farming/dist/img/farming/v2/farming_2_item_5.png,18548,third-party-license-review
server/[hex]/hex_farming/dist/img/farming/v2/farming_10_item_1.png,_REVIEW_THIRD_PARTY/hex/hex_farming/dist/img/farming/v2/farming_10_item_1.png,16837,third-party-license-review
server/[hex]/hex_farming/dist/img/farming/v2/frame_5_right_bg_1.png,_REVIEW_THIRD_PARTY/hex/hex_farming/dist/img/farming/v2/frame_5_right_bg_1.png,126587,third-party-license-review
server/[hex]/hex_farming/dist/img/farming/v2/farming_1_bottom.png,_REVIEW_THIRD_PARTY/hex/hex_farming/dist/img/farming/v2/farming_1_bottom.png,44831,third-party-license-review
server/[hex]/hex_farming/dist/img/farming/v2/carrot.png,_REVIEW_THIRD_PARTY/hex/hex_farming/dist/img/farming/v2/carrot.png,3165,third-party-license-review
server/[hex]/hex_farming/dist/img/farming/v2/farming_1_top.png,_REVIEW_THIRD_PARTY/hex/hex_farming/dist/img/farming/v2/farming_1_top.png,44846,third-party-license-review
server/[hex]/hex_farming/dist/img/farming/v2/farming_10_item_4.png,_REVIEW_THIRD_PARTY/hex/hex_farming/dist/img/farming/v2/farming_10_item_4.png,17766,third-party-license-review
server/[hex]/hex_farming/dist/img/farming/v2/farming_4_item_bg.png,_REVIEW_THIRD_PARTY/hex/hex_farming/dist/img/farming/v2/farming_4_item_bg.png,56766,third-party-license-review
server/[hex]/hex_farming/dist/img/farming/v2/salat.png,_REVIEW_THIRD_PARTY/hex/hex_farming/dist/img/farming/v2/salat.png,36011,third-party-license-review
server/[hex]/hex_farming/dist/img/farming/v2/frame_6_item.png,_REVIEW_THIRD_PARTY/hex/hex_farming/dist/img/farming/v2/frame_6_item.png,46725,third-party-license-review
server/[hex]/hex_farming/dist/img/farming/v2/farming_10_item_3.png,_REVIEW_THIRD_PARTY/hex/hex_farming/dist/img/farming/v2/farming_10_item_3.png,18794,third-party-license-review
server/[hex]/hex_farming/dist/img/farming/v2/frame_5_bg_1.png,_REVIEW_THIRD_PARTY/hex/hex_farming/dist/img/farming/v2/frame_5_bg_1.png,39875,third-party-license-review
server/[hex]/hex_farming/dist/img/farming/v2/farming_2_item_1.png,_REVIEW_THIRD_PARTY/hex/hex_farming/dist/img/farming/v2/farming_2_item_1.png,16620,third-party-license-review
server/[hex]/hex_farming/dist/img/farming/v2/fertilizer.png,_REVIEW_THIRD_PARTY/hex/hex_farming/dist/img/farming/v2/fertilizer.png,29194,third-party-license-review
server/[hex]/hex_farming/dist/img/farming/v2/meat.png,_REVIEW_THIRD_PARTY/hex/hex_farming/dist/img/farming/v2/meat.png,50085,third-party-license-review
server/[hex]/hex_farming/dist/img/farming/v2/potato.png,_REVIEW_THIRD_PARTY/hex/hex_farming/dist/img/farming/v2/potato.png,45264,third-party-license-review
server/[hex]/hex_farming/dist/img/farming/v2/frame_5_right_bg.png,_REVIEW_THIRD_PARTY/hex/hex_farming/dist/img/farming/v2/frame_5_right_bg.png,125385,third-party-license-review
server/[hex]/hex_farming/dist/img/farming/v2/farming_3_item_2.png,_REVIEW_THIRD_PARTY/hex/hex_farming/dist/img/farming/v2/farming_3_item_2.png,24477,third-party-license-review
server/[hex]/hex_farming/dist/img/farming/v2/frame_8_top_2_icon.png,_REVIEW_THIRD_PARTY/hex/hex_farming/dist/img/farming/v2/frame_8_top_2_icon.png,6604,third-party-license-review
server/[hex]/hex_farming/dist/img/farming/v1/frame-1-right-tool.png,_REVIEW_THIRD_PARTY/hex/hex_farming/dist/img/farming/v1/frame-1-right-tool.png,15428,third-party-license-review
server/[hex]/hex_farming/dist/img/farming/v1/frame-6/cow.png,_REVIEW_THIRD_PARTY/hex/hex_farming/dist/img/farming/v1/frame-6/cow.png,89173,third-party-license-review
server/[hex]/hex_farming/dist/img/farming/v1/frame-6/chicken.png,_REVIEW_THIRD_PARTY/hex/hex_farming/dist/img/farming/v1/frame-6/chicken.png,89334,third-party-license-review
server/[hex]/hex_farming/dist/img/farming/v1/frame-6/upgrade_inactive.png,_REVIEW_THIRD_PARTY/hex/hex_farming/dist/img/farming/v1/frame-6/upgrade_inactive.png,1020,third-party-license-review
server/[hex]/hex_farming/dist/img/farming/v1/frame-6/pig.png,_REVIEW_THIRD_PARTY/hex/hex_farming/dist/img/farming/v1/frame-6/pig.png,89580,third-party-license-review
server/[hex]/hex_farming/dist/img/farming/v1/frame-6/upgrade_active.png,_REVIEW_THIRD_PARTY/hex/hex_farming/dist/img/farming/v1/frame-6/upgrade_active.png,16803,third-party-license-review
server/[hex]/hex_farming/dist/img/farming/v1/bg.png,_REVIEW_THIRD_PARTY/hex/hex_farming/dist/img/farming/v1/bg.png,363355,third-party-license-review
server/[hex]/hex_farming/dist/img/farming/v1/frame-1-hero.png,_REVIEW_THIRD_PARTY/hex/hex_farming/dist/img/farming/v1/frame-1-hero.png,38025,third-party-license-review
server/[hex]/hex_farming/dist/img/farming/v1/frame-2-right-star.png,_REVIEW_THIRD_PARTY/hex/hex_farming/dist/img/farming/v1/frame-2-right-star.png,2602,third-party-license-review
server/[hex]/hex_farming/dist/img/farming/v1/frame-2-hero.png,_REVIEW_THIRD_PARTY/hex/hex_farming/dist/img/farming/v1/frame-2-hero.png,53414,third-party-license-review
server/[hex]/hex_farming/dist/img/farming/v1/frame-1-right-oat.png,_REVIEW_THIRD_PARTY/hex/hex_farming/dist/img/farming/v1/frame-1-right-oat.png,31158,third-party-license-review
server/[hex]/hex_farming/dist/img/farming/v1/frame-2-big-star-left.png,_REVIEW_THIRD_PARTY/hex/hex_farming/dist/img/farming/v1/frame-2-big-star-left.png,4097,third-party-license-review
server/[hex]/hex_farming/dist/img/farming/v1/frame-2-big-star-right.png,_REVIEW_THIRD_PARTY/hex/hex_farming/dist/img/farming/v1/frame-2-big-star-right.png,2441,third-party-license-review
server/[hex]/hex_farming/dist/img/farming/v1/frame-1-information.png,_REVIEW_THIRD_PARTY/hex/hex_farming/dist/img/farming/v1/frame-1-information.png,3986,third-party-license-review
server/[hex]/hex_farming/dist/img/farming/v1/frame-7/egg.png,_REVIEW_THIRD_PARTY/hex/hex_farming/dist/img/farming/v1/frame-7/egg.png,39596,third-party-license-review
server/[hex]/hex_farming/dist/img/farming/v1/frame-7/cucumber.png,_REVIEW_THIRD_PARTY/hex/hex_farming/dist/img/farming/v1/frame-7/cucumber.png,79109,third-party-license-review
server/[hex]/hex_farming/dist/img/farming/v1/frame-7/milk.png,_REVIEW_THIRD_PARTY/hex/hex_farming/dist/img/farming/v1/frame-7/milk.png,13761,third-party-license-review
server/[hex]/hex_farming/dist/img/farming/v1/frame-7/wheat.png,_REVIEW_THIRD_PARTY/hex/hex_farming/dist/img/farming/v1/frame-7/wheat.png,59889,third-party-license-review
server/[hex]/hex_farming/dist/img/farming/v1/frame-7/onion.png,_REVIEW_THIRD_PARTY/hex/hex_farming/dist/img/farming/v1/frame-7/onion.png,141693,third-party-license-review
server/[hex]/hex_farming/dist/img/farming/v1/frame-7/bottom_item.png,_REVIEW_THIRD_PARTY/hex/hex_farming/dist/img/farming/v1/frame-7/bottom_item.png,21139,third-party-license-review
server/[hex]/hex_farming/dist/img/farming/v1/frame-7/carrot.png,_REVIEW_THIRD_PARTY/hex/hex_farming/dist/img/farming/v1/frame-7/carrot.png,5992,third-party-license-review
server/[hex]/hex_farming/dist/img/farming/v1/frame-7/trophy.png,_REVIEW_THIRD_PARTY/hex/hex_farming/dist/img/farming/v1/frame-7/trophy.png,88940,third-party-license-review
server/[hex]/hex_farming/dist/img/farming/v1/frame-7/salat.png,_REVIEW_THIRD_PARTY/hex/hex_farming/dist/img/farming/v1/frame-7/salat.png,121600,third-party-license-review
server/[hex]/hex_farming/dist/img/farming/v1/frame-7/fertilizer.png,_REVIEW_THIRD_PARTY/hex/hex_farming/dist/img/farming/v1/frame-7/fertilizer.png,89244,third-party-license-review
server/[hex]/hex_farming/dist/img/farming/v1/frame-7/meat.png,_REVIEW_THIRD_PARTY/hex/hex_farming/dist/img/farming/v1/frame-7/meat.png,110929,third-party-license-review
server/[hex]/hex_farming/dist/img/farming/v1/frame-7/potato.png,_REVIEW_THIRD_PARTY/hex/hex_farming/dist/img/farming/v1/frame-7/potato.png,110195,third-party-license-review
server/[hex]/hex_farming/dist/img/farming/v1/frame-1-left-oat.png,_REVIEW_THIRD_PARTY/hex/hex_farming/dist/img/farming/v1/frame-1-left-oat.png,31175,third-party-license-review
server/[hex]/hex_farming/dist/img/farming/v1/frame-10/cow.png,_REVIEW_THIRD_PARTY/hex/hex_farming/dist/img/farming/v1/frame-10/cow.png,9908,third-party-license-review
server/[hex]/hex_farming/dist/img/farming/v1/frame-10/chicken.png,_REVIEW_THIRD_PARTY/hex/hex_farming/dist/img/farming/v1/frame-10/chicken.png,7810,third-party-license-review
server/[hex]/hex_farming/dist/img/farming/v1/frame-10/pig.png,_REVIEW_THIRD_PARTY/hex/hex_farming/dist/img/farming/v1/frame-10/pig.png,8063,third-party-license-review
server/[hex]/hex_farming/dist/img/farming/v1/frame-3/quest.png,_REVIEW_THIRD_PARTY/hex/hex_farming/dist/img/farming/v1/frame-3/quest.png,87527,third-party-license-review
server/[hex]/hex_farming/dist/img/farming/v1/frame-3/quit.png,_REVIEW_THIRD_PARTY/hex/hex_farming/dist/img/farming/v1/frame-3/quit.png,87477,third-party-license-review
server/[hex]/hex_farming/dist/img/farming/v1/frame-3/bg.png,_REVIEW_THIRD_PARTY/hex/hex_farming/dist/img/farming/v1/frame-3/bg.png,842074,third-party-license-review
server/[hex]/hex_farming/dist/img/farming/v1/frame-3/big_oat.png,_REVIEW_THIRD_PARTY/hex/hex_farming/dist/img/farming/v1/frame-3/big_oat.png,19449,third-party-license-review
server/[hex]/hex_farming/dist/img/farming/v1/frame-3/storage.png,_REVIEW_THIRD_PARTY/hex/hex_farming/dist/img/farming/v1/frame-3/storage.png,89900,third-party-license-review
server/[hex]/hex_farming/dist/img/farming/v1/frame-3/animals.png,_REVIEW_THIRD_PARTY/hex/hex_farming/dist/img/farming/v1/frame-3/animals.png,89290,third-party-license-review
server/[hex]/hex_farming/dist/img/farming/v1/frame-3/stars.png,_REVIEW_THIRD_PARTY/hex/hex_farming/dist/img/farming/v1/frame-3/stars.png,17540,third-party-license-review
server/[hex]/hex_farming/dist/img/farming/v1/frame-3/general.png,_REVIEW_THIRD_PARTY/hex/hex_farming/dist/img/farming/v1/frame-3/general.png,88818,third-party-license-review
server/[hex]/hex_farming/dist/img/farming/v1/frame-3/extend.png,_REVIEW_THIRD_PARTY/hex/hex_farming/dist/img/farming/v1/frame-3/extend.png,87661,third-party-license-review
server/[hex]/hex_farming/dist/img/farming/v1/frame-2-left-star.png,_REVIEW_THIRD_PARTY/hex/hex_farming/dist/img/farming/v1/frame-2-left-star.png,2594,third-party-license-review
server/[hex]/hex_farming/dist/img/farming/v1/frame-5/carrot.png,_REVIEW_THIRD_PARTY/hex/hex_farming/dist/img/farming/v1/frame-5/carrot.png,6068,third-party-license-review
server/[hex]/hex_farming/dist/img/farming/v1/frame-5/leek.png,_REVIEW_THIRD_PARTY/hex/hex_farming/dist/img/farming/v1/frame-5/leek.png,4412,third-party-license-review
server/[hex]/hex_farming/dist/img/farming/v1/frame-5/potato.png,_REVIEW_THIRD_PARTY/hex/hex_farming/dist/img/farming/v1/frame-5/potato.png,8375,third-party-license-review
server/[hex]/hex_farming/dist/img/farming/v1/frame-5/item_bg.png,_REVIEW_THIRD_PARTY/hex/hex_farming/dist/img/farming/v1/frame-5/item_bg.png,24610,third-party-license-review
server/[hex]/hex_farming/dist/img/farming/v1/frame-4/item-right-bg.png,_REVIEW_THIRD_PARTY/hex/hex_farming/dist/img/farming/v1/frame-4/item-right-bg.png,30054,third-party-license-review
server/[hex]/hex_farming/dist/img/farming/v1/frame-4/item-left-bg.png,_REVIEW_THIRD_PARTY/hex/hex_farming/dist/img/farming/v1/frame-4/item-left-bg.png,23650,third-party-license-review
server/[hex]/hex_farming/dist/img/farming/v1/frame-4/item-right-bg-active.png,_REVIEW_THIRD_PARTY/hex/hex_farming/dist/img/farming/v1/frame-4/item-right-bg-active.png,37261,third-party-license-review
server/[hex]/hex_farming/dist/img/farming/v1/frame-1-left-tool.png,_REVIEW_THIRD_PARTY/hex/hex_farming/dist/img/farming/v1/frame-1-left-tool.png,18610,third-party-license-review
server/[hex]/hex_farming/dist/img/farming/v1/frame-8/item_bg.png,_REVIEW_THIRD_PARTY/hex/hex_farming/dist/img/farming/v1/frame-8/item_bg.png,27386,third-party-license-review
server/[hex]/hex_farming/dist/img/farming/v1/item_bg.png,_REVIEW_THIRD_PARTY/hex/hex_farming/dist/img/farming/v1/item_bg.png,23476,third-party-license-review
server/[hex]/hex_farming/dist/img/xrad/cucumber.png,_REVIEW_THIRD_PARTY/hex/hex_farming/dist/img/xrad/cucumber.png,5272,third-party-license-review
server/[hex]/hex_farming/dist/img/xrad/fertiliser.png,_REVIEW_THIRD_PARTY/hex/hex_farming/dist/img/xrad/fertiliser.png,5197,third-party-license-review
server/[hex]/hex_farming/dist/img/xrad/wheat.png,_REVIEW_THIRD_PARTY/hex/hex_farming/dist/img/xrad/wheat.png,5594,third-party-license-review
server/[hex]/hex_farming/dist/img/xrad/onion.png,_REVIEW_THIRD_PARTY/hex/hex_farming/dist/img/xrad/onion.png,5851,third-party-license-review
server/[hex]/hex_farming/dist/img/xrad/harvest.png,_REVIEW_THIRD_PARTY/hex/hex_farming/dist/img/xrad/harvest.png,5121,third-party-license-review
server/[hex]/hex_farming/dist/img/xrad/carrot.png,_REVIEW_THIRD_PARTY/hex/hex_farming/dist/img/xrad/carrot.png,4997,third-party-license-review
server/[hex]/hex_farming/dist/img/xrad/salat.png,_REVIEW_THIRD_PARTY/hex/hex_farming/dist/img/xrad/salat.png,6337,third-party-license-review
server/[hex]/hex_farming/dist/img/xrad/potato.png,_REVIEW_THIRD_PARTY/hex/hex_farming/dist/img/xrad/potato.png,5659,third-party-license-review
server/[hex]/hex_3_charcreator/html/img/hair.png,_REVIEW_THIRD_PARTY/hex/hex_3_charcreator/html/img/hair.png,2463,third-party-license-review
server/[hex]/hex_3_charcreator/html/img/female.svg,_REVIEW_THIRD_PARTY/hex/hex_3_charcreator/html/img/female.svg,82943,third-party-license-review
server/[hex]/hex_3_charcreator/html/img/accessories.png,_REVIEW_THIRD_PARTY/hex/hex_3_charcreator/html/img/accessories.png,2279,third-party-license-review
server/[hex]/hex_3_charcreator/html/img/face.png,_REVIEW_THIRD_PARTY/hex/hex_3_charcreator/html/img/face.png,1720,third-party-license-review
server/[hex]/hex_3_charcreator/html/img/outfit.png,_REVIEW_THIRD_PARTY/hex/hex_3_charcreator/html/img/outfit.png,2440,third-party-license-review
server/[hex]/hex_3_charcreator/html/img/makeup.png,_REVIEW_THIRD_PARTY/hex/hex_3_charcreator/html/img/makeup.png,1763,third-party-license-review
server/[hex]/hex_3_charcreator/html/img/dna.png,_REVIEW_THIRD_PARTY/hex/hex_3_charcreator/html/img/dna.png,1953,third-party-license-review
server/[hex]/hex_3_charcreator/html/img/male.svg,_REVIEW_THIRD_PARTY/hex/hex_3_charcreator/html/img/male.svg,90094,third-party-license-review
server/[hex]/hex_3_charcreator/html/img/save.png,_REVIEW_THIRD_PARTY/hex/hex_3_charcreator/html/img/save.png,2576,third-party-license-review
server/[hex]/hex_doorcreator/dist/sounds/sound_door.mp3,_REVIEW_THIRD_PARTY/hex/hex_doorcreator/dist/sounds/sound_door.mp3,39981,third-party-license-review
server/[hex]/hex_doorcreator/dist/sounds/sound_fence.mp3,_REVIEW_THIRD_PARTY/hex/hex_doorcreator/dist/sounds/sound_fence.mp3,27630,third-party-license-review
server/[hex]/hex_doorcreator/dist/sounds/sound_security.mp3,_REVIEW_THIRD_PARTY/hex/hex_doorcreator/dist/sounds/sound_security.mp3,27630,third-party-license-review
server/[hex]/hex_doorcreator/dist/assets/bg-Cdhgw197.png,_REVIEW_THIRD_PARTY/hex/hex_doorcreator/dist/assets/bg-Cdhgw197.png,8733935,third-party-license-review
server/[hex]/hex_doorcreator/dist/css/fonts/Orbitron-Medium.ttf,_REVIEW_THIRD_PARTY/hex/hex_doorcreator/dist/css/fonts/Orbitron-Medium.ttf,24412,third-party-license-review
server/[hex]/hex_doorcreator/dist/css/fonts/Orbitron-ExtraBold.ttf,_REVIEW_THIRD_PARTY/hex/hex_doorcreator/dist/css/fonts/Orbitron-ExtraBold.ttf,24368,third-party-license-review
server/[hex]/hex_doorcreator/dist/css/fonts/Orbitron-SemiBold.ttf,_REVIEW_THIRD_PARTY/hex/hex_doorcreator/dist/css/fonts/Orbitron-SemiBold.ttf,24400,third-party-license-review
server/[hex]/hex_doorcreator/dist/css/fonts/Orbitron-Regular.ttf,_REVIEW_THIRD_PARTY/hex/hex_doorcreator/dist/css/fonts/Orbitron-Regular.ttf,24368,third-party-license-review
server/[hex]/hex_doorcreator/dist/css/fonts/Orbitron-Bold.ttf,_REVIEW_THIRD_PARTY/hex/hex_doorcreator/dist/css/fonts/Orbitron-Bold.ttf,24308,third-party-license-review
server/[hex]/hex_doorcreator/dist/css/fonts/Orbitron-Black.ttf,_REVIEW_THIRD_PARTY/hex/hex_doorcreator/dist/css/fonts/Orbitron-Black.ttf,23048,third-party-license-review
server/[hex]/hex_doorcreator/dist/css/fonts/Bender/Bender-BoldItalic.otf,_REVIEW_THIRD_PARTY/hex/hex_doorcreator/dist/css/fonts/Bender/Bender-BoldItalic.otf,49736,third-party-license-review
server/[hex]/hex_doorcreator/dist/css/fonts/Bender/Bender-Light.otf,_REVIEW_THIRD_PARTY/hex/hex_doorcreator/dist/css/fonts/Bender/Bender-Light.otf,51024,third-party-license-review
server/[hex]/hex_doorcreator/dist/css/fonts/Bender/Bender-Italic.otf,_REVIEW_THIRD_PARTY/hex/hex_doorcreator/dist/css/fonts/Bender/Bender-Italic.otf,49312,third-party-license-review
server/[hex]/hex_doorcreator/dist/css/fonts/Bender/Bender.otf,_REVIEW_THIRD_PARTY/hex/hex_doorcreator/dist/css/fonts/Bender/Bender.otf,52536,third-party-license-review
server/[hex]/hex_doorcreator/dist/css/fonts/Bender/Bender-LightItalic.otf,_REVIEW_THIRD_PARTY/hex/hex_doorcreator/dist/css/fonts/Bender/Bender-LightItalic.otf,49120,third-party-license-review
server/[hex]/hex_doorcreator/dist/css/fonts/Bender/Bender-Black.otf,_REVIEW_THIRD_PARTY/hex/hex_doorcreator/dist/css/fonts/Bender/Bender-Black.otf,54164,third-party-license-review
server/[hex]/hex_doorcreator/dist/css/fonts/Bender/Bender-BlackItalic.otf,_REVIEW_THIRD_PARTY/hex/hex_doorcreator/dist/css/fonts/Bender/Bender-BlackItalic.otf,50844,third-party-license-review
server/[hex]/hex_doorcreator/dist/css/fonts/Bender/Bender-Bold.otf,_REVIEW_THIRD_PARTY/hex/hex_doorcreator/dist/css/fonts/Bender/Bender-Bold.otf,52988,third-party-license-review
server/[hex]/hex_doorcreator/dist/css/fonts/Gilroy/Gilroy-Regular.ttf,_REVIEW_THIRD_PARTY/hex/hex_doorcreator/dist/css/fonts/Gilroy/Gilroy-Regular.ttf,145148,third-party-license-review
server/[hex]/hex_doorcreator/dist/imgs/palm.svg,_REVIEW_THIRD_PARTY/hex/hex_doorcreator/dist/imgs/palm.svg,3951,third-party-license-review
server/[hex]/hex_doorcreator/dist/imgs/palm.png,_REVIEW_THIRD_PARTY/hex/hex_doorcreator/dist/imgs/palm.png,8157,third-party-license-review
server/[hex]/hex_doorcreator/items/imgs/lockpick.png,_REVIEW_THIRD_PARTY/hex/hex_doorcreator/items/imgs/lockpick.png,115629,third-party-license-review
server/[hex]/hex_doorcreator/items/imgs/hacking_device.png,_REVIEW_THIRD_PARTY/hex/hex_doorcreator/items/imgs/hacking_device.png,244360,third-party-license-review
server/[hex]/hex_doorcreator/items/imgs/advanced_lockpick.png,_REVIEW_THIRD_PARTY/hex/hex_doorcreator/items/imgs/advanced_lockpick.png,127403,third-party-license-review
server/[hex]/vms_tuning/html/receipt.png,_REVIEW_THIRD_PARTY/hex/vms_tuning/html/receipt.png,370293,third-party-license-review
server/[hex]/vms_tuning/html/peds/s_m_o_busker_01.webp,_REVIEW_THIRD_PARTY/hex/vms_tuning/html/peds/s_m_o_busker_01.webp,3512,third-party-license-review
server/[hex]/vms_tuning/html/peds/s_m_y_strvend_01.webp,_REVIEW_THIRD_PARTY/hex/vms_tuning/html/peds/s_m_y_strvend_01.webp,3628,third-party-license-review
server/[hex]/vms_tuning/html/peds/s_m_m_trucker_01.webp,_REVIEW_THIRD_PARTY/hex/vms_tuning/html/peds/s_m_m_trucker_01.webp,3912,third-party-license-review
server/[hex]/vms_tuning/html/peds/ig_jimmyboston.webp,_REVIEW_THIRD_PARTY/hex/vms_tuning/html/peds/ig_jimmyboston.webp,3824,third-party-license-review
server/[hex]/vms_tuning/html/peds/ig_claypain.webp,_REVIEW_THIRD_PARTY/hex/vms_tuning/html/peds/ig_claypain.webp,3942,third-party-license-review
server/[hex]/vms_tuning/html/peds/ig_natalia.webp,_REVIEW_THIRD_PARTY/hex/vms_tuning/html/peds/ig_natalia.webp,3400,third-party-license-review
server/[hex]/vms_tuning/html/peds/ig_manuel.webp,_REVIEW_THIRD_PARTY/hex/vms_tuning/html/peds/ig_manuel.webp,2888,third-party-license-review
server/[hex]/vms_tuning/html/peds/ig_maude.webp,_REVIEW_THIRD_PARTY/hex/vms_tuning/html/peds/ig_maude.webp,2298,third-party-license-review
server/[hex]/vms_tuning/html/peds/ig_screen_writer.webp,_REVIEW_THIRD_PARTY/hex/vms_tuning/html/peds/ig_screen_writer.webp,2774,third-party-license-review
server/[hex]/vms_tuning/html/peds/s_m_m_lifeinvad_01.webp,_REVIEW_THIRD_PARTY/hex/vms_tuning/html/peds/s_m_m_lifeinvad_01.webp,5306,third-party-license-review
server/[hex]/vms_tuning/html/peds/ig_agent.webp,_REVIEW_THIRD_PARTY/hex/vms_tuning/html/peds/ig_agent.webp,2168,third-party-license-review
server/[hex]/vms_tuning/html/peds/ig_mrs_thornhill.webp,_REVIEW_THIRD_PARTY/hex/vms_tuning/html/peds/ig_mrs_thornhill.webp,2986,third-party-license-review
server/[hex]/vms_tuning/html/peds/ig_car3guy2.webp,_REVIEW_THIRD_PARTY/hex/vms_tuning/html/peds/ig_car3guy2.webp,2428,third-party-license-review
server/[hex]/vms_tuning/html/icons/licenseplate.webp,_REVIEW_THIRD_PARTY/hex/vms_tuning/html/icons/licenseplate.webp,3252,third-party-license-review
server/[hex]/vms_tuning/html/icons/lvl2.webp,_REVIEW_THIRD_PARTY/hex/vms_tuning/html/icons/lvl2.webp,424,third-party-license-review
server/[hex]/vms_tuning/html/icons/drift_tyres.webp,_REVIEW_THIRD_PARTY/hex/vms_tuning/html/icons/drift_tyres.webp,22066,third-party-license-review
server/[hex]/vms_tuning/html/icons/wheel_suv.webp,_REVIEW_THIRD_PARTY/hex/vms_tuning/html/icons/wheel_suv.webp,9710,third-party-license-review
server/[hex]/vms_tuning/html/icons/wheel_tuning.webp,_REVIEW_THIRD_PARTY/hex/vms_tuning/html/icons/wheel_tuning.webp,15310,third-party-license-review
server/[hex]/vms_tuning/html/icons/lvl3.webp,_REVIEW_THIRD_PARTY/hex/vms_tuning/html/icons/lvl3.webp,508,third-party-license-review
server/[hex]/vms_tuning/html/icons/other.webp,_REVIEW_THIRD_PARTY/hex/vms_tuning/html/icons/other.webp,5264,third-party-license-review
server/[hex]/vms_tuning/html/icons/aerials.webp,_REVIEW_THIRD_PARTY/hex/vms_tuning/html/icons/aerials.webp,7552,third-party-license-review
server/[hex]/vms_tuning/html/icons/front-bumper.webp,_REVIEW_THIRD_PARTY/hex/vms_tuning/html/icons/front-bumper.webp,4148,third-party-license-review
server/[hex]/vms_tuning/html/icons/windowtint.webp,_REVIEW_THIRD_PARTY/hex/vms_tuning/html/icons/windowtint.webp,5486,third-party-license-review
server/[hex]/vms_tuning/html/icons/wheel_highend.webp,_REVIEW_THIRD_PARTY/hex/vms_tuning/html/icons/wheel_highend.webp,15930,third-party-license-review
server/[hex]/vms_tuning/html/icons/visual.webp,_REVIEW_THIRD_PARTY/hex/vms_tuning/html/icons/visual.webp,6932,third-party-license-review
server/[hex]/vms_tuning/html/icons/hood.webp,_REVIEW_THIRD_PARTY/hex/vms_tuning/html/icons/hood.webp,8356,third-party-license-review
server/[hex]/vms_tuning/html/icons/lvl5.webp,_REVIEW_THIRD_PARTY/hex/vms_tuning/html/icons/lvl5.webp,368,third-party-license-review
server/[hex]/vms_tuning/html/icons/wheels_size.webp,_REVIEW_THIRD_PARTY/hex/vms_tuning/html/icons/wheels_size.webp,18416,third-party-license-review
server/[hex]/vms_tuning/html/icons/exhaust.webp,_REVIEW_THIRD_PARTY/hex/vms_tuning/html/icons/exhaust.webp,3358,third-party-license-review
server/[hex]/vms_tuning/html/icons/repair.webp,_REVIEW_THIRD_PARTY/hex/vms_tuning/html/icons/repair.webp,4844,third-party-license-review
server/[hex]/vms_tuning/html/icons/wheels.webp,_REVIEW_THIRD_PARTY/hex/vms_tuning/html/icons/wheels.webp,14448,third-party-license-review
server/[hex]/vms_tuning/html/icons/wheel_motorcycle.webp,_REVIEW_THIRD_PARTY/hex/vms_tuning/html/icons/wheel_motorcycle.webp,19316,third-party-license-review
server/[hex]/vms_tuning/html/icons/roof.webp,_REVIEW_THIRD_PARTY/hex/vms_tuning/html/icons/roof.webp,2622,third-party-license-review
server/[hex]/vms_tuning/html/icons/lvl1.webp,_REVIEW_THIRD_PARTY/hex/vms_tuning/html/icons/lvl1.webp,196,third-party-license-review
server/[hex]/vms_tuning/html/icons/turbo.webp,_REVIEW_THIRD_PARTY/hex/vms_tuning/html/icons/turbo.webp,11104,third-party-license-review
server/[hex]/vms_tuning/html/icons/body.webp,_REVIEW_THIRD_PARTY/hex/vms_tuning/html/icons/body.webp,4472,third-party-license-review
server/[hex]/vms_tuning/html/icons/wheel_sports.webp,_REVIEW_THIRD_PARTY/hex/vms_tuning/html/icons/wheel_sports.webp,12528,third-party-license-review
server/[hex]/vms_tuning/html/icons/clean.webp,_REVIEW_THIRD_PARTY/hex/vms_tuning/html/icons/clean.webp,8026,third-party-license-review
server/[hex]/vms_tuning/html/icons/speakers.webp,_REVIEW_THIRD_PARTY/hex/vms_tuning/html/icons/speakers.webp,17446,third-party-license-review
server/[hex]/vms_tuning/html/icons/wheel_muscle.webp,_REVIEW_THIRD_PARTY/hex/vms_tuning/html/icons/wheel_muscle.webp,12640,third-party-license-review
server/[hex]/vms_tuning/html/icons/lvl4.webp,_REVIEW_THIRD_PARTY/hex/vms_tuning/html/icons/lvl4.webp,184,third-party-license-review
server/[hex]/vms_tuning/html/icons/transmission.webp,_REVIEW_THIRD_PARTY/hex/vms_tuning/html/icons/transmission.webp,5342,third-party-license-review
server/[hex]/vms_tuning/html/icons/engineswap.webp,_REVIEW_THIRD_PARTY/hex/vms_tuning/html/icons/engineswap.webp,1498,third-party-license-review
server/[hex]/vms_tuning/html/icons/wheel_track.webp,_REVIEW_THIRD_PARTY/hex/vms_tuning/html/icons/wheel_track.webp,12330,third-party-license-review
server/[hex]/vms_tuning/html/icons/lightbars.webp,_REVIEW_THIRD_PARTY/hex/vms_tuning/html/icons/lightbars.webp,4528,third-party-license-review
server/[hex]/vms_tuning/html/icons/lvl0.webp,_REVIEW_THIRD_PARTY/hex/vms_tuning/html/icons/lvl0.webp,364,third-party-license-review
server/[hex]/vms_tuning/html/icons/locator.webp,_REVIEW_THIRD_PARTY/hex/vms_tuning/html/icons/locator.webp,6824,third-party-license-review
server/[hex]/vms_tuning/html/icons/left-fender.webp,_REVIEW_THIRD_PARTY/hex/vms_tuning/html/icons/left-fender.webp,5562,third-party-license-review
server/[hex]/vms_tuning/html/icons/wheel_orginals.webp,_REVIEW_THIRD_PARTY/hex/vms_tuning/html/icons/wheel_orginals.webp,17100,third-party-license-review
server/[hex]/vms_tuning/html/icons/grill.webp,_REVIEW_THIRD_PARTY/hex/vms_tuning/html/icons/grill.webp,5948,third-party-license-review
server/[hex]/vms_tuning/html/icons/wheels_stance.webp,_REVIEW_THIRD_PARTY/hex/vms_tuning/html/icons/wheels_stance.webp,29308,third-party-license-review
server/[hex]/vms_tuning/html/icons/cage.webp,_REVIEW_THIRD_PARTY/hex/vms_tuning/html/icons/cage.webp,13306,third-party-license-review
server/[hex]/vms_tuning/html/icons/wheel_smoke.webp,_REVIEW_THIRD_PARTY/hex/vms_tuning/html/icons/wheel_smoke.webp,12822,third-party-license-review
server/[hex]/vms_tuning/html/icons/engine.webp,_REVIEW_THIRD_PARTY/hex/vms_tuning/html/icons/engine.webp,2824,third-party-license-review
server/[hex]/vms_tuning/html/icons/hydrolic.webp,_REVIEW_THIRD_PARTY/hex/vms_tuning/html/icons/hydrolic.webp,5290,third-party-license-review
server/[hex]/vms_tuning/html/icons/rear-bumper.webp,_REVIEW_THIRD_PARTY/hex/vms_tuning/html/icons/rear-bumper.webp,2904,third-party-license-review
server/[hex]/vms_tuning/html/icons/wheels_width.webp,_REVIEW_THIRD_PARTY/hex/vms_tuning/html/icons/wheels_width.webp,16922,third-party-license-review
server/[hex]/vms_tuning/html/icons/paint.webp,_REVIEW_THIRD_PARTY/hex/vms_tuning/html/icons/paint.webp,3278,third-party-license-review
server/[hex]/vms_tuning/html/icons/right-fender.webp,_REVIEW_THIRD_PARTY/hex/vms_tuning/html/icons/right-fender.webp,9468,third-party-license-review
server/[hex]/vms_tuning/html/icons/extra.webp,_REVIEW_THIRD_PARTY/hex/vms_tuning/html/icons/extra.webp,7074,third-party-license-review
server/[hex]/vms_tuning/html/icons/side-skirts.webp,_REVIEW_THIRD_PARTY/hex/vms_tuning/html/icons/side-skirts.webp,5846,third-party-license-review
server/[hex]/vms_tuning/html/icons/colors-indexed.webp,_REVIEW_THIRD_PARTY/hex/vms_tuning/html/icons/colors-indexed.webp,7152,third-party-license-review
server/[hex]/vms_tuning/html/icons/inside.webp,_REVIEW_THIRD_PARTY/hex/vms_tuning/html/icons/inside.webp,5216,third-party-license-review
server/[hex]/vms_tuning/html/icons/windows.webp,_REVIEW_THIRD_PARTY/hex/vms_tuning/html/icons/windows.webp,3920,third-party-license-review
server/[hex]/vms_tuning/html/icons/wheel_street.webp,_REVIEW_THIRD_PARTY/hex/vms_tuning/html/icons/wheel_street.webp,20070,third-party-license-review
server/[hex]/vms_tuning/html/icons/wheel_lowrider.webp,_REVIEW_THIRD_PARTY/hex/vms_tuning/html/icons/wheel_lowrider.webp,18274,third-party-license-review
server/[hex]/vms_tuning/html/icons/customlicenseplate.png,_REVIEW_THIRD_PARTY/hex/vms_tuning/html/icons/customlicenseplate.png,63479,third-party-license-review
server/[hex]/vms_tuning/html/icons/mechanical.webp,_REVIEW_THIRD_PARTY/hex/vms_tuning/html/icons/mechanical.webp,9414,third-party-license-review
server/[hex]/vms_tuning/html/icons/colors-rgb.webp,_REVIEW_THIRD_PARTY/hex/vms_tuning/html/icons/colors-rgb.webp,7156,third-party-license-review
server/[hex]/vms_tuning/html/icons/armor.webp,_REVIEW_THIRD_PARTY/hex/vms_tuning/html/icons/armor.webp,2768,third-party-license-review
server/[hex]/vms_tuning/html/icons/brakes.webp,_REVIEW_THIRD_PARTY/hex/vms_tuning/html/icons/brakes.webp,9716,third-party-license-review
server/[hex]/vms_tuning/html/icons/neons.webp,_REVIEW_THIRD_PARTY/hex/vms_tuning/html/icons/neons.webp,4306,third-party-license-review
server/[hex]/vms_tuning/html/icons/lvl6.webp,_REVIEW_THIRD_PARTY/hex/vms_tuning/html/icons/lvl6.webp,442,third-party-license-review
server/[hex]/vms_tuning/html/icons/wheel_offroad.webp,_REVIEW_THIRD_PARTY/hex/vms_tuning/html/icons/wheel_offroad.webp,10270,third-party-license-review
server/[hex]/vms_tuning/html/icons/horn.webp,_REVIEW_THIRD_PARTY/hex/vms_tuning/html/icons/horn.webp,4042,third-party-license-review
server/[hex]/vms_tuning/html/icons/xenon.webp,_REVIEW_THIRD_PARTY/hex/vms_tuning/html/icons/xenon.webp,6768,third-party-license-review
server/[hex]/vms_tuning/html/icons/trunk.webp,_REVIEW_THIRD_PARTY/hex/vms_tuning/html/icons/trunk.webp,5266,third-party-license-review
server/[hex]/vms_tuning/html/icons/wheel_bespoke.webp,_REVIEW_THIRD_PARTY/hex/vms_tuning/html/icons/wheel_bespoke.webp,48598,third-party-license-review
server/[hex]/vms_tuning/html/icons/suspension.webp,_REVIEW_THIRD_PARTY/hex/vms_tuning/html/icons/suspension.webp,6086,third-party-license-review
server/[hex]/vms_tuning/html/icons/air_filter.webp,_REVIEW_THIRD_PARTY/hex/vms_tuning/html/icons/air_filter.webp,4978,third-party-license-review
server/[hex]/vms_tuning/html/icons/struts.webp,_REVIEW_THIRD_PARTY/hex/vms_tuning/html/icons/struts.webp,5456,third-party-license-review
server/[hex]/vms_tuning/html/icons/spoiler.webp,_REVIEW_THIRD_PARTY/hex/vms_tuning/html/icons/spoiler.webp,3722,third-party-license-review
server/[hex]/vms_tuning/html/icons/wrap.webp,_REVIEW_THIRD_PARTY/hex/vms_tuning/html/icons/wrap.webp,7408,third-party-license-review
server/[hex]/hex_3_confirm/html/img/infobox.svg,_REVIEW_THIRD_PARTY/hex/hex_3_confirm/html/img/infobox.svg,164461,third-party-license-review
server/[hex]/hex_3_confirm/html/img/spikebottom.svg,_REVIEW_THIRD_PARTY/hex/hex_3_confirm/html/img/spikebottom.svg,1346,third-party-license-review
server/[hex]/hex_3_confirm/html/img/item_bg.svg,_REVIEW_THIRD_PARTY/hex/hex_3_confirm/html/img/item_bg.svg,801,third-party-license-review
server/[hex]/hex_3_confirm/html/img/spiketop.svg,_REVIEW_THIRD_PARTY/hex/hex_3_confirm/html/img/spiketop.svg,1336,third-party-license-review
server/[hex]/hex_3_menu_default/html/img/left_arrow.svg,_REVIEW_THIRD_PARTY/hex/hex_3_menu_default/html/img/left_arrow.svg,181,third-party-license-review
server/[hex]/hex_3_menu_default/html/img/right_arrow.svg,_REVIEW_THIRD_PARTY/hex/hex_3_menu_default/html/img/right_arrow.svg,181,third-party-license-review
server/[hex]/averix_itemcreator/html/fonts/Nexa-Heavy.ttf,_REVIEW_THIRD_PARTY/hex/averix_itemcreator/html/fonts/Nexa-Heavy.ttf,152248,third-party-license-review
server/[hex]/averix_itemcreator/html/fonts/Gilroy-MediumItalic.ttf,_REVIEW_THIRD_PARTY/hex/averix_itemcreator/html/fonts/Gilroy-MediumItalic.ttf,88764,third-party-license-review
server/[hex]/averix_itemcreator/html/fonts/Nekst-Thin.ttf,_REVIEW_THIRD_PARTY/hex/averix_itemcreator/html/fonts/Nekst-Thin.ttf,122648,third-party-license-review
server/[hex]/averix_itemcreator/html/fonts/Nexa-ExtraLight.ttf,_REVIEW_THIRD_PARTY/hex/averix_itemcreator/html/fonts/Nexa-ExtraLight.ttf,134576,third-party-license-review
server/[hex]/averix_itemcreator/html/fonts/Gilroy-LightItalic.ttf,_REVIEW_THIRD_PARTY/hex/averix_itemcreator/html/fonts/Gilroy-LightItalic.ttf,88768,third-party-license-review
server/[hex]/averix_itemcreator/html/fonts/Gilroy-SemiboldItalic.ttf,_REVIEW_THIRD_PARTY/hex/averix_itemcreator/html/fonts/Gilroy-SemiboldItalic.ttf,86016,third-party-license-review
server/[hex]/averix_itemcreator/html/fonts/Gilroy-UltraLight.ttf,_REVIEW_THIRD_PARTY/hex/averix_itemcreator/html/fonts/Gilroy-UltraLight.ttf,85700,third-party-license-review
server/[hex]/averix_itemcreator/html/fonts/Gilroy-ThinItalic.ttf,_REVIEW_THIRD_PARTY/hex/averix_itemcreator/html/fonts/Gilroy-ThinItalic.ttf,89068,third-party-license-review
server/[hex]/averix_itemcreator/html/fonts/Gilroy-ExtraboldItalic.ttf,_REVIEW_THIRD_PARTY/hex/averix_itemcreator/html/fonts/Gilroy-ExtraboldItalic.ttf,86028,third-party-license-review
server/[hex]/averix_itemcreator/html/fonts/Gilroy-Light.ttf,_REVIEW_THIRD_PARTY/hex/averix_itemcreator/html/fonts/Gilroy-Light.ttf,84728,third-party-license-review
server/[hex]/averix_itemcreator/html/fonts/Gilroy-Heavy.ttf,_REVIEW_THIRD_PARTY/hex/averix_itemcreator/html/fonts/Gilroy-Heavy.ttf,82572,third-party-license-review
server/[hex]/averix_itemcreator/html/fonts/Nekst-Bold.ttf,_REVIEW_THIRD_PARTY/hex/averix_itemcreator/html/fonts/Nekst-Bold.ttf,154844,third-party-license-review
server/[hex]/averix_itemcreator/html/fonts/Sporty-Pro-Regular.otf,_REVIEW_THIRD_PARTY/hex/averix_itemcreator/html/fonts/Sporty-Pro-Regular.otf,139796,third-party-license-review
server/[hex]/averix_itemcreator/html/fonts/Gilroy-Black.ttf,_REVIEW_THIRD_PARTY/hex/averix_itemcreator/html/fonts/Gilroy-Black.ttf,82952,third-party-license-review
server/[hex]/averix_itemcreator/html/fonts/Gilroy-Bold.ttf,_REVIEW_THIRD_PARTY/hex/averix_itemcreator/html/fonts/Gilroy-Bold.ttf,83456,third-party-license-review
server/[hex]/averix_itemcreator/html/fonts/Nekst-Light.ttf,_REVIEW_THIRD_PARTY/hex/averix_itemcreator/html/fonts/Nekst-Light.ttf,125008,third-party-license-review
server/[hex]/averix_itemcreator/html/fonts/Nekst-Medium.ttf,_REVIEW_THIRD_PARTY/hex/averix_itemcreator/html/fonts/Nekst-Medium.ttf,126376,third-party-license-review
server/[hex]/averix_itemcreator/html/fonts/Nekst-Black.ttf,_REVIEW_THIRD_PARTY/hex/averix_itemcreator/html/fonts/Nekst-Black.ttf,131832,third-party-license-review
server/[hex]/averix_itemcreator/html/fonts/Gilroy-BoldItalic.ttf,_REVIEW_THIRD_PARTY/hex/averix_itemcreator/html/fonts/Gilroy-BoldItalic.ttf,87280,third-party-license-review
server/[hex]/averix_itemcreator/html/fonts/Gilroy-Extrabold.ttf,_REVIEW_THIRD_PARTY/hex/averix_itemcreator/html/fonts/Gilroy-Extrabold.ttf,82260,third-party-license-review
server/[hex]/averix_itemcreator/html/fonts/Gilroy-Regular.ttf,_REVIEW_THIRD_PARTY/hex/averix_itemcreator/html/fonts/Gilroy-Regular.ttf,84300,third-party-license-review
server/[hex]/averix_itemcreator/html/fonts/Gilroy-RegularItalic.ttf,_REVIEW_THIRD_PARTY/hex/averix_itemcreator/html/fonts/Gilroy-RegularItalic.ttf,88484,third-party-license-review
server/[hex]/averix_itemcreator/html/fonts/Gilroy-Semibold.ttf,_REVIEW_THIRD_PARTY/hex/averix_itemcreator/html/fonts/Gilroy-Semibold.ttf,83948,third-party-license-review
server/[hex]/averix_itemcreator/html/fonts/Gilroy-BlackItalic.ttf,_REVIEW_THIRD_PARTY/hex/averix_itemcreator/html/fonts/Gilroy-BlackItalic.ttf,86668,third-party-license-review
server/[hex]/averix_itemcreator/html/fonts/Gilroy-UltraLightItalic.ttf,_REVIEW_THIRD_PARTY/hex/averix_itemcreator/html/fonts/Gilroy-UltraLightItalic.ttf,89508,third-party-license-review
server/[hex]/averix_itemcreator/html/fonts/Nekst-SemiBold.ttf,_REVIEW_THIRD_PARTY/hex/averix_itemcreator/html/fonts/Nekst-SemiBold.ttf,133672,third-party-license-review
server/[hex]/averix_itemcreator/html/fonts/Gilroy-Medium.ttf,_REVIEW_THIRD_PARTY/hex/averix_itemcreator/html/fonts/Gilroy-Medium.ttf,84564,third-party-license-review
server/[hex]/averix_itemcreator/html/fonts/Nekst-Regular.ttf,_REVIEW_THIRD_PARTY/hex/averix_itemcreator/html/fonts/Nekst-Regular.ttf,127464,third-party-license-review
server/[hex]/averix_itemcreator/html/fonts/Gilroy-HeavyItalic.ttf,_REVIEW_THIRD_PARTY/hex/averix_itemcreator/html/fonts/Gilroy-HeavyItalic.ttf,86776,third-party-license-review
server/[hex]/averix_itemcreator/html/images/Icon.png,_REVIEW_THIRD_PARTY/hex/averix_itemcreator/html/images/Icon.png,6847,third-party-license-review
server/[hex]/averix_itemcreator/html/images/Close.png,_REVIEW_THIRD_PARTY/hex/averix_itemcreator/html/images/Close.png,411,third-party-license-review
server/[hex]/hex_4_xzmenu/dist/img/xmenu/trunk.png,_REVIEW_THIRD_PARTY/hex/hex_4_xzmenu/dist/img/xmenu/trunk.png,12264,third-party-license-review
server/[hex]/hex_4_xzmenu/dist/img/xmenu/engine.png,_REVIEW_THIRD_PARTY/hex/hex_4_xzmenu/dist/img/xmenu/engine.png,31403,third-party-license-review
server/[hex]/hex_4_xzmenu/dist/img/xmenu/search.png,_REVIEW_THIRD_PARTY/hex/hex_4_xzmenu/dist/img/xmenu/search.png,17159,third-party-license-review
server/[hex]/hex_4_xzmenu/dist/img/xmenu/radio.png,_REVIEW_THIRD_PARTY/hex/hex_4_xzmenu/dist/img/xmenu/radio.png,8583,third-party-license-review
server/[hex]/hex_4_xzmenu/dist/img/xmenu/doors.png,_REVIEW_THIRD_PARTY/hex/hex_4_xzmenu/dist/img/xmenu/doors.png,10110,third-party-license-review
server/[hex]/hex_4_xzmenu/dist/img/xmenu/cuff.png,_REVIEW_THIRD_PARTY/hex/hex_4_xzmenu/dist/img/xmenu/cuff.png,20842,third-party-license-review
server/[hex]/hex_4_xzmenu/dist/img/xmenu/key.png,_REVIEW_THIRD_PARTY/hex/hex_4_xzmenu/dist/img/xmenu/key.png,10742,third-party-license-review
server/[hex]/hex_4_xzmenu/dist/img/xmenu/api.png,_REVIEW_THIRD_PARTY/hex/hex_4_xzmenu/dist/img/xmenu/api.png,58670,third-party-license-review
server/[hex]/hex_4_xzmenu/dist/img/noemote.png,_REVIEW_THIRD_PARTY/hex/hex_4_xzmenu/dist/img/noemote.png,6397,third-party-license-review
server/[hex]/hex_4_xzmenu/dist/img/edit.png,_REVIEW_THIRD_PARTY/hex/hex_4_xzmenu/dist/img/edit.png,364,third-party-license-review
server/[hex]/hex_4_xzmenu/dist/img/zmenu/sitchair2.png,_REVIEW_THIRD_PARTY/hex/hex_4_xzmenu/dist/img/zmenu/sitchair2.png,4700,third-party-license-review
server/[hex]/hex_4_xzmenu/dist/img/zmenu/lean4.png,_REVIEW_THIRD_PARTY/hex/hex_4_xzmenu/dist/img/zmenu/lean4.png,3673,third-party-license-review
server/[hex]/hex_4_xzmenu/dist/img/zmenu/surrender.png,_REVIEW_THIRD_PARTY/hex/hex_4_xzmenu/dist/img/zmenu/surrender.png,3220,third-party-license-review
server/[hex]/hex_4_xzmenu/dist/img/zmenu/cop2.png,_REVIEW_THIRD_PARTY/hex/hex_4_xzmenu/dist/img/zmenu/cop2.png,4020,third-party-license-review
server/[hex]/hex_4_xzmenu/dist/img/zmenu/finger.png,_REVIEW_THIRD_PARTY/hex/hex_4_xzmenu/dist/img/zmenu/finger.png,3615,third-party-license-review
server/[hex]/hex_4_xzmenu/dist/img/zmenu/bro.png,_REVIEW_THIRD_PARTY/hex/hex_4_xzmenu/dist/img/zmenu/bro.png,4730,third-party-license-review
server/[hex]/hex_4_xzmenu/dist/img/zmenu/sunbathe.png,_REVIEW_THIRD_PARTY/hex/hex_4_xzmenu/dist/img/zmenu/sunbathe.png,5833,third-party-license-review
server/[hex]/hex_4_xzmenu/dist/img/zmenu/sit.png,_REVIEW_THIRD_PARTY/hex/hex_4_xzmenu/dist/img/zmenu/sit.png,4173,third-party-license-review
server/[hex]/hex_4_xzmenu/dist/img/reset.png,_REVIEW_THIRD_PARTY/hex/hex_4_xzmenu/dist/img/reset.png,392,third-party-license-review
server/[hex]/hex_3_fuel/html/img/fuelcan.svg,_REVIEW_THIRD_PARTY/hex/hex_3_fuel/html/img/fuelcan.svg,310039,third-party-license-review
server/[hex]/hex_3_fuel/html/img/money.svg,_REVIEW_THIRD_PARTY/hex/hex_3_fuel/html/img/money.svg,89050,third-party-license-review
server/[hex]/hex_3_fuel/html/img/money_2.svg,_REVIEW_THIRD_PARTY/hex/hex_3_fuel/html/img/money_2.svg,89040,third-party-license-review
server/[hex]/hex_3_fuel/html/img/bg_sphere.svg,_REVIEW_THIRD_PARTY/hex/hex_3_fuel/html/img/bg_sphere.svg,814,third-party-license-review
server/[hex]/hex_3_fuel/html/img/graph.svg,_REVIEW_THIRD_PARTY/hex/hex_3_fuel/html/img/graph.svg,1562,third-party-license-review
server/[hex]/hex_3_fuel/html/img/navigation.svg,_REVIEW_THIRD_PARTY/hex/hex_3_fuel/html/img/navigation.svg,134700,third-party-license-review
server/[hex]/hex_3_fuel/html/img/fuelimg.svg,_REVIEW_THIRD_PARTY/hex/hex_3_fuel/html/img/fuelimg.svg,1026346,third-party-license-review
server/[hex]/hex_3_barber/html/img/itemtopbg.svg,_REVIEW_THIRD_PARTY/hex/hex_3_barber/html/img/itemtopbg.svg,778,third-party-license-review
server/[hex]/hex_3_barber/html/img/bg.svg,_REVIEW_THIRD_PARTY/hex/hex_3_barber/html/img/bg.svg,1839,third-party-license-review
server/[hex]/hex_3_barber/html/img/checkout-outline.svg,_REVIEW_THIRD_PARTY/hex/hex_3_barber/html/img/checkout-outline.svg,925,third-party-license-review
server/[hex]/hex_3_barber/html/img/checkout.svg,_REVIEW_THIRD_PARTY/hex/hex_3_barber/html/img/checkout.svg,195602,third-party-license-review
server/[timeline]/hex_4_inventory/dist/sounds/click.wav,_REVIEW_THIRD_PARTY/timeline/hex_4_inventory/dist/sounds/click.wav,88930,third-party-license-review
server/[timeline]/hex_4_inventory/dist/sounds/move.wav,_REVIEW_THIRD_PARTY/timeline/hex_4_inventory/dist/sounds/move.wav,200748,third-party-license-review
server/[timeline]/hex_4_inventory/dist/img/loader.svg,_REVIEW_THIRD_PARTY/timeline/hex_4_inventory/dist/img/loader.svg,1460,third-party-license-review
server/[timeline]/hex_4_inventory/dist/img/icons/WEAPON_HEAVYSHOTGUN.png,_REVIEW_THIRD_PARTY/timeline/hex_4_inventory/dist/img/icons/WEAPON_HEAVYSHOTGUN.png,36911,third-party-license-review
server/[timeline]/hex_4_inventory/dist/img/icons/WEAPON_BOTTLE.png,_REVIEW_THIRD_PARTY/timeline/hex_4_inventory/dist/img/icons/WEAPON_BOTTLE.png,37825,third-party-license-review
server/[timeline]/hex_4_inventory/dist/img/icons/fabric.png,_REVIEW_THIRD_PARTY/timeline/hex_4_inventory/dist/img/icons/fabric.png,146217,third-party-license-review
server/[timeline]/hex_4_inventory/dist/img/icons/WEAPON_BULLPUPRIFLE_MK2.png,_REVIEW_THIRD_PARTY/timeline/hex_4_inventory/dist/img/icons/WEAPON_BULLPUPRIFLE_MK2.png,52894,third-party-license-review
server/[timeline]/hex_4_inventory/dist/img/icons/WEAPON_VINTAGEPISTOL.png,_REVIEW_THIRD_PARTY/timeline/hex_4_inventory/dist/img/icons/WEAPON_VINTAGEPISTOL.png,72501,third-party-license-review
server/[timeline]/hex_4_inventory/dist/img/icons/packaged_chicken.png,_REVIEW_THIRD_PARTY/timeline/hex_4_inventory/dist/img/icons/packaged_chicken.png,130484,third-party-license-review
server/[timeline]/hex_4_inventory/dist/img/icons/petrol.png,_REVIEW_THIRD_PARTY/timeline/hex_4_inventory/dist/img/icons/petrol.png,133933,third-party-license-review
server/[timeline]/hex_4_inventory/dist/img/icons/diamond.png,_REVIEW_THIRD_PARTY/timeline/hex_4_inventory/dist/img/icons/diamond.png,128632,third-party-license-review
server/[timeline]/hex_4_inventory/dist/img/icons/WEAPON_PISTOL.png,_REVIEW_THIRD_PARTY/timeline/hex_4_inventory/dist/img/icons/WEAPON_PISTOL.png,19921,third-party-license-review
server/[timeline]/hex_4_inventory/dist/img/icons/WEAPON_CARBINERIFLE_MK2.png,_REVIEW_THIRD_PARTY/timeline/hex_4_inventory/dist/img/icons/WEAPON_CARBINERIFLE_MK2.png,41415,third-party-license-review
server/[timeline]/hex_4_inventory/dist/img/icons/WEAPON_SPECIALCARBINE_MK2.png,_REVIEW_THIRD_PARTY/timeline/hex_4_inventory/dist/img/icons/WEAPON_SPECIALCARBINE_MK2.png,51816,third-party-license-review
server/[timeline]/hex_4_inventory/dist/img/icons/WEAPON_APPISTOL.png,_REVIEW_THIRD_PARTY/timeline/hex_4_inventory/dist/img/icons/WEAPON_APPISTOL.png,16582,third-party-license-review
server/[timeline]/hex_4_inventory/dist/img/icons/fixtool.png,_REVIEW_THIRD_PARTY/timeline/hex_4_inventory/dist/img/icons/fixtool.png,336953,third-party-license-review
server/[timeline]/hex_4_inventory/dist/img/icons/WEAPON_WRENCH.png,_REVIEW_THIRD_PARTY/timeline/hex_4_inventory/dist/img/icons/WEAPON_WRENCH.png,60321,third-party-license-review
server/[timeline]/hex_4_inventory/dist/img/icons/wood.png,_REVIEW_THIRD_PARTY/timeline/hex_4_inventory/dist/img/icons/wood.png,120103,third-party-license-review
server/[timeline]/hex_4_inventory/dist/img/icons/slaughtered_chicken.png,_REVIEW_THIRD_PARTY/timeline/hex_4_inventory/dist/img/icons/slaughtered_chicken.png,299022,third-party-license-review
server/[timeline]/hex_4_inventory/dist/img/icons/carokit.png,_REVIEW_THIRD_PARTY/timeline/hex_4_inventory/dist/img/icons/carokit.png,169719,third-party-license-review
server/[timeline]/hex_4_inventory/dist/img/icons/WEAPON_PISTOL_MK2.png,_REVIEW_THIRD_PARTY/timeline/hex_4_inventory/dist/img/icons/WEAPON_PISTOL_MK2.png,28724,third-party-license-review
server/[timeline]/hex_4_inventory/dist/img/icons/WEAPON_MUSKET.png,_REVIEW_THIRD_PARTY/timeline/hex_4_inventory/dist/img/icons/WEAPON_MUSKET.png,34777,third-party-license-review
server/[timeline]/hex_4_inventory/dist/img/icons/fixkit.png,_REVIEW_THIRD_PARTY/timeline/hex_4_inventory/dist/img/icons/fixkit.png,182601,third-party-license-review
server/[timeline]/hex_4_inventory/dist/img/icons/carotool.png,_REVIEW_THIRD_PARTY/timeline/hex_4_inventory/dist/img/icons/carotool.png,234247,third-party-license-review
server/[timeline]/hex_4_inventory/dist/img/icons/WEAPON_GOLFCLUB.png,_REVIEW_THIRD_PARTY/timeline/hex_4_inventory/dist/img/icons/WEAPON_GOLFCLUB.png,14466,third-party-license-review
server/[timeline]/hex_4_inventory/dist/img/icons/WEAPON_PUMPSHOTGUN_MK2.png,_REVIEW_THIRD_PARTY/timeline/hex_4_inventory/dist/img/icons/WEAPON_PUMPSHOTGUN_MK2.png,40142,third-party-license-review
server/[timeline]/hex_4_inventory/dist/img/icons/WEAPON_MACHINEPISTOL.png,_REVIEW_THIRD_PARTY/timeline/hex_4_inventory/dist/img/icons/WEAPON_MACHINEPISTOL.png,64518,third-party-license-review
server/[timeline]/hex_4_inventory/dist/img/icons/cutted_wood.png,_REVIEW_THIRD_PARTY/timeline/hex_4_inventory/dist/img/icons/cutted_wood.png,182764,third-party-license-review
server/[timeline]/hex_4_inventory/dist/img/icons/WEAPON_ADVANCEDRIFLE.png,_REVIEW_THIRD_PARTY/timeline/hex_4_inventory/dist/img/icons/WEAPON_ADVANCEDRIFLE.png,99469,third-party-license-review
server/[timeline]/hex_4_inventory/dist/img/icons/copper.png,_REVIEW_THIRD_PARTY/timeline/hex_4_inventory/dist/img/icons/copper.png,172168,third-party-license-review
server/[timeline]/hex_4_inventory/dist/img/icons/WEAPON_DBSHOTGUN.png,_REVIEW_THIRD_PARTY/timeline/hex_4_inventory/dist/img/icons/WEAPON_DBSHOTGUN.png,68593,third-party-license-review
server/[timeline]/hex_4_inventory/dist/img/icons/WEAPON_COMBATPDW.png,_REVIEW_THIRD_PARTY/timeline/hex_4_inventory/dist/img/icons/WEAPON_COMBATPDW.png,58536,third-party-license-review
server/[timeline]/hex_4_inventory/dist/img/icons/WEAPON_REVOLVER.png,_REVIEW_THIRD_PARTY/timeline/hex_4_inventory/dist/img/icons/WEAPON_REVOLVER.png,41745,third-party-license-review
server/[timeline]/hex_4_inventory/dist/img/icons/WEAPON_HAMMER.png,_REVIEW_THIRD_PARTY/timeline/hex_4_inventory/dist/img/icons/WEAPON_HAMMER.png,8789,third-party-license-review
server/[timeline]/hex_4_inventory/dist/img/icons/alive_chicken.png,_REVIEW_THIRD_PARTY/timeline/hex_4_inventory/dist/img/icons/alive_chicken.png,157597,third-party-license-review
server/[timeline]/hex_4_inventory/dist/img/icons/WEAPON_REVOLVER_MK2.png,_REVIEW_THIRD_PARTY/timeline/hex_4_inventory/dist/img/icons/WEAPON_REVOLVER_MK2.png,40240,third-party-license-review
server/[timeline]/hex_4_inventory/dist/img/icons/wool.png,_REVIEW_THIRD_PARTY/timeline/hex_4_inventory/dist/img/icons/wool.png,139682,third-party-license-review
server/[timeline]/hex_4_inventory/dist/img/icons/WEAPON_KNIFE.png,_REVIEW_THIRD_PARTY/timeline/hex_4_inventory/dist/img/icons/WEAPON_KNIFE.png,42296,third-party-license-review
server/[timeline]/hex_4_inventory/dist/img/icons/WEAPON_SNSPISTOL_MK2.png,_REVIEW_THIRD_PARTY/timeline/hex_4_inventory/dist/img/icons/WEAPON_SNSPISTOL_MK2.png,24295,third-party-license-review
server/[timeline]/hex_4_inventory/dist/img/icons/WEAPON_FLASHLIGHT.png,_REVIEW_THIRD_PARTY/timeline/hex_4_inventory/dist/img/icons/WEAPON_FLASHLIGHT.png,61496,third-party-license-review
server/[timeline]/hex_4_inventory/dist/img/icons/WEAPON_RAILGUN.png,_REVIEW_THIRD_PARTY/timeline/hex_4_inventory/dist/img/icons/WEAPON_RAILGUN.png,79702,third-party-license-review
server/[timeline]/hex_4_inventory/dist/img/icons/essence.png,_REVIEW_THIRD_PARTY/timeline/hex_4_inventory/dist/img/icons/essence.png,88143,third-party-license-review
server/[timeline]/hex_4_inventory/dist/img/icons/WEAPON_GUSENBERG.png,_REVIEW_THIRD_PARTY/timeline/hex_4_inventory/dist/img/icons/WEAPON_GUSENBERG.png,59274,third-party-license-review
server/[timeline]/hex_4_inventory/dist/img/icons/fish.png,_REVIEW_THIRD_PARTY/timeline/hex_4_inventory/dist/img/icons/fish.png,73020,third-party-license-review
server/[timeline]/hex_4_inventory/dist/img/icons/WEAPON_EMPLAUNCHER.png,_REVIEW_THIRD_PARTY/timeline/hex_4_inventory/dist/img/icons/WEAPON_EMPLAUNCHER.png,87285,third-party-license-review
server/[timeline]/hex_4_inventory/dist/img/icons/WEAPON_PISTOLXM3.png,_REVIEW_THIRD_PARTY/timeline/hex_4_inventory/dist/img/icons/WEAPON_PISTOLXM3.png,54378,third-party-license-review
server/[timeline]/hex_4_inventory/dist/img/icons/radio.png,_REVIEW_THIRD_PARTY/timeline/hex_4_inventory/dist/img/icons/radio.png,115367,third-party-license-review
server/[timeline]/hex_4_inventory/dist/img/icons/WEAPON_COMBATPISTOL.png,_REVIEW_THIRD_PARTY/timeline/hex_4_inventory/dist/img/icons/WEAPON_COMBATPISTOL.png,17362,third-party-license-review
server/[timeline]/hex_4_inventory/dist/img/icons/WEAPON_RAYCARBINE.png,_REVIEW_THIRD_PARTY/timeline/hex_4_inventory/dist/img/icons/WEAPON_RAYCARBINE.png,109098,third-party-license-review
server/[timeline]/hex_4_inventory/dist/img/icons/WEAPON_PROXMINE.png,_REVIEW_THIRD_PARTY/timeline/hex_4_inventory/dist/img/icons/WEAPON_PROXMINE.png,74411,third-party-license-review
server/[timeline]/hex_4_inventory/dist/img/icons/WEAPON_DOUBLEACTION.png,_REVIEW_THIRD_PARTY/timeline/hex_4_inventory/dist/img/icons/WEAPON_DOUBLEACTION.png,71442,third-party-license-review
server/[timeline]/hex_4_inventory/dist/img/icons/WEAPON_HOMINGLAUNCHER.png,_REVIEW_THIRD_PARTY/timeline/hex_4_inventory/dist/img/icons/WEAPON_HOMINGLAUNCHER.png,40525,third-party-license-review
server/[timeline]/hex_4_inventory/dist/img/icons/medikit.png,_REVIEW_THIRD_PARTY/timeline/hex_4_inventory/dist/img/icons/medikit.png,138926,third-party-license-review
server/[timeline]/hex_4_inventory/dist/img/icons/water.png,_REVIEW_THIRD_PARTY/timeline/hex_4_inventory/dist/img/icons/water.png,109536,third-party-license-review
server/[timeline]/hex_4_inventory/dist/img/icons/WEAPON_SMG_MK2.png,_REVIEW_THIRD_PARTY/timeline/hex_4_inventory/dist/img/icons/WEAPON_SMG_MK2.png,35265,third-party-license-review
server/[timeline]/hex_4_inventory/dist/img/icons/WEAPON_HATCHET.png,_REVIEW_THIRD_PARTY/timeline/hex_4_inventory/dist/img/icons/WEAPON_HATCHET.png,53875,third-party-license-review
server/[timeline]/hex_4_inventory/dist/img/icons/WEAPON_CERAMICPISTOL.png,_REVIEW_THIRD_PARTY/timeline/hex_4_inventory/dist/img/icons/WEAPON_CERAMICPISTOL.png,45243,third-party-license-review
server/[timeline]/hex_4_inventory/dist/img/icons/WEAPON_PIPEBOMB.png,_REVIEW_THIRD_PARTY/timeline/hex_4_inventory/dist/img/icons/WEAPON_PIPEBOMB.png,129503,third-party-license-review
server/[timeline]/hex_4_inventory/dist/img/icons/WEAPON_FLAREGUN.png,_REVIEW_THIRD_PARTY/timeline/hex_4_inventory/dist/img/icons/WEAPON_FLAREGUN.png,105032,third-party-license-review
server/[timeline]/hex_4_inventory/dist/img/icons/WEAPON_TACTICALRIFLE.png,_REVIEW_THIRD_PARTY/timeline/hex_4_inventory/dist/img/icons/WEAPON_TACTICALRIFLE.png,48614,third-party-license-review
server/[timeline]/hex_4_inventory/dist/img/icons/WEAPON_NIGHTSTICK.png,_REVIEW_THIRD_PARTY/timeline/hex_4_inventory/dist/img/icons/WEAPON_NIGHTSTICK.png,33815,third-party-license-review
server/[timeline]/hex_4_inventory/dist/img/icons/WEAPON_FIREWORK.png,_REVIEW_THIRD_PARTY/timeline/hex_4_inventory/dist/img/icons/WEAPON_FIREWORK.png,52300,third-party-license-review
server/[timeline]/hex_4_inventory/dist/img/icons/WEAPON_HEAVYSNIPER_MK2.png,_REVIEW_THIRD_PARTY/timeline/hex_4_inventory/dist/img/icons/WEAPON_HEAVYSNIPER_MK2.png,42602,third-party-license-review
server/[timeline]/hex_4_inventory/dist/img/icons/WEAPON_PETROLCAN.png,_REVIEW_THIRD_PARTY/timeline/hex_4_inventory/dist/img/icons/WEAPON_PETROLCAN.png,9954,third-party-license-review
server/[timeline]/hex_4_inventory/dist/img/icons/WEAPON_HEAVYPISTOL.png,_REVIEW_THIRD_PARTY/timeline/hex_4_inventory/dist/img/icons/WEAPON_HEAVYPISTOL.png,15801,third-party-license-review
server/[timeline]/hex_4_inventory/dist/img/icons/cannabis.png,_REVIEW_THIRD_PARTY/timeline/hex_4_inventory/dist/img/icons/cannabis.png,215379,third-party-license-review
server/[timeline]/hex_4_inventory/dist/img/icons/WEAPON_GRENADELAUNCHER.png,_REVIEW_THIRD_PARTY/timeline/hex_4_inventory/dist/img/icons/WEAPON_GRENADELAUNCHER.png,64802,third-party-license-review
server/[timeline]/hex_4_inventory/dist/img/icons/washed_stone.png,_REVIEW_THIRD_PARTY/timeline/hex_4_inventory/dist/img/icons/washed_stone.png,197666,third-party-license-review
server/[timeline]/hex_4_inventory/dist/img/icons/WEAPON_HEAVYRIFLE.png,_REVIEW_THIRD_PARTY/timeline/hex_4_inventory/dist/img/icons/WEAPON_HEAVYRIFLE.png,55151,third-party-license-review
server/[timeline]/hex_4_inventory/dist/img/icons/WEAPON_MARKSMANPISTOL.png,_REVIEW_THIRD_PARTY/timeline/hex_4_inventory/dist/img/icons/WEAPON_MARKSMANPISTOL.png,68041,third-party-license-review
server/[timeline]/hex_4_inventory/dist/img/icons/WEAPON_DAGGER.png,_REVIEW_THIRD_PARTY/timeline/hex_4_inventory/dist/img/icons/WEAPON_DAGGER.png,64081,third-party-license-review
server/[timeline]/hex_4_inventory/dist/img/icons/WEAPON_COMBATMG.png,_REVIEW_THIRD_PARTY/timeline/hex_4_inventory/dist/img/icons/WEAPON_COMBATMG.png,49654,third-party-license-review
server/[timeline]/hex_4_inventory/dist/img/icons/WEAPON_SAWNOFFSHOTGUN.png,_REVIEW_THIRD_PARTY/timeline/hex_4_inventory/dist/img/icons/WEAPON_SAWNOFFSHOTGUN.png,56418,third-party-license-review
server/[timeline]/hex_4_inventory/dist/img/icons/WEAPON_FLARE.png,_REVIEW_THIRD_PARTY/timeline/hex_4_inventory/dist/img/icons/WEAPON_FLARE.png,14615,third-party-license-review
server/[timeline]/hex_4_inventory/dist/img/icons/WEAPON_CANDYCANE.png,_REVIEW_THIRD_PARTY/timeline/hex_4_inventory/dist/img/icons/WEAPON_CANDYCANE.png,15969,third-party-license-review
server/[timeline]/hex_4_inventory/dist/img/icons/gold.png,_REVIEW_THIRD_PARTY/timeline/hex_4_inventory/dist/img/icons/gold.png,103175,third-party-license-review
server/[timeline]/hex_4_inventory/dist/img/icons/WEAPON_SMOKEGRENADE.png,_REVIEW_THIRD_PARTY/timeline/hex_4_inventory/dist/img/icons/WEAPON_SMOKEGRENADE.png,48897,third-party-license-review
server/[timeline]/hex_4_inventory/dist/img/icons/WEAPON_MICROSMG.png,_REVIEW_THIRD_PARTY/timeline/hex_4_inventory/dist/img/icons/WEAPON_MICROSMG.png,20690,third-party-license-review
server/[timeline]/hex_4_inventory/dist/img/icons/WEAPON_ASSAULTSMG.png,_REVIEW_THIRD_PARTY/timeline/hex_4_inventory/dist/img/icons/WEAPON_ASSAULTSMG.png,29870,third-party-license-review
server/[timeline]/hex_4_inventory/dist/img/icons/WEAPON_STONE_HATCHET.png,_REVIEW_THIRD_PARTY/timeline/hex_4_inventory/dist/img/icons/WEAPON_STONE_HATCHET.png,70579,third-party-license-review
server/[timeline]/hex_4_inventory/dist/img/icons/WEAPON_BATTLEAXE.png,_REVIEW_THIRD_PARTY/timeline/hex_4_inventory/dist/img/icons/WEAPON_BATTLEAXE.png,57751,third-party-license-review
server/[timeline]/hex_4_inventory/dist/img/icons/WEAPON_CROWBAR.png,_REVIEW_THIRD_PARTY/timeline/hex_4_inventory/dist/img/icons/WEAPON_CROWBAR.png,28748,third-party-license-review
server/[timeline]/hex_4_inventory/dist/img/icons/WEAPON_TECPISTOL.png,_REVIEW_THIRD_PARTY/timeline/hex_4_inventory/dist/img/icons/WEAPON_TECPISTOL.png,43571,third-party-license-review
server/[timeline]/hex_4_inventory/dist/img/icons/petrol_raffin.png,_REVIEW_THIRD_PARTY/timeline/hex_4_inventory/dist/img/icons/petrol_raffin.png,151130,third-party-license-review
server/[timeline]/hex_4_inventory/dist/img/icons/WEAPON_MOLOTOV.png,_REVIEW_THIRD_PARTY/timeline/hex_4_inventory/dist/img/icons/WEAPON_MOLOTOV.png,67110,third-party-license-review
server/[timeline]/hex_4_inventory/dist/img/icons/WEAPON_BULLPUPRIFLE.png,_REVIEW_THIRD_PARTY/timeline/hex_4_inventory/dist/img/icons/WEAPON_BULLPUPRIFLE.png,29174,third-party-license-review
server/[timeline]/hex_4_inventory/dist/img/icons/WEAPON_COMPACTRIFLE.png,_REVIEW_THIRD_PARTY/timeline/hex_4_inventory/dist/img/icons/WEAPON_COMPACTRIFLE.png,41388,third-party-license-review
server/[timeline]/hex_4_inventory/dist/img/icons/WEAPON_RAYPISTOL.png,_REVIEW_THIRD_PARTY/timeline/hex_4_inventory/dist/img/icons/WEAPON_RAYPISTOL.png,54926,third-party-license-review
server/[timeline]/hex_4_inventory/dist/img/icons/money.png,_REVIEW_THIRD_PARTY/timeline/hex_4_inventory/dist/img/icons/money.png,236972,third-party-license-review
server/[timeline]/hex_4_inventory/dist/img/icons/stone.png,_REVIEW_THIRD_PARTY/timeline/hex_4_inventory/dist/img/icons/stone.png,191632,third-party-license-review
server/[timeline]/hex_4_inventory/dist/img/icons/WEAPON_STUNGUN.png,_REVIEW_THIRD_PARTY/timeline/hex_4_inventory/dist/img/icons/WEAPON_STUNGUN.png,64703,third-party-license-review
server/[timeline]/hex_4_inventory/dist/img/icons/clothe.png,_REVIEW_THIRD_PARTY/timeline/hex_4_inventory/dist/img/icons/clothe.png,157649,third-party-license-review
server/[timeline]/hex_4_inventory/dist/img/icons/WEAPON_SMG.png,_REVIEW_THIRD_PARTY/timeline/hex_4_inventory/dist/img/icons/WEAPON_SMG.png,45116,third-party-license-review
server/[timeline]/hex_4_inventory/dist/img/icons/WEAPON_ASSAULTRIFLE_MK2.png,_REVIEW_THIRD_PARTY/timeline/hex_4_inventory/dist/img/icons/WEAPON_ASSAULTRIFLE_MK2.png,40919,third-party-license-review
server/[timeline]/hex_4_inventory/dist/img/icons/bread.png,_REVIEW_THIRD_PARTY/timeline/hex_4_inventory/dist/img/icons/bread.png,171941,third-party-license-review
server/[timeline]/hex_4_inventory/dist/img/icons/blowpipe.png,_REVIEW_THIRD_PARTY/timeline/hex_4_inventory/dist/img/icons/blowpipe.png,92551,third-party-license-review
server/[timeline]/hex_4_inventory/dist/img/icons/WEAPON_RPG.png,_REVIEW_THIRD_PARTY/timeline/hex_4_inventory/dist/img/icons/WEAPON_RPG.png,28924,third-party-license-review
server/[timeline]/hex_4_inventory/dist/img/icons/WEAPON_RAYMINIGUN.png,_REVIEW_THIRD_PARTY/timeline/hex_4_inventory/dist/img/icons/WEAPON_RAYMINIGUN.png,81363,third-party-license-review
server/[timeline]/hex_4_inventory/dist/img/icons/marijuana.png,_REVIEW_THIRD_PARTY/timeline/hex_4_inventory/dist/img/icons/marijuana.png,151337,third-party-license-review
server/[timeline]/hex_4_inventory/dist/img/icons/WEAPON_COMBATSHOTGUN.png,_REVIEW_THIRD_PARTY/timeline/hex_4_inventory/dist/img/icons/WEAPON_COMBATSHOTGUN.png,38174,third-party-license-review
server/[timeline]/hex_4_inventory/dist/img/icons/WEAPON_GADGETPISTOL.png,_REVIEW_THIRD_PARTY/timeline/hex_4_inventory/dist/img/icons/WEAPON_GADGETPISTOL.png,94224,third-party-license-review
server/[timeline]/hex_4_inventory/dist/img/icons/WEAPON_COMPACTLAUNCHER.png,_REVIEW_THIRD_PARTY/timeline/hex_4_inventory/dist/img/icons/WEAPON_COMPACTLAUNCHER.png,76391,third-party-license-review
server/[timeline]/hex_4_inventory/dist/img/icons/black_money.png,_REVIEW_THIRD_PARTY/timeline/hex_4_inventory/dist/img/icons/black_money.png,296367,third-party-license-review
server/[timeline]/hex_4_inventory/dist/img/icons/WEAPON_POOLCUE.png,_REVIEW_THIRD_PARTY/timeline/hex_4_inventory/dist/img/icons/WEAPON_POOLCUE.png,28984,third-party-license-review
server/[timeline]/hex_4_inventory/dist/img/icons/WEAPON_PRECISIONRIFLE.png,_REVIEW_THIRD_PARTY/timeline/hex_4_inventory/dist/img/icons/WEAPON_PRECISIONRIFLE.png,43735,third-party-license-review
server/[timeline]/hex_4_inventory/dist/img/icons/WEAPON_SNSPISTOL.png,_REVIEW_THIRD_PARTY/timeline/hex_4_inventory/dist/img/icons/WEAPON_SNSPISTOL.png,17341,third-party-license-review
server/[timeline]/hex_4_inventory/dist/img/icons/WEAPON_GRENADE.png,_REVIEW_THIRD_PARTY/timeline/hex_4_inventory/dist/img/icons/WEAPON_GRENADE.png,24515,third-party-license-review
server/[timeline]/hex_4_inventory/dist/img/icons/WEAPON_BALL.png,_REVIEW_THIRD_PARTY/timeline/hex_4_inventory/dist/img/icons/WEAPON_BALL.png,50817,third-party-license-review
server/[timeline]/hex_4_inventory/dist/img/icons/WEAPON_SWITCHBLADE.png,_REVIEW_THIRD_PARTY/timeline/hex_4_inventory/dist/img/icons/WEAPON_SWITCHBLADE.png,32095,third-party-license-review
server/[timeline]/hex_4_inventory/dist/img/icons/WEAPON_PISTOL50.png,_REVIEW_THIRD_PARTY/timeline/hex_4_inventory/dist/img/icons/WEAPON_PISTOL50.png,16515,third-party-license-review
server/[timeline]/hex_4_inventory/dist/img/icons/WEAPON_MILITARYRIFLE.png,_REVIEW_THIRD_PARTY/timeline/hex_4_inventory/dist/img/icons/WEAPON_MILITARYRIFLE.png,55030,third-party-license-review
server/[timeline]/hex_4_inventory/dist/img/icons/WEAPON_MG.png,_REVIEW_THIRD_PARTY/timeline/hex_4_inventory/dist/img/icons/WEAPON_MG.png,38836,third-party-license-review
server/[timeline]/hex_4_inventory/dist/img/icons/bandage.png,_REVIEW_THIRD_PARTY/timeline/hex_4_inventory/dist/img/icons/bandage.png,126298,third-party-license-review
server/[timeline]/hex_4_inventory/dist/img/icons/iron.png,_REVIEW_THIRD_PARTY/timeline/hex_4_inventory/dist/img/icons/iron.png,96287,third-party-license-review
server/[timeline]/hex_4_inventory/dist/img/icons/WEAPON_MARKSMANRIFLE.png,_REVIEW_THIRD_PARTY/timeline/hex_4_inventory/dist/img/icons/WEAPON_MARKSMANRIFLE.png,32645,third-party-license-review
server/[timeline]/hex_4_inventory/dist/img/icons/WEAPON_MARKSMANRIFLE_MK2.png,_REVIEW_THIRD_PARTY/timeline/hex_4_inventory/dist/img/icons/WEAPON_MARKSMANRIFLE_MK2.png,41633,third-party-license-review
server/[timeline]/hex_4_inventory/dist/img/icons/WEAPON_BAT.png,_REVIEW_THIRD_PARTY/timeline/hex_4_inventory/dist/img/icons/WEAPON_BAT.png,26222,third-party-license-review
server/[timeline]/hex_4_inventory/dist/img/icons/WEAPON_ASSAULTSHOTGUN.png,_REVIEW_THIRD_PARTY/timeline/hex_4_inventory/dist/img/icons/WEAPON_ASSAULTSHOTGUN.png,61225,third-party-license-review
server/[timeline]/hex_4_inventory/dist/img/icons/WEAPON_SNIPERRIFLE.png,_REVIEW_THIRD_PARTY/timeline/hex_4_inventory/dist/img/icons/WEAPON_SNIPERRIFLE.png,30156,third-party-license-review
server/[timeline]/hex_4_inventory/dist/img/icons/WEAPON_NAVYREVOLVER.png,_REVIEW_THIRD_PARTY/timeline/hex_4_inventory/dist/img/icons/WEAPON_NAVYREVOLVER.png,50890,third-party-license-review
server/[timeline]/hex_4_inventory/dist/img/icons/WEAPON_BULLPUPSHOTGUN.png,_REVIEW_THIRD_PARTY/timeline/hex_4_inventory/dist/img/icons/WEAPON_BULLPUPSHOTGUN.png,52483,third-party-license-review
server/[timeline]/hex_4_inventory/dist/img/icons/WEAPON_SPECIALCARBINE.png,_REVIEW_THIRD_PARTY/timeline/hex_4_inventory/dist/img/icons/WEAPON_SPECIALCARBINE.png,58486,third-party-license-review
server/[timeline]/hex_4_inventory/dist/img/icons/WEAPON_MACHETE.png,_REVIEW_THIRD_PARTY/timeline/hex_4_inventory/dist/img/icons/WEAPON_MACHETE.png,54929,third-party-license-review
server/[timeline]/hex_4_inventory/dist/img/icons/WEAPON_MINISMG.png,_REVIEW_THIRD_PARTY/timeline/hex_4_inventory/dist/img/icons/WEAPON_MINISMG.png,41662,third-party-license-review
server/[timeline]/hex_4_inventory/dist/img/icons/WEAPON_CARBINERIFLE.png,_REVIEW_THIRD_PARTY/timeline/hex_4_inventory/dist/img/icons/WEAPON_CARBINERIFLE.png,65750,third-party-license-review
server/[timeline]/hex_4_inventory/dist/img/icons/WEAPON_PUMPSHOTGUN.png,_REVIEW_THIRD_PARTY/timeline/hex_4_inventory/dist/img/icons/WEAPON_PUMPSHOTGUN.png,35783,third-party-license-review
server/[timeline]/hex_4_inventory/dist/img/icons/WEAPON_COMBATMG_MK2.png,_REVIEW_THIRD_PARTY/timeline/hex_4_inventory/dist/img/icons/WEAPON_COMBATMG_MK2.png,60345,third-party-license-review
server/[timeline]/hex_4_inventory/dist/img/icons/WEAPON_ASSAULTRIFLE.png,_REVIEW_THIRD_PARTY/timeline/hex_4_inventory/dist/img/icons/WEAPON_ASSAULTRIFLE.png,39214,third-party-license-review
server/[timeline]/hex_4_inventory/dist/img/icons/WEAPON_STICKYBOMB.png,_REVIEW_THIRD_PARTY/timeline/hex_4_inventory/dist/img/icons/WEAPON_STICKYBOMB.png,98535,third-party-license-review
server/[timeline]/hex_4_inventory/dist/img/icons/WEAPON_SNOWBALL.png,_REVIEW_THIRD_PARTY/timeline/hex_4_inventory/dist/img/icons/WEAPON_SNOWBALL.png,52745,third-party-license-review
server/[timeline]/hex_4_inventory/dist/img/icons/WEAPON_AUTOSHOTGUN.png,_REVIEW_THIRD_PARTY/timeline/hex_4_inventory/dist/img/icons/WEAPON_AUTOSHOTGUN.png,91319,third-party-license-review
server/[timeline]/hex_4_inventory/dist/img/icons/WEAPON_HEAVYSNIPER.png,_REVIEW_THIRD_PARTY/timeline/hex_4_inventory/dist/img/icons/WEAPON_HEAVYSNIPER.png,43147,third-party-license-review
server/[timeline]/hex_4_inventory/dist/img/icons/WEAPON_KNUCKLE.png,_REVIEW_THIRD_PARTY/timeline/hex_4_inventory/dist/img/icons/WEAPON_KNUCKLE.png,51902,third-party-license-review
server/[timeline]/hex_4_inventory/dist/img/icons/WEAPON_MINIGUN.png,_REVIEW_THIRD_PARTY/timeline/hex_4_inventory/dist/img/icons/WEAPON_MINIGUN.png,64715,third-party-license-review
server/[timeline]/hex_4_inventory/dist/img/icons/phone.png,_REVIEW_THIRD_PARTY/timeline/hex_4_inventory/dist/img/icons/phone.png,116612,third-party-license-review
server/[timeline]/hex_4_inventory/dist/img/icons/gazbottle.png,_REVIEW_THIRD_PARTY/timeline/hex_4_inventory/dist/img/icons/gazbottle.png,88143,third-party-license-review
server/[timeline]/hex_jobscreator/dist/sounds/penSound.mp3,_REVIEW_THIRD_PARTY/timeline/hex_jobscreator/dist/sounds/penSound.mp3,377324,third-party-license-review
server/[timeline]/hex_jobscreator/dist/sounds/cuffSound.mp3,_REVIEW_THIRD_PARTY/timeline/hex_jobscreator/dist/sounds/cuffSound.mp3,16232,third-party-license-review
server/[timeline]/hex_jobscreator/dist/sounds/paperSound.mp3,_REVIEW_THIRD_PARTY/timeline/hex_jobscreator/dist/sounds/paperSound.mp3,445894,third-party-license-review
server/[timeline]/hex_jobscreator/dist/sounds/penClick.mp3,_REVIEW_THIRD_PARTY/timeline/hex_jobscreator/dist/sounds/penClick.mp3,336044,third-party-license-review
server/[timeline]/hex_jobscreator/dist/assets/memberchar-CtrZzbs-.png,_REVIEW_THIRD_PARTY/timeline/hex_jobscreator/dist/assets/memberchar-CtrZzbs-.png,200133,third-party-license-review
server/[timeline]/hex_jobscreator/dist/assets/logs-Dp_CyFZV.png,_REVIEW_THIRD_PARTY/timeline/hex_jobscreator/dist/assets/logs-Dp_CyFZV.png,153376,third-party-license-review
server/[timeline]/hex_jobscreator/dist/assets/einstellungen-CdojgO5K.png,_REVIEW_THIRD_PARTY/timeline/hex_jobscreator/dist/assets/einstellungen-CdojgO5K.png,126206,third-party-license-review
server/[timeline]/hex_jobscreator/dist/assets/user_icon-CGBHQeHB.png,_REVIEW_THIRD_PARTY/timeline/hex_jobscreator/dist/assets/user_icon-CGBHQeHB.png,12405,third-party-license-review
server/[timeline]/hex_jobscreator/dist/assets/kasse-D_GVjTo3.png,_REVIEW_THIRD_PARTY/timeline/hex_jobscreator/dist/assets/kasse-D_GVjTo3.png,175097,third-party-license-review
server/[timeline]/hex_jobscreator/dist/assets/bg-Cdhgw197.png,_REVIEW_THIRD_PARTY/timeline/hex_jobscreator/dist/assets/bg-Cdhgw197.png,3787703,third-party-license-review
server/[timeline]/hex_jobscreator/dist/songs/Yusuf-Arab_Money.mp3,_REVIEW_THIRD_PARTY/timeline/hex_jobscreator/dist/songs/Yusuf-Arab_Money.mp3,7207843,third-party-license-review
server/[timeline]/hex_jobscreator/dist/img/qrcode.png,_REVIEW_THIRD_PARTY/timeline/hex_jobscreator/dist/img/qrcode.png,817,third-party-license-review
server/[timeline]/hex_jobscreator/dist/img/palm.svg,_REVIEW_THIRD_PARTY/timeline/hex_jobscreator/dist/img/palm.svg,3951,third-party-license-review
server/[timeline]/hex_jobscreator/dist/img/blips/sprites/blip_sprite_909.png,_REVIEW_THIRD_PARTY/timeline/hex_jobscreator/dist/img/blips/sprites/blip_sprite_909.png,868,third-party-license-review
server/[timeline]/hex_jobscreator/dist/img/blips/sprites/blip_sprite_108.png,_REVIEW_THIRD_PARTY/timeline/hex_jobscreator/dist/img/blips/sprites/blip_sprite_108.png,1078,third-party-license-review
server/[timeline]/hex_jobscreator/dist/img/blips/sprites/blip_sprite_120.png,_REVIEW_THIRD_PARTY/timeline/hex_jobscreator/dist/img/blips/sprites/blip_sprite_120.png,1238,third-party-license-review
server/[timeline]/hex_jobscreator/dist/img/blips/sprites/blip_sprite_36.png,_REVIEW_THIRD_PARTY/timeline/hex_jobscreator/dist/img/blips/sprites/blip_sprite_36.png,1114,third-party-license-review
server/[timeline]/hex_jobscreator/dist/img/blips/sprites/blip_sprite_658.png,_REVIEW_THIRD_PARTY/timeline/hex_jobscreator/dist/img/blips/sprites/blip_sprite_658.png,1284,third-party-license-review
server/[timeline]/hex_jobscreator/dist/img/blips/sprites/blip_sprite_364.png,_REVIEW_THIRD_PARTY/timeline/hex_jobscreator/dist/img/blips/sprites/blip_sprite_364.png,796,third-party-license-review
server/[timeline]/hex_jobscreator/dist/img/blips/sprites/blip_sprite_513.png,_REVIEW_THIRD_PARTY/timeline/hex_jobscreator/dist/img/blips/sprites/blip_sprite_513.png,1178,third-party-license-review
server/[timeline]/hex_jobscreator/dist/img/blips/sprites/blip_sprite_847.png,_REVIEW_THIRD_PARTY/timeline/hex_jobscreator/dist/img/blips/sprites/blip_sprite_847.png,1254,third-party-license-review
server/[timeline]/hex_jobscreator/dist/img/blips/sprites/blip_sprite_486.png,_REVIEW_THIRD_PARTY/timeline/hex_jobscreator/dist/img/blips/sprites/blip_sprite_486.png,892,third-party-license-review
server/[timeline]/hex_jobscreator/dist/img/blips/sprites/blip_sprite_891.png,_REVIEW_THIRD_PARTY/timeline/hex_jobscreator/dist/img/blips/sprites/blip_sprite_891.png,618,third-party-license-review
server/[timeline]/hex_jobscreator/dist/img/blips/sprites/blip_sprite_160.png,_REVIEW_THIRD_PARTY/timeline/hex_jobscreator/dist/img/blips/sprites/blip_sprite_160.png,762,third-party-license-review
server/[timeline]/hex_jobscreator/dist/img/blips/sprites/blip_sprite_610.png,_REVIEW_THIRD_PARTY/timeline/hex_jobscreator/dist/img/blips/sprites/blip_sprite_610.png,954,third-party-license-review
server/[timeline]/hex_jobscreator/dist/img/blips/sprites/blip_sprite_725.png,_REVIEW_THIRD_PARTY/timeline/hex_jobscreator/dist/img/blips/sprites/blip_sprite_725.png,770,third-party-license-review
server/[timeline]/hex_jobscreator/dist/img/blips/sprites/blip_sprite_207.png,_REVIEW_THIRD_PARTY/timeline/hex_jobscreator/dist/img/blips/sprites/blip_sprite_207.png,1074,third-party-license-review
server/[timeline]/hex_jobscreator/dist/img/blips/sprites/blip_sprite_728.png,_REVIEW_THIRD_PARTY/timeline/hex_jobscreator/dist/img/blips/sprites/blip_sprite_728.png,1646,third-party-license-review
server/[timeline]/hex_jobscreator/dist/img/blips/sprites/blip_sprite_532.png,_REVIEW_THIRD_PARTY/timeline/hex_jobscreator/dist/img/blips/sprites/blip_sprite_532.png,1130,third-party-license-review
server/[timeline]/hex_jobscreator/dist/img/blips/sprites/blip_sprite_445.png,_REVIEW_THIRD_PARTY/timeline/hex_jobscreator/dist/img/blips/sprites/blip_sprite_445.png,940,third-party-license-review
server/[timeline]/hex_jobscreator/dist/img/blips/sprites/blip_sprite_540.png,_REVIEW_THIRD_PARTY/timeline/hex_jobscreator/dist/img/blips/sprites/blip_sprite_540.png,774,third-party-license-review
server/[timeline]/hex_jobscreator/dist/img/blips/sprites/blip_sprite_171.png,_REVIEW_THIRD_PARTY/timeline/hex_jobscreator/dist/img/blips/sprites/blip_sprite_171.png,706,third-party-license-review
server/[timeline]/hex_jobscreator/dist/img/blips/sprites/blip_sprite_400.png,_REVIEW_THIRD_PARTY/timeline/hex_jobscreator/dist/img/blips/sprites/blip_sprite_400.png,1138,third-party-license-review
server/[timeline]/hex_jobscreator/dist/img/blips/sprites/blip_sprite_421.png,_REVIEW_THIRD_PARTY/timeline/hex_jobscreator/dist/img/blips/sprites/blip_sprite_421.png,792,third-party-license-review
server/[timeline]/hex_jobscreator/dist/img/blips/sprites/blip_sprite_659.png,_REVIEW_THIRD_PARTY/timeline/hex_jobscreator/dist/img/blips/sprites/blip_sprite_659.png,958,third-party-license-review
server/[timeline]/hex_jobscreator/dist/img/blips/sprites/blip_sprite_889.png,_REVIEW_THIRD_PARTY/timeline/hex_jobscreator/dist/img/blips/sprites/blip_sprite_889.png,1304,third-party-license-review
server/[timeline]/hex_jobscreator/dist/img/blips/sprites/blip_sprite_648.png,_REVIEW_THIRD_PARTY/timeline/hex_jobscreator/dist/img/blips/sprites/blip_sprite_648.png,620,third-party-license-review
server/[timeline]/hex_jobscreator/dist/img/blips/sprites/blip_sprite_769.png,_REVIEW_THIRD_PARTY/timeline/hex_jobscreator/dist/img/blips/sprites/blip_sprite_769.png,988,third-party-license-review
server/[timeline]/hex_jobscreator/dist/img/blips/sprites/blip_sprite_751.png,_REVIEW_THIRD_PARTY/timeline/hex_jobscreator/dist/img/blips/sprites/blip_sprite_751.png,1440,third-party-license-review
server/[timeline]/hex_jobscreator/dist/img/blips/sprites/blip_sprite_746.png,_REVIEW_THIRD_PARTY/timeline/hex_jobscreator/dist/img/blips/sprites/blip_sprite_746.png,1234,third-party-license-review
server/[timeline]/hex_jobscreator/dist/img/blips/sprites/blip_sprite_687.png,_REVIEW_THIRD_PARTY/timeline/hex_jobscreator/dist/img/blips/sprites/blip_sprite_687.png,434,third-party-license-review
server/[timeline]/hex_jobscreator/dist/img/blips/sprites/blip_sprite_832.png,_REVIEW_THIRD_PARTY/timeline/hex_jobscreator/dist/img/blips/sprites/blip_sprite_832.png,1206,third-party-license-review
server/[timeline]/hex_jobscreator/dist/img/blips/sprites/blip_sprite_468.png,_REVIEW_THIRD_PARTY/timeline/hex_jobscreator/dist/img/blips/sprites/blip_sprite_468.png,774,third-party-license-review
server/[timeline]/hex_jobscreator/dist/img/blips/sprites/blip_sprite_89.png,_REVIEW_THIRD_PARTY/timeline/hex_jobscreator/dist/img/blips/sprites/blip_sprite_89.png,1170,third-party-license-review
server/[timeline]/hex_jobscreator/dist/img/blips/sprites/blip_sprite_676.png,_REVIEW_THIRD_PARTY/timeline/hex_jobscreator/dist/img/blips/sprites/blip_sprite_676.png,1030,third-party-license-review
server/[timeline]/hex_jobscreator/dist/img/blips/sprites/blip_sprite_827.png,_REVIEW_THIRD_PARTY/timeline/hex_jobscreator/dist/img/blips/sprites/blip_sprite_827.png,938,third-party-license-review
server/[timeline]/hex_jobscreator/dist/img/blips/sprites/blip_sprite_636.png,_REVIEW_THIRD_PARTY/timeline/hex_jobscreator/dist/img/blips/sprites/blip_sprite_636.png,942,third-party-license-review
server/[timeline]/hex_jobscreator/dist/img/blips/sprites/blip_sprite_157.png,_REVIEW_THIRD_PARTY/timeline/hex_jobscreator/dist/img/blips/sprites/blip_sprite_157.png,644,third-party-license-review
server/[timeline]/hex_jobscreator/dist/img/blips/sprites/blip_sprite_474.png,_REVIEW_THIRD_PARTY/timeline/hex_jobscreator/dist/img/blips/sprites/blip_sprite_474.png,742,third-party-license-review
server/[timeline]/hex_jobscreator/dist/img/blips/sprites/blip_sprite_79.png,_REVIEW_THIRD_PARTY/timeline/hex_jobscreator/dist/img/blips/sprites/blip_sprite_79.png,392,third-party-license-review
server/[timeline]/hex_jobscreator/dist/img/blips/sprites/blip_sprite_489.png,_REVIEW_THIRD_PARTY/timeline/hex_jobscreator/dist/img/blips/sprites/blip_sprite_489.png,634,third-party-license-review
server/[timeline]/hex_jobscreator/dist/img/blips/sprites/blip_sprite_372.png,_REVIEW_THIRD_PARTY/timeline/hex_jobscreator/dist/img/blips/sprites/blip_sprite_372.png,1122,third-party-license-review
server/[timeline]/hex_jobscreator/dist/img/blips/sprites/blip_sprite_705.png,_REVIEW_THIRD_PARTY/timeline/hex_jobscreator/dist/img/blips/sprites/blip_sprite_705.png,620,third-party-license-review
server/[timeline]/hex_jobscreator/dist/img/blips/sprites/blip_sprite_692.png,_REVIEW_THIRD_PARTY/timeline/hex_jobscreator/dist/img/blips/sprites/blip_sprite_692.png,544,third-party-license-review
server/[timeline]/hex_jobscreator/dist/img/blips/sprites/blip_sprite_477.png,_REVIEW_THIRD_PARTY/timeline/hex_jobscreator/dist/img/blips/sprites/blip_sprite_477.png,992,third-party-license-review
server/[timeline]/hex_jobscreator/dist/img/blips/sprites/blip_sprite_599.png,_REVIEW_THIRD_PARTY/timeline/hex_jobscreator/dist/img/blips/sprites/blip_sprite_599.png,972,third-party-license-review
server/[timeline]/hex_jobscreator/dist/img/blips/sprites/blip_sprite_633.png,_REVIEW_THIRD_PARTY/timeline/hex_jobscreator/dist/img/blips/sprites/blip_sprite_633.png,798,third-party-license-review
server/[timeline]/hex_jobscreator/dist/img/blips/sprites/blip_sprite_571.png,_REVIEW_THIRD_PARTY/timeline/hex_jobscreator/dist/img/blips/sprites/blip_sprite_571.png,940,third-party-license-review
server/[timeline]/hex_jobscreator/dist/img/blips/sprites/blip_sprite_708.png,_REVIEW_THIRD_PARTY/timeline/hex_jobscreator/dist/img/blips/sprites/blip_sprite_708.png,844,third-party-license-review
server/[timeline]/hex_jobscreator/dist/img/blips/sprites/blip_sprite_842.png,_REVIEW_THIRD_PARTY/timeline/hex_jobscreator/dist/img/blips/sprites/blip_sprite_842.png,904,third-party-license-review
server/[timeline]/hex_jobscreator/dist/img/blips/sprites/blip_sprite_560.png,_REVIEW_THIRD_PARTY/timeline/hex_jobscreator/dist/img/blips/sprites/blip_sprite_560.png,1034,third-party-license-review
server/[timeline]/hex_jobscreator/dist/img/blips/sprites/blip_sprite_385.png,_REVIEW_THIRD_PARTY/timeline/hex_jobscreator/dist/img/blips/sprites/blip_sprite_385.png,998,third-party-license-review
server/[timeline]/hex_jobscreator/dist/img/blips/sprites/blip_sprite_861.png,_REVIEW_THIRD_PARTY/timeline/hex_jobscreator/dist/img/blips/sprites/blip_sprite_861.png,1056,third-party-license-review
server/[timeline]/hex_jobscreator/dist/img/blips/sprites/blip_sprite_572.png,_REVIEW_THIRD_PARTY/timeline/hex_jobscreator/dist/img/blips/sprites/blip_sprite_572.png,850,third-party-license-review
server/[timeline]/hex_jobscreator/dist/img/blips/sprites/blip_sprite_154.png,_REVIEW_THIRD_PARTY/timeline/hex_jobscreator/dist/img/blips/sprites/blip_sprite_154.png,518,third-party-license-review
server/[timeline]/hex_jobscreator/dist/img/blips/sprites/blip_sprite_557.png,_REVIEW_THIRD_PARTY/timeline/hex_jobscreator/dist/img/blips/sprites/blip_sprite_557.png,608,third-party-license-review
server/[timeline]/hex_jobscreator/dist/img/blips/sprites/blip_sprite_809.png,_REVIEW_THIRD_PARTY/timeline/hex_jobscreator/dist/img/blips/sprites/blip_sprite_809.png,1310,third-party-license-review
server/[timeline]/hex_jobscreator/dist/img/blips/sprites/blip_sprite_690.png,_REVIEW_THIRD_PARTY/timeline/hex_jobscreator/dist/img/blips/sprites/blip_sprite_690.png,672,third-party-license-review
server/[timeline]/hex_jobscreator/dist/img/blips/sprites/blip_sprite_662.png,_REVIEW_THIRD_PARTY/timeline/hex_jobscreator/dist/img/blips/sprites/blip_sprite_662.png,1126,third-party-license-review
server/[timeline]/hex_jobscreator/dist/img/blips/sprites/blip_sprite_821.png,_REVIEW_THIRD_PARTY/timeline/hex_jobscreator/dist/img/blips/sprites/blip_sprite_821.png,1018,third-party-license-review
server/[timeline]/hex_jobscreator/dist/img/blips/sprites/blip_sprite_11.png,_REVIEW_THIRD_PARTY/timeline/hex_jobscreator/dist/img/blips/sprites/blip_sprite_11.png,1142,third-party-license-review
server/[timeline]/hex_jobscreator/dist/img/blips/sprites/blip_sprite_149.png,_REVIEW_THIRD_PARTY/timeline/hex_jobscreator/dist/img/blips/sprites/blip_sprite_149.png,1050,third-party-license-review
server/[timeline]/hex_jobscreator/dist/img/blips/sprites/blip_sprite_657.png,_REVIEW_THIRD_PARTY/timeline/hex_jobscreator/dist/img/blips/sprites/blip_sprite_657.png,772,third-party-license-review
server/[timeline]/hex_jobscreator/dist/img/blips/sprites/blip_sprite_886.png,_REVIEW_THIRD_PARTY/timeline/hex_jobscreator/dist/img/blips/sprites/blip_sprite_886.png,1130,third-party-license-review
server/[timeline]/hex_jobscreator/dist/img/blips/sprites/blip_sprite_841.png,_REVIEW_THIRD_PARTY/timeline/hex_jobscreator/dist/img/blips/sprites/blip_sprite_841.png,622,third-party-license-review
server/[timeline]/hex_jobscreator/dist/img/blips/sprites/blip_sprite_616.png,_REVIEW_THIRD_PARTY/timeline/hex_jobscreator/dist/img/blips/sprites/blip_sprite_616.png,780,third-party-license-review
server/[timeline]/hex_jobscreator/dist/img/blips/sprites/blip_sprite_777.png,_REVIEW_THIRD_PARTY/timeline/hex_jobscreator/dist/img/blips/sprites/blip_sprite_777.png,1566,third-party-license-review
server/[timeline]/hex_jobscreator/dist/img/blips/sprites/blip_sprite_920.png,_REVIEW_THIRD_PARTY/timeline/hex_jobscreator/dist/img/blips/sprites/blip_sprite_920.png,1740,third-party-license-review
server/[timeline]/hex_jobscreator/dist/img/blips/sprites/blip_sprite_880.png,_REVIEW_THIRD_PARTY/timeline/hex_jobscreator/dist/img/blips/sprites/blip_sprite_880.png,922,third-party-license-review
server/[timeline]/hex_jobscreator/dist/img/blips/sprites/blip_sprite_839.png,_REVIEW_THIRD_PARTY/timeline/hex_jobscreator/dist/img/blips/sprites/blip_sprite_839.png,1570,third-party-license-review
server/[timeline]/hex_jobscreator/dist/img/blips/sprites/blip_sprite_50.png,_REVIEW_THIRD_PARTY/timeline/hex_jobscreator/dist/img/blips/sprites/blip_sprite_50.png,658,third-party-license-review
server/[timeline]/hex_jobscreator/dist/img/blips/sprites/blip_sprite_469.png,_REVIEW_THIRD_PARTY/timeline/hex_jobscreator/dist/img/blips/sprites/blip_sprite_469.png,996,third-party-license-review
server/[timeline]/hex_jobscreator/dist/img/blips/sprites/blip_sprite_670.png,_REVIEW_THIRD_PARTY/timeline/hex_jobscreator/dist/img/blips/sprites/blip_sprite_670.png,1322,third-party-license-review
server/[timeline]/hex_jobscreator/dist/img/blips/sprites/blip_sprite_822.png,_REVIEW_THIRD_PARTY/timeline/hex_jobscreator/dist/img/blips/sprites/blip_sprite_822.png,1054,third-party-license-review
server/[timeline]/hex_jobscreator/dist/img/blips/sprites/blip_sprite_741.png,_REVIEW_THIRD_PARTY/timeline/hex_jobscreator/dist/img/blips/sprites/blip_sprite_741.png,2328,third-party-license-review
server/[timeline]/hex_jobscreator/dist/img/blips/sprites/blip_sprite_758.png,_REVIEW_THIRD_PARTY/timeline/hex_jobscreator/dist/img/blips/sprites/blip_sprite_758.png,1100,third-party-license-review
server/[timeline]/hex_jobscreator/dist/img/blips/sprites/blip_sprite_748.png,_REVIEW_THIRD_PARTY/timeline/hex_jobscreator/dist/img/blips/sprites/blip_sprite_748.png,1438,third-party-license-review
server/[timeline]/hex_jobscreator/dist/img/blips/sprites/blip_sprite_441.png,_REVIEW_THIRD_PARTY/timeline/hex_jobscreator/dist/img/blips/sprites/blip_sprite_441.png,872,third-party-license-review
server/[timeline]/hex_jobscreator/dist/img/blips/sprites/blip_sprite_614.png,_REVIEW_THIRD_PARTY/timeline/hex_jobscreator/dist/img/blips/sprites/blip_sprite_614.png,862,third-party-license-review
server/[timeline]/hex_jobscreator/dist/img/blips/sprites/blip_sprite_716.png,_REVIEW_THIRD_PARTY/timeline/hex_jobscreator/dist/img/blips/sprites/blip_sprite_716.png,518,third-party-license-review
server/[timeline]/hex_jobscreator/dist/img/blips/sprites/blip_sprite_750.png,_REVIEW_THIRD_PARTY/timeline/hex_jobscreator/dist/img/blips/sprites/blip_sprite_750.png,1246,third-party-license-review
server/[timeline]/hex_jobscreator/dist/img/blips/sprites/blip_sprite_524.png,_REVIEW_THIRD_PARTY/timeline/hex_jobscreator/dist/img/blips/sprites/blip_sprite_524.png,886,third-party-license-review
server/[timeline]/hex_jobscreator/dist/img/blips/sprites/blip_sprite_740.png,_REVIEW_THIRD_PARTY/timeline/hex_jobscreator/dist/img/blips/sprites/blip_sprite_740.png,1354,third-party-license-review
server/[timeline]/hex_jobscreator/dist/img/blips/sprites/blip_sprite_717.png,_REVIEW_THIRD_PARTY/timeline/hex_jobscreator/dist/img/blips/sprites/blip_sprite_717.png,830,third-party-license-review
server/[timeline]/hex_jobscreator/dist/img/blips/sprites/blip_sprite_811.png,_REVIEW_THIRD_PARTY/timeline/hex_jobscreator/dist/img/blips/sprites/blip_sprite_811.png,1052,third-party-license-review
server/[timeline]/hex_jobscreator/dist/img/blips/sprites/blip_sprite_874.png,_REVIEW_THIRD_PARTY/timeline/hex_jobscreator/dist/img/blips/sprites/blip_sprite_874.png,898,third-party-license-review
server/[timeline]/hex_jobscreator/dist/img/blips/sprites/blip_sprite_893.png,_REVIEW_THIRD_PARTY/timeline/hex_jobscreator/dist/img/blips/sprites/blip_sprite_893.png,1204,third-party-license-review
server/[timeline]/hex_jobscreator/dist/img/blips/sprites/blip_sprite_912.png,_REVIEW_THIRD_PARTY/timeline/hex_jobscreator/dist/img/blips/sprites/blip_sprite_912.png,580,third-party-license-review
server/[timeline]/hex_jobscreator/dist/img/blips/sprites/blip_sprite_465.png,_REVIEW_THIRD_PARTY/timeline/hex_jobscreator/dist/img/blips/sprites/blip_sprite_465.png,668,third-party-license-review
server/[timeline]/hex_jobscreator/dist/img/blips/sprites/blip_sprite_523.png,_REVIEW_THIRD_PARTY/timeline/hex_jobscreator/dist/img/blips/sprites/blip_sprite_523.png,852,third-party-license-review
server/[timeline]/hex_jobscreator/dist/img/blips/sprites/blip_sprite_164.png,_REVIEW_THIRD_PARTY/timeline/hex_jobscreator/dist/img/blips/sprites/blip_sprite_164.png,744,third-party-license-review
server/[timeline]/hex_jobscreator/dist/img/blips/sprites/blip_sprite_417.png,_REVIEW_THIRD_PARTY/timeline/hex_jobscreator/dist/img/blips/sprites/blip_sprite_417.png,782,third-party-license-review
server/[timeline]/hex_jobscreator/dist/img/blips/sprites/blip_sprite_439.png,_REVIEW_THIRD_PARTY/timeline/hex_jobscreator/dist/img/blips/sprites/blip_sprite_439.png,890,third-party-license-review
server/[timeline]/hex_jobscreator/dist/img/blips/sprites/blip_sprite_602.png,_REVIEW_THIRD_PARTY/timeline/hex_jobscreator/dist/img/blips/sprites/blip_sprite_602.png,934,third-party-license-review
server/[timeline]/hex_jobscreator/dist/img/blips/sprites/blip_sprite_140.png,_REVIEW_THIRD_PARTY/timeline/hex_jobscreator/dist/img/blips/sprites/blip_sprite_140.png,1262,third-party-license-review
server/[timeline]/hex_jobscreator/dist/img/blips/sprites/blip_sprite_461.png,_REVIEW_THIRD_PARTY/timeline/hex_jobscreator/dist/img/blips/sprites/blip_sprite_461.png,784,third-party-license-review
server/[timeline]/hex_jobscreator/dist/img/blips/sprites/blip_sprite_877.png,_REVIEW_THIRD_PARTY/timeline/hex_jobscreator/dist/img/blips/sprites/blip_sprite_877.png,1266,third-party-license-review
server/[timeline]/hex_jobscreator/dist/img/blips/sprites/blip_sprite_542.png,_REVIEW_THIRD_PARTY/timeline/hex_jobscreator/dist/img/blips/sprites/blip_sprite_542.png,806,third-party-license-review
server/[timeline]/hex_jobscreator/dist/img/blips/sprites/blip_sprite_789.png,_REVIEW_THIRD_PARTY/timeline/hex_jobscreator/dist/img/blips/sprites/blip_sprite_789.png,1198,third-party-license-review
server/[timeline]/hex_jobscreator/dist/img/blips/sprites/blip_sprite_677.png,_REVIEW_THIRD_PARTY/timeline/hex_jobscreator/dist/img/blips/sprites/blip_sprite_677.png,778,third-party-license-review
server/[timeline]/hex_jobscreator/dist/img/blips/sprites/blip_sprite_664.png,_REVIEW_THIRD_PARTY/timeline/hex_jobscreator/dist/img/blips/sprites/blip_sprite_664.png,968,third-party-license-review
server/[timeline]/hex_jobscreator/dist/img/blips/sprites/blip_sprite_695.png,_REVIEW_THIRD_PARTY/timeline/hex_jobscreator/dist/img/blips/sprites/blip_sprite_695.png,516,third-party-license-review
server/[timeline]/hex_jobscreator/dist/img/blips/sprites/blip_sprite_607.png,_REVIEW_THIRD_PARTY/timeline/hex_jobscreator/dist/img/blips/sprites/blip_sprite_607.png,1494,third-party-license-review
server/[timeline]/hex_jobscreator/dist/img/blips/sprites/blip_sprite_573.png,_REVIEW_THIRD_PARTY/timeline/hex_jobscreator/dist/img/blips/sprites/blip_sprite_573.png,916,third-party-license-review
server/[timeline]/hex_jobscreator/dist/img/blips/sprites/blip_sprite_629.png,_REVIEW_THIRD_PARTY/timeline/hex_jobscreator/dist/img/blips/sprites/blip_sprite_629.png,462,third-party-license-review
server/[timeline]/hex_jobscreator/dist/img/blips/sprites/blip_sprite_779.png,_REVIEW_THIRD_PARTY/timeline/hex_jobscreator/dist/img/blips/sprites/blip_sprite_779.png,1132,third-party-license-review
server/[timeline]/hex_jobscreator/dist/img/blips/sprites/blip_sprite_52.png,_REVIEW_THIRD_PARTY/timeline/hex_jobscreator/dist/img/blips/sprites/blip_sprite_52.png,1148,third-party-license-review
server/[timeline]/hex_jobscreator/dist/img/blips/sprites/blip_sprite_854.png,_REVIEW_THIRD_PARTY/timeline/hex_jobscreator/dist/img/blips/sprites/blip_sprite_854.png,944,third-party-license-review
server/[timeline]/hex_jobscreator/dist/img/blips/sprites/blip_sprite_304.png,_REVIEW_THIRD_PARTY/timeline/hex_jobscreator/dist/img/blips/sprites/blip_sprite_304.png,984,third-party-license-review
server/[timeline]/hex_jobscreator/dist/img/blips/sprites/blip_sprite_895.png,_REVIEW_THIRD_PARTY/timeline/hex_jobscreator/dist/img/blips/sprites/blip_sprite_895.png,1026,third-party-license-review
server/[timeline]/hex_jobscreator/dist/img/blips/sprites/blip_sprite_605.png,_REVIEW_THIRD_PARTY/timeline/hex_jobscreator/dist/img/blips/sprites/blip_sprite_605.png,1540,third-party-license-review
server/[timeline]/hex_jobscreator/dist/img/blips/sprites/blip_sprite_650.png,_REVIEW_THIRD_PARTY/timeline/hex_jobscreator/dist/img/blips/sprites/blip_sprite_650.png,734,third-party-license-review
server/[timeline]/hex_jobscreator/dist/img/blips/sprites/blip_sprite_365.png,_REVIEW_THIRD_PARTY/timeline/hex_jobscreator/dist/img/blips/sprites/blip_sprite_365.png,1028,third-party-license-review
server/[timeline]/hex_jobscreator/dist/img/blips/sprites/blip_sprite_478.png,_REVIEW_THIRD_PARTY/timeline/hex_jobscreator/dist/img/blips/sprites/blip_sprite_478.png,674,third-party-license-review
server/[timeline]/hex_jobscreator/dist/img/blips/sprites/blip_sprite_433.png,_REVIEW_THIRD_PARTY/timeline/hex_jobscreator/dist/img/blips/sprites/blip_sprite_433.png,954,third-party-license-review
server/[timeline]/hex_jobscreator/dist/img/blips/sprites/blip_sprite_644.png,_REVIEW_THIRD_PARTY/timeline/hex_jobscreator/dist/img/blips/sprites/blip_sprite_644.png,920,third-party-license-review
server/[timeline]/hex_jobscreator/dist/img/blips/sprites/blip_sprite_547.png,_REVIEW_THIRD_PARTY/timeline/hex_jobscreator/dist/img/blips/sprites/blip_sprite_547.png,752,third-party-license-review
server/[timeline]/hex_jobscreator/dist/img/blips/sprites/blip_sprite_773.png,_REVIEW_THIRD_PARTY/timeline/hex_jobscreator/dist/img/blips/sprites/blip_sprite_773.png,1726,third-party-license-review
server/[timeline]/hex_jobscreator/dist/img/blips/sprites/blip_sprite_906.png,_REVIEW_THIRD_PARTY/timeline/hex_jobscreator/dist/img/blips/sprites/blip_sprite_906.png,848,third-party-license-review
server/[timeline]/hex_jobscreator/dist/img/blips/sprites/blip_sprite_626.png,_REVIEW_THIRD_PARTY/timeline/hex_jobscreator/dist/img/blips/sprites/blip_sprite_626.png,1242,third-party-license-review
server/[timeline]/hex_jobscreator/dist/img/blips/sprites/blip_sprite_141.png,_REVIEW_THIRD_PARTY/timeline/hex_jobscreator/dist/img/blips/sprites/blip_sprite_141.png,1122,third-party-license-review
server/[timeline]/hex_jobscreator/dist/img/blips/sprites/blip_sprite_858.png,_REVIEW_THIRD_PARTY/timeline/hex_jobscreator/dist/img/blips/sprites/blip_sprite_858.png,1378,third-party-license-review
server/[timeline]/hex_jobscreator/dist/img/blips/sprites/blip_sprite_375.png,_REVIEW_THIRD_PARTY/timeline/hex_jobscreator/dist/img/blips/sprites/blip_sprite_375.png,1092,third-party-license-review
server/[timeline]/hex_jobscreator/dist/img/blips/sprites/blip_sprite_566.png,_REVIEW_THIRD_PARTY/timeline/hex_jobscreator/dist/img/blips/sprites/blip_sprite_566.png,966,third-party-license-review
server/[timeline]/hex_jobscreator/dist/img/blips/sprites/blip_sprite_819.png,_REVIEW_THIRD_PARTY/timeline/hex_jobscreator/dist/img/blips/sprites/blip_sprite_819.png,1154,third-party-license-review
server/[timeline]/hex_jobscreator/dist/img/blips/sprites/blip_sprite_66.png,_REVIEW_THIRD_PARTY/timeline/hex_jobscreator/dist/img/blips/sprites/blip_sprite_66.png,1032,third-party-license-review
server/[timeline]/hex_jobscreator/dist/img/blips/sprites/blip_sprite_788.png,_REVIEW_THIRD_PARTY/timeline/hex_jobscreator/dist/img/blips/sprites/blip_sprite_788.png,970,third-party-license-review
server/[timeline]/hex_jobscreator/dist/img/blips/sprites/blip_sprite_67.png,_REVIEW_THIRD_PARTY/timeline/hex_jobscreator/dist/img/blips/sprites/blip_sprite_67.png,958,third-party-license-review
server/[timeline]/hex_jobscreator/dist/img/blips/sprites/blip_sprite_388.png,_REVIEW_THIRD_PARTY/timeline/hex_jobscreator/dist/img/blips/sprites/blip_sprite_388.png,934,third-party-license-review
server/[timeline]/hex_jobscreator/dist/img/blips/sprites/blip_sprite_899.png,_REVIEW_THIRD_PARTY/timeline/hex_jobscreator/dist/img/blips/sprites/blip_sprite_899.png,630,third-party-license-review
server/[timeline]/hex_jobscreator/dist/img/blips/sprites/blip_sprite_790.png,_REVIEW_THIRD_PARTY/timeline/hex_jobscreator/dist/img/blips/sprites/blip_sprite_790.png,946,third-party-license-review
server/[timeline]/hex_jobscreator/dist/img/blips/sprites/blip_sprite_360.png,_REVIEW_THIRD_PARTY/timeline/hex_jobscreator/dist/img/blips/sprites/blip_sprite_360.png,1072,third-party-license-review
server/[timeline]/hex_jobscreator/dist/img/blips/sprites/blip_sprite_501.png,_REVIEW_THIRD_PARTY/timeline/hex_jobscreator/dist/img/blips/sprites/blip_sprite_501.png,738,third-party-license-review
server/[timeline]/hex_jobscreator/dist/img/blips/sprites/blip_sprite_919.png,_REVIEW_THIRD_PARTY/timeline/hex_jobscreator/dist/img/blips/sprites/blip_sprite_919.png,1242,third-party-license-review
server/[timeline]/hex_jobscreator/dist/img/blips/sprites/blip_sprite_850.png,_REVIEW_THIRD_PARTY/timeline/hex_jobscreator/dist/img/blips/sprites/blip_sprite_850.png,956,third-party-license-review
server/[timeline]/hex_jobscreator/dist/img/blips/sprites/blip_sprite_723.png,_REVIEW_THIRD_PARTY/timeline/hex_jobscreator/dist/img/blips/sprites/blip_sprite_723.png,874,third-party-license-review
server/[timeline]/hex_jobscreator/dist/img/blips/sprites/blip_sprite_668.png,_REVIEW_THIRD_PARTY/timeline/hex_jobscreator/dist/img/blips/sprites/blip_sprite_668.png,1364,third-party-license-review
server/[timeline]/hex_jobscreator/dist/img/blips/sprites/blip_sprite_497.png,_REVIEW_THIRD_PARTY/timeline/hex_jobscreator/dist/img/blips/sprites/blip_sprite_497.png,892,third-party-license-review
server/[timeline]/hex_jobscreator/dist/img/blips/sprites/blip_sprite_888.png,_REVIEW_THIRD_PARTY/timeline/hex_jobscreator/dist/img/blips/sprites/blip_sprite_888.png,868,third-party-license-review
server/[timeline]/hex_jobscreator/dist/img/blips/sprites/blip_sprite_810.png,_REVIEW_THIRD_PARTY/timeline/hex_jobscreator/dist/img/blips/sprites/blip_sprite_810.png,1072,third-party-license-review
server/[timeline]/hex_jobscreator/dist/img/blips/sprites/blip_sprite_894.png,_REVIEW_THIRD_PARTY/timeline/hex_jobscreator/dist/img/blips/sprites/blip_sprite_894.png,642,third-party-license-review
server/[timeline]/hex_jobscreator/dist/img/blips/sprites/blip_sprite_849.png,_REVIEW_THIRD_PARTY/timeline/hex_jobscreator/dist/img/blips/sprites/blip_sprite_849.png,336,third-party-license-review
server/[timeline]/hex_jobscreator/dist/img/blips/sprites/blip_sprite_495.png,_REVIEW_THIRD_PARTY/timeline/hex_jobscreator/dist/img/blips/sprites/blip_sprite_495.png,1474,third-party-license-review
server/[timeline]/hex_jobscreator/dist/img/blips/sprites/blip_sprite_759.png,_REVIEW_THIRD_PARTY/timeline/hex_jobscreator/dist/img/blips/sprites/blip_sprite_759.png,1072,third-party-license-review
server/[timeline]/hex_jobscreator/dist/img/blips/sprites/blip_sprite_225.png,_REVIEW_THIRD_PARTY/timeline/hex_jobscreator/dist/img/blips/sprites/blip_sprite_225.png,884,third-party-license-review
server/[timeline]/hex_jobscreator/dist/img/blips/sprites/blip_sprite_851.png,_REVIEW_THIRD_PARTY/timeline/hex_jobscreator/dist/img/blips/sprites/blip_sprite_851.png,908,third-party-license-review
server/[timeline]/hex_jobscreator/dist/img/blips/sprites/blip_sprite_848.png,_REVIEW_THIRD_PARTY/timeline/hex_jobscreator/dist/img/blips/sprites/blip_sprite_848.png,1600,third-party-license-review
server/[timeline]/hex_jobscreator/dist/img/blips/sprites/blip_sprite_785.png,_REVIEW_THIRD_PARTY/timeline/hex_jobscreator/dist/img/blips/sprites/blip_sprite_785.png,1296,third-party-license-review
server/[timeline]/hex_jobscreator/dist/img/blips/sprites/blip_sprite_828.png,_REVIEW_THIRD_PARTY/timeline/hex_jobscreator/dist/img/blips/sprites/blip_sprite_828.png,808,third-party-license-review
server/[timeline]/hex_jobscreator/dist/img/blips/sprites/blip_sprite_757.png,_REVIEW_THIRD_PARTY/timeline/hex_jobscreator/dist/img/blips/sprites/blip_sprite_757.png,1044,third-party-license-review
server/[timeline]/hex_jobscreator/dist/img/blips/sprites/blip_sprite_641.png,_REVIEW_THIRD_PARTY/timeline/hex_jobscreator/dist/img/blips/sprites/blip_sprite_641.png,1502,third-party-license-review
server/[timeline]/hex_jobscreator/dist/img/blips/sprites/blip_sprite_802.png,_REVIEW_THIRD_PARTY/timeline/hex_jobscreator/dist/img/blips/sprites/blip_sprite_802.png,644,third-party-license-review
server/[timeline]/hex_jobscreator/dist/img/blips/sprites/blip_sprite_476.png,_REVIEW_THIRD_PARTY/timeline/hex_jobscreator/dist/img/blips/sprites/blip_sprite_476.png,912,third-party-license-review
server/[timeline]/hex_jobscreator/dist/img/blips/sprites/blip_sprite_661.png,_REVIEW_THIRD_PARTY/timeline/hex_jobscreator/dist/img/blips/sprites/blip_sprite_661.png,918,third-party-license-review
server/[timeline]/hex_jobscreator/dist/img/blips/sprites/blip_sprite_628.png,_REVIEW_THIRD_PARTY/timeline/hex_jobscreator/dist/img/blips/sprites/blip_sprite_628.png,972,third-party-license-review
server/[timeline]/hex_jobscreator/dist/img/blips/sprites/blip_sprite_783.png,_REVIEW_THIRD_PARTY/timeline/hex_jobscreator/dist/img/blips/sprites/blip_sprite_783.png,750,third-party-license-review
server/[timeline]/hex_jobscreator/dist/img/blips/sprites/blip_sprite_905.png,_REVIEW_THIRD_PARTY/timeline/hex_jobscreator/dist/img/blips/sprites/blip_sprite_905.png,918,third-party-license-review
server/[timeline]/hex_jobscreator/dist/img/blips/sprites/blip_sprite_315.png,_REVIEW_THIRD_PARTY/timeline/hex_jobscreator/dist/img/blips/sprites/blip_sprite_315.png,1032,third-party-license-review
server/[timeline]/hex_jobscreator/dist/img/blips/sprites/blip_sprite_860.png,_REVIEW_THIRD_PARTY/timeline/hex_jobscreator/dist/img/blips/sprites/blip_sprite_860.png,1536,third-party-license-review
server/[timeline]/hex_jobscreator/dist/img/blips/sprites/blip_sprite_181.png,_REVIEW_THIRD_PARTY/timeline/hex_jobscreator/dist/img/blips/sprites/blip_sprite_181.png,808,third-party-license-review
server/[timeline]/hex_jobscreator/dist/img/blips/sprites/blip_sprite_863.png,_REVIEW_THIRD_PARTY/timeline/hex_jobscreator/dist/img/blips/sprites/blip_sprite_863.png,610,third-party-license-review
server/[timeline]/hex_jobscreator/dist/img/blips/sprites/blip_sprite_415.png,_REVIEW_THIRD_PARTY/timeline/hex_jobscreator/dist/img/blips/sprites/blip_sprite_415.png,684,third-party-license-review
server/[timeline]/hex_jobscreator/dist/img/blips/sprites/blip_sprite_370.png,_REVIEW_THIRD_PARTY/timeline/hex_jobscreator/dist/img/blips/sprites/blip_sprite_370.png,1110,third-party-license-review
server/[timeline]/hex_jobscreator/dist/img/blips/sprites/blip_sprite_868.png,_REVIEW_THIRD_PARTY/timeline/hex_jobscreator/dist/img/blips/sprites/blip_sprite_868.png,1002,third-party-license-review
server/[timeline]/hex_jobscreator/dist/img/blips/sprites/blip_sprite_745.png,_REVIEW_THIRD_PARTY/timeline/hex_jobscreator/dist/img/blips/sprites/blip_sprite_745.png,1018,third-party-license-review
server/[timeline]/hex_jobscreator/dist/img/blips/sprites/blip_sprite_830.png,_REVIEW_THIRD_PARTY/timeline/hex_jobscreator/dist/img/blips/sprites/blip_sprite_830.png,1120,third-party-license-review
server/[timeline]/hex_jobscreator/dist/img/blips/sprites/blip_sprite_852.png,_REVIEW_THIRD_PARTY/timeline/hex_jobscreator/dist/img/blips/sprites/blip_sprite_852.png,988,third-party-license-review
server/[timeline]/hex_jobscreator/dist/img/blips/sprites/blip_sprite_80.png,_REVIEW_THIRD_PARTY/timeline/hex_jobscreator/dist/img/blips/sprites/blip_sprite_80.png,600,third-party-license-review
server/[timeline]/hex_jobscreator/dist/img/blips/sprites/blip_sprite_700.png,_REVIEW_THIRD_PARTY/timeline/hex_jobscreator/dist/img/blips/sprites/blip_sprite_700.png,510,third-party-license-review
server/[timeline]/hex_jobscreator/dist/img/blips/sprites/blip_sprite_682.png,_REVIEW_THIRD_PARTY/timeline/hex_jobscreator/dist/img/blips/sprites/blip_sprite_682.png,1056,third-party-license-review
server/[timeline]/hex_jobscreator/dist/img/blips/sprites/blip_sprite_704.png,_REVIEW_THIRD_PARTY/timeline/hex_jobscreator/dist/img/blips/sprites/blip_sprite_704.png,770,third-party-license-review
server/[timeline]/hex_jobscreator/dist/img/blips/sprites/blip_sprite_198.png,_REVIEW_THIRD_PARTY/timeline/hex_jobscreator/dist/img/blips/sprites/blip_sprite_198.png,922,third-party-license-review
server/[timeline]/hex_jobscreator/dist/img/blips/sprites/blip_sprite_834.png,_REVIEW_THIRD_PARTY/timeline/hex_jobscreator/dist/img/blips/sprites/blip_sprite_834.png,774,third-party-license-review
server/[timeline]/hex_jobscreator/dist/img/blips/sprites/blip_sprite_696.png,_REVIEW_THIRD_PARTY/timeline/hex_jobscreator/dist/img/blips/sprites/blip_sprite_696.png,414,third-party-license-review
server/[timeline]/hex_jobscreator/dist/img/blips/sprites/blip_sprite_731.png,_REVIEW_THIRD_PARTY/timeline/hex_jobscreator/dist/img/blips/sprites/blip_sprite_731.png,930,third-party-license-review
server/[timeline]/hex_jobscreator/dist/img/blips/sprites/blip_sprite_458.png,_REVIEW_THIRD_PARTY/timeline/hex_jobscreator/dist/img/blips/sprites/blip_sprite_458.png,1098,third-party-license-review
server/[timeline]/hex_jobscreator/dist/img/blips/sprites/blip_sprite_826.png,_REVIEW_THIRD_PARTY/timeline/hex_jobscreator/dist/img/blips/sprites/blip_sprite_826.png,892,third-party-license-review
server/[timeline]/hex_jobscreator/dist/img/blips/sprites/blip_sprite_136.png,_REVIEW_THIRD_PARTY/timeline/hex_jobscreator/dist/img/blips/sprites/blip_sprite_136.png,1016,third-party-license-review
server/[timeline]/hex_jobscreator/dist/img/blips/sprites/blip_sprite_871.png,_REVIEW_THIRD_PARTY/timeline/hex_jobscreator/dist/img/blips/sprites/blip_sprite_871.png,1168,third-party-license-review
server/[timeline]/hex_jobscreator/dist/img/blips/sprites/blip_sprite_403.png,_REVIEW_THIRD_PARTY/timeline/hex_jobscreator/dist/img/blips/sprites/blip_sprite_403.png,662,third-party-license-review
server/[timeline]/hex_jobscreator/dist/img/blips/sprites/blip_sprite_585.png,_REVIEW_THIRD_PARTY/timeline/hex_jobscreator/dist/img/blips/sprites/blip_sprite_585.png,990,third-party-license-review
server/[timeline]/hex_jobscreator/dist/img/blips/sprites/blip_sprite_586.png,_REVIEW_THIRD_PARTY/timeline/hex_jobscreator/dist/img/blips/sprites/blip_sprite_586.png,914,third-party-license-review
server/[timeline]/hex_jobscreator/dist/img/blips/sprites/blip_sprite_420.png,_REVIEW_THIRD_PARTY/timeline/hex_jobscreator/dist/img/blips/sprites/blip_sprite_420.png,684,third-party-license-review
server/[timeline]/hex_jobscreator/dist/img/blips/sprites/blip_sprite_715.png,_REVIEW_THIRD_PARTY/timeline/hex_jobscreator/dist/img/blips/sprites/blip_sprite_715.png,860,third-party-license-review
server/[timeline]/hex_jobscreator/dist/img/blips/sprites/blip_sprite_730.png,_REVIEW_THIRD_PARTY/timeline/hex_jobscreator/dist/img/blips/sprites/blip_sprite_730.png,940,third-party-license-review
server/[timeline]/hex_jobscreator/dist/img/blips/sprites/blip_sprite_902.png,_REVIEW_THIRD_PARTY/timeline/hex_jobscreator/dist/img/blips/sprites/blip_sprite_902.png,1120,third-party-license-review
server/[timeline]/hex_jobscreator/dist/img/blips/sprites/blip_sprite_535.png,_REVIEW_THIRD_PARTY/timeline/hex_jobscreator/dist/img/blips/sprites/blip_sprite_535.png,930,third-party-license-review
server/[timeline]/hex_jobscreator/dist/img/blips/sprites/blip_sprite_464.png,_REVIEW_THIRD_PARTY/timeline/hex_jobscreator/dist/img/blips/sprites/blip_sprite_464.png,728,third-party-license-review
server/[timeline]/hex_jobscreator/dist/img/blips/sprites/blip_sprite_455.png,_REVIEW_THIRD_PARTY/timeline/hex_jobscreator/dist/img/blips/sprites/blip_sprite_455.png,878,third-party-license-review
server/[timeline]/hex_jobscreator/dist/img/blips/sprites/blip_sprite_634.png,_REVIEW_THIRD_PARTY/timeline/hex_jobscreator/dist/img/blips/sprites/blip_sprite_634.png,1074,third-party-license-review
server/[timeline]/hex_jobscreator/dist/img/blips/sprites/blip_sprite_387.png,_REVIEW_THIRD_PARTY/timeline/hex_jobscreator/dist/img/blips/sprites/blip_sprite_387.png,1224,third-party-license-review
server/[timeline]/hex_jobscreator/dist/img/blips/sprites/blip_sprite_885.png,_REVIEW_THIRD_PARTY/timeline/hex_jobscreator/dist/img/blips/sprites/blip_sprite_885.png,1082,third-party-license-review
server/[timeline]/hex_jobscreator/dist/img/blips/sprites/blip_sprite_574.png,_REVIEW_THIRD_PARTY/timeline/hex_jobscreator/dist/img/blips/sprites/blip_sprite_574.png,832,third-party-license-review
server/[timeline]/hex_jobscreator/dist/img/blips/sprites/blip_sprite_649.png,_REVIEW_THIRD_PARTY/timeline/hex_jobscreator/dist/img/blips/sprites/blip_sprite_649.png,514,third-party-license-review
server/[timeline]/hex_jobscreator/dist/img/blips/sprites/blip_sprite_456.png,_REVIEW_THIRD_PARTY/timeline/hex_jobscreator/dist/img/blips/sprites/blip_sprite_456.png,776,third-party-license-review
server/[timeline]/hex_jobscreator/dist/img/blips/sprites/blip_sprite_109.png,_REVIEW_THIRD_PARTY/timeline/hex_jobscreator/dist/img/blips/sprites/blip_sprite_109.png,968,third-party-license-review
server/[timeline]/hex_jobscreator/dist/img/blips/sprites/blip_sprite_818.png,_REVIEW_THIRD_PARTY/timeline/hex_jobscreator/dist/img/blips/sprites/blip_sprite_818.png,1130,third-party-license-review
server/[timeline]/hex_jobscreator/dist/img/blips/sprites/blip_sprite_350.png,_REVIEW_THIRD_PARTY/timeline/hex_jobscreator/dist/img/blips/sprites/blip_sprite_350.png,1028,third-party-license-review
server/[timeline]/hex_jobscreator/dist/img/blips/sprites/blip_sprite_84.png,_REVIEW_THIRD_PARTY/timeline/hex_jobscreator/dist/img/blips/sprites/blip_sprite_84.png,1040,third-party-license-review
server/[timeline]/hex_jobscreator/dist/img/blips/sprites/blip_sprite_853.png,_REVIEW_THIRD_PARTY/timeline/hex_jobscreator/dist/img/blips/sprites/blip_sprite_853.png,1094,third-party-license-review
server/[timeline]/hex_jobscreator/dist/img/blips/sprites/blip_sprite_56.png,_REVIEW_THIRD_PARTY/timeline/hex_jobscreator/dist/img/blips/sprites/blip_sprite_56.png,990,third-party-license-review
server/[timeline]/hex_jobscreator/dist/img/blips/sprites/blip_sprite_175.png,_REVIEW_THIRD_PARTY/timeline/hex_jobscreator/dist/img/blips/sprites/blip_sprite_175.png,598,third-party-license-review
server/[timeline]/hex_jobscreator/dist/img/blips/sprites/blip_sprite_837.png,_REVIEW_THIRD_PARTY/timeline/hex_jobscreator/dist/img/blips/sprites/blip_sprite_837.png,820,third-party-license-review
server/[timeline]/hex_jobscreator/dist/img/blips/sprites/blip_sprite_812.png,_REVIEW_THIRD_PARTY/timeline/hex_jobscreator/dist/img/blips/sprites/blip_sprite_812.png,1008,third-party-license-review
server/[timeline]/hex_jobscreator/dist/img/blips/sprites/blip_sprite_624.png,_REVIEW_THIRD_PARTY/timeline/hex_jobscreator/dist/img/blips/sprites/blip_sprite_624.png,810,third-party-license-review
server/[timeline]/hex_jobscreator/dist/img/blips/sprites/blip_sprite_526.png,_REVIEW_THIRD_PARTY/timeline/hex_jobscreator/dist/img/blips/sprites/blip_sprite_526.png,908,third-party-license-review
server/[timeline]/hex_jobscreator/dist/img/blips/sprites/blip_sprite_799.png,_REVIEW_THIRD_PARTY/timeline/hex_jobscreator/dist/img/blips/sprites/blip_sprite_799.png,1200,third-party-license-review
server/[timeline]/hex_jobscreator/dist/img/blips/sprites/blip_sprite_410.png,_REVIEW_THIRD_PARTY/timeline/hex_jobscreator/dist/img/blips/sprites/blip_sprite_410.png,916,third-party-license-review
server/[timeline]/hex_jobscreator/dist/img/blips/sprites/blip_sprite_836.png,_REVIEW_THIRD_PARTY/timeline/hex_jobscreator/dist/img/blips/sprites/blip_sprite_836.png,1246,third-party-license-review
server/[timeline]/hex_jobscreator/dist/img/blips/sprites/blip_sprite_371.png,_REVIEW_THIRD_PARTY/timeline/hex_jobscreator/dist/img/blips/sprites/blip_sprite_371.png,1178,third-party-license-review
server/[timeline]/hex_jobscreator/dist/img/blips/sprites/blip_sprite_408.png,_REVIEW_THIRD_PARTY/timeline/hex_jobscreator/dist/img/blips/sprites/blip_sprite_408.png,694,third-party-license-review
server/[timeline]/hex_jobscreator/dist/img/blips/sprites/blip_sprite_814.png,_REVIEW_THIRD_PARTY/timeline/hex_jobscreator/dist/img/blips/sprites/blip_sprite_814.png,1036,third-party-license-review
server/[timeline]/hex_jobscreator/dist/img/blips/sprites/blip_sprite_522.png,_REVIEW_THIRD_PARTY/timeline/hex_jobscreator/dist/img/blips/sprites/blip_sprite_522.png,866,third-party-license-review
server/[timeline]/hex_jobscreator/dist/img/blips/sprites/blip_sprite_51.png,_REVIEW_THIRD_PARTY/timeline/hex_jobscreator/dist/img/blips/sprites/blip_sprite_51.png,984,third-party-license-review
server/[timeline]/hex_jobscreator/dist/img/blips/sprites/blip_sprite_570.png,_REVIEW_THIRD_PARTY/timeline/hex_jobscreator/dist/img/blips/sprites/blip_sprite_570.png,692,third-party-license-review
server/[timeline]/hex_jobscreator/dist/img/blips/sprites/blip_sprite_494.png,_REVIEW_THIRD_PARTY/timeline/hex_jobscreator/dist/img/blips/sprites/blip_sprite_494.png,1046,third-party-license-review
server/[timeline]/hex_jobscreator/dist/img/blips/sprites/blip_sprite_162.png,_REVIEW_THIRD_PARTY/timeline/hex_jobscreator/dist/img/blips/sprites/blip_sprite_162.png,1028,third-party-license-review
server/[timeline]/hex_jobscreator/dist/img/blips/sprites/blip_sprite_377.png,_REVIEW_THIRD_PARTY/timeline/hex_jobscreator/dist/img/blips/sprites/blip_sprite_377.png,900,third-party-license-review
server/[timeline]/hex_jobscreator/dist/img/blips/sprites/blip_sprite_601.png,_REVIEW_THIRD_PARTY/timeline/hex_jobscreator/dist/img/blips/sprites/blip_sprite_601.png,948,third-party-license-review
server/[timeline]/hex_jobscreator/dist/img/blips/sprites/blip_sprite_667.png,_REVIEW_THIRD_PARTY/timeline/hex_jobscreator/dist/img/blips/sprites/blip_sprite_667.png,1008,third-party-license-review
server/[timeline]/hex_jobscreator/dist/img/blips/sprites/blip_sprite_376.png,_REVIEW_THIRD_PARTY/timeline/hex_jobscreator/dist/img/blips/sprites/blip_sprite_376.png,1134,third-party-license-review
server/[timeline]/hex_jobscreator/dist/img/blips/sprites/blip_sprite_530.png,_REVIEW_THIRD_PARTY/timeline/hex_jobscreator/dist/img/blips/sprites/blip_sprite_530.png,878,third-party-license-review
server/[timeline]/hex_jobscreator/dist/img/blips/sprites/blip_sprite_527.png,_REVIEW_THIRD_PARTY/timeline/hex_jobscreator/dist/img/blips/sprites/blip_sprite_527.png,1130,third-party-license-review
server/[timeline]/hex_jobscreator/dist/img/blips/sprites/blip_sprite_446.png,_REVIEW_THIRD_PARTY/timeline/hex_jobscreator/dist/img/blips/sprites/blip_sprite_446.png,1530,third-party-license-review
server/[timeline]/hex_jobscreator/dist/img/blips/sprites/blip_sprite_678.png,_REVIEW_THIRD_PARTY/timeline/hex_jobscreator/dist/img/blips/sprites/blip_sprite_678.png,1420,third-party-license-review
server/[timeline]/hex_jobscreator/dist/img/blips/sprites/blip_sprite_722.png,_REVIEW_THIRD_PARTY/timeline/hex_jobscreator/dist/img/blips/sprites/blip_sprite_722.png,644,third-party-license-review
server/[timeline]/hex_jobscreator/dist/img/blips/sprites/blip_sprite_784.png,_REVIEW_THIRD_PARTY/timeline/hex_jobscreator/dist/img/blips/sprites/blip_sprite_784.png,1136,third-party-license-review
server/[timeline]/hex_jobscreator/dist/img/blips/sprites/blip_sprite_714.png,_REVIEW_THIRD_PARTY/timeline/hex_jobscreator/dist/img/blips/sprites/blip_sprite_714.png,626,third-party-license-review
server/[timeline]/hex_jobscreator/dist/img/blips/sprites/blip_sprite_754.png,_REVIEW_THIRD_PARTY/timeline/hex_jobscreator/dist/img/blips/sprites/blip_sprite_754.png,990,third-party-license-review
server/[timeline]/hex_jobscreator/dist/img/blips/sprites/blip_sprite_359.png,_REVIEW_THIRD_PARTY/timeline/hex_jobscreator/dist/img/blips/sprites/blip_sprite_359.png,1068,third-party-license-review
server/[timeline]/hex_jobscreator/dist/img/blips/sprites/blip_sprite_188.png,_REVIEW_THIRD_PARTY/timeline/hex_jobscreator/dist/img/blips/sprites/blip_sprite_188.png,936,third-party-license-review
server/[timeline]/hex_jobscreator/dist/img/blips/sprites/blip_sprite_558.png,_REVIEW_THIRD_PARTY/timeline/hex_jobscreator/dist/img/blips/sprites/blip_sprite_558.png,888,third-party-license-review
server/[timeline]/hex_jobscreator/dist/img/blips/sprites/blip_sprite_418.png,_REVIEW_THIRD_PARTY/timeline/hex_jobscreator/dist/img/blips/sprites/blip_sprite_418.png,910,third-party-license-review
server/[timeline]/hex_jobscreator/dist/img/blips/sprites/blip_sprite_844.png,_REVIEW_THIRD_PARTY/timeline/hex_jobscreator/dist/img/blips/sprites/blip_sprite_844.png,958,third-party-license-review
server/[timeline]/hex_jobscreator/dist/img/blips/sprites/blip_sprite_121.png,_REVIEW_THIRD_PARTY/timeline/hex_jobscreator/dist/img/blips/sprites/blip_sprite_121.png,1052,third-party-license-review
server/[timeline]/hex_jobscreator/dist/img/blips/sprites/blip_sprite_498.png,_REVIEW_THIRD_PARTY/timeline/hex_jobscreator/dist/img/blips/sprites/blip_sprite_498.png,838,third-party-license-review
server/[timeline]/hex_jobscreator/dist/img/blips/sprites/blip_sprite_820.png,_REVIEW_THIRD_PARTY/timeline/hex_jobscreator/dist/img/blips/sprites/blip_sprite_820.png,1108,third-party-license-review
server/[timeline]/hex_jobscreator/dist/img/blips/sprites/blip_sprite_401.png,_REVIEW_THIRD_PARTY/timeline/hex_jobscreator/dist/img/blips/sprites/blip_sprite_401.png,992,third-party-license-review
server/[timeline]/hex_jobscreator/dist/img/blips/sprites/blip_sprite_404.png,_REVIEW_THIRD_PARTY/timeline/hex_jobscreator/dist/img/blips/sprites/blip_sprite_404.png,998,third-party-license-review
server/[timeline]/hex_jobscreator/dist/img/blips/sprites/blip_sprite_591.png,_REVIEW_THIRD_PARTY/timeline/hex_jobscreator/dist/img/blips/sprites/blip_sprite_591.png,424,third-party-license-review
server/[timeline]/hex_jobscreator/dist/img/blips/sprites/blip_sprite_786.png,_REVIEW_THIRD_PARTY/timeline/hex_jobscreator/dist/img/blips/sprites/blip_sprite_786.png,1120,third-party-license-review
server/[timeline]/hex_jobscreator/dist/img/blips/sprites/blip_sprite_173.png,_REVIEW_THIRD_PARTY/timeline/hex_jobscreator/dist/img/blips/sprites/blip_sprite_173.png,658,third-party-license-review
server/[timeline]/hex_jobscreator/dist/img/blips/sprites/blip_sprite_907.png,_REVIEW_THIRD_PARTY/timeline/hex_jobscreator/dist/img/blips/sprites/blip_sprite_907.png,852,third-party-license-review
server/[timeline]/hex_jobscreator/dist/img/blips/sprites/blip_sprite_88.png,_REVIEW_THIRD_PARTY/timeline/hex_jobscreator/dist/img/blips/sprites/blip_sprite_88.png,606,third-party-license-review
server/[timeline]/hex_jobscreator/dist/img/blips/sprites/blip_sprite_381.png,_REVIEW_THIRD_PARTY/timeline/hex_jobscreator/dist/img/blips/sprites/blip_sprite_381.png,1102,third-party-license-review
server/[timeline]/hex_jobscreator/dist/img/blips/sprites/blip_sprite_578.png,_REVIEW_THIRD_PARTY/timeline/hex_jobscreator/dist/img/blips/sprites/blip_sprite_578.png,892,third-party-license-review
server/[timeline]/hex_jobscreator/dist/img/blips/sprites/blip_sprite_16.png,_REVIEW_THIRD_PARTY/timeline/hex_jobscreator/dist/img/blips/sprites/blip_sprite_16.png,878,third-party-license-review
server/[timeline]/hex_jobscreator/dist/img/blips/sprites/blip_sprite_681.png,_REVIEW_THIRD_PARTY/timeline/hex_jobscreator/dist/img/blips/sprites/blip_sprite_681.png,1562,third-party-license-review
server/[timeline]/hex_jobscreator/dist/img/blips/sprites/blip_sprite_766.png,_REVIEW_THIRD_PARTY/timeline/hex_jobscreator/dist/img/blips/sprites/blip_sprite_766.png,1168,third-party-license-review
server/[timeline]/hex_jobscreator/dist/img/blips/sprites/blip_sprite_770.png,_REVIEW_THIRD_PARTY/timeline/hex_jobscreator/dist/img/blips/sprites/blip_sprite_770.png,886,third-party-license-review
server/[timeline]/hex_jobscreator/dist/img/blips/sprites/blip_sprite_72.png,_REVIEW_THIRD_PARTY/timeline/hex_jobscreator/dist/img/blips/sprites/blip_sprite_72.png,930,third-party-license-review
server/[timeline]/hex_jobscreator/dist/img/blips/sprites/blip_sprite_755.png,_REVIEW_THIRD_PARTY/timeline/hex_jobscreator/dist/img/blips/sprites/blip_sprite_755.png,886,third-party-license-review
server/[timeline]/hex_jobscreator/dist/img/blips/sprites/blip_sprite_380.png,_REVIEW_THIRD_PARTY/timeline/hex_jobscreator/dist/img/blips/sprites/blip_sprite_380.png,1050,third-party-license-review
server/[timeline]/hex_jobscreator/dist/img/blips/sprites/blip_sprite_588.png,_REVIEW_THIRD_PARTY/timeline/hex_jobscreator/dist/img/blips/sprites/blip_sprite_588.png,940,third-party-license-review
server/[timeline]/hex_jobscreator/dist/img/blips/sprites/blip_sprite_110.png,_REVIEW_THIRD_PARTY/timeline/hex_jobscreator/dist/img/blips/sprites/blip_sprite_110.png,848,third-party-license-review
server/[timeline]/hex_jobscreator/dist/img/blips/sprites/blip_sprite_727.png,_REVIEW_THIRD_PARTY/timeline/hex_jobscreator/dist/img/blips/sprites/blip_sprite_727.png,1152,third-party-license-review
server/[timeline]/hex_jobscreator/dist/img/blips/sprites/blip_sprite_736.png,_REVIEW_THIRD_PARTY/timeline/hex_jobscreator/dist/img/blips/sprites/blip_sprite_736.png,1348,third-party-license-review
server/[timeline]/hex_jobscreator/dist/img/blips/sprites/blip_sprite_609.png,_REVIEW_THIRD_PARTY/timeline/hex_jobscreator/dist/img/blips/sprites/blip_sprite_609.png,1824,third-party-license-review
server/[timeline]/hex_jobscreator/dist/img/blips/sprites/blip_sprite_621.png,_REVIEW_THIRD_PARTY/timeline/hex_jobscreator/dist/img/blips/sprites/blip_sprite_621.png,694,third-party-license-review
server/[timeline]/hex_jobscreator/dist/img/blips/sprites/blip_sprite_544.png,_REVIEW_THIRD_PARTY/timeline/hex_jobscreator/dist/img/blips/sprites/blip_sprite_544.png,574,third-party-license-review
server/[timeline]/hex_jobscreator/dist/img/blips/sprites/blip_sprite_481.png,_REVIEW_THIRD_PARTY/timeline/hex_jobscreator/dist/img/blips/sprites/blip_sprite_481.png,1106,third-party-license-review
server/[timeline]/hex_jobscreator/dist/img/blips/sprites/blip_sprite_531.png,_REVIEW_THIRD_PARTY/timeline/hex_jobscreator/dist/img/blips/sprites/blip_sprite_531.png,814,third-party-license-review
server/[timeline]/hex_jobscreator/dist/img/blips/sprites/blip_sprite_267.png,_REVIEW_THIRD_PARTY/timeline/hex_jobscreator/dist/img/blips/sprites/blip_sprite_267.png,802,third-party-license-review
server/[timeline]/hex_jobscreator/dist/img/blips/sprites/blip_sprite_357.png,_REVIEW_THIRD_PARTY/timeline/hex_jobscreator/dist/img/blips/sprites/blip_sprite_357.png,928,third-party-license-review
server/[timeline]/hex_jobscreator/dist/img/blips/sprites/blip_sprite_550.png,_REVIEW_THIRD_PARTY/timeline/hex_jobscreator/dist/img/blips/sprites/blip_sprite_550.png,1074,third-party-license-review
server/[timeline]/hex_jobscreator/dist/img/blips/sprites/blip_sprite_760.png,_REVIEW_THIRD_PARTY/timeline/hex_jobscreator/dist/img/blips/sprites/blip_sprite_760.png,936,third-party-license-review
server/[timeline]/hex_jobscreator/dist/img/blips/sprites/blip_sprite_402.png,_REVIEW_THIRD_PARTY/timeline/hex_jobscreator/dist/img/blips/sprites/blip_sprite_402.png,688,third-party-license-review
server/[timeline]/hex_jobscreator/dist/img/blips/sprites/blip_sprite_683.png,_REVIEW_THIRD_PARTY/timeline/hex_jobscreator/dist/img/blips/sprites/blip_sprite_683.png,1280,third-party-license-review
server/[timeline]/hex_jobscreator/dist/img/blips/sprites/blip_sprite_398.png,_REVIEW_THIRD_PARTY/timeline/hex_jobscreator/dist/img/blips/sprites/blip_sprite_398.png,854,third-party-license-review
server/[timeline]/hex_jobscreator/dist/img/blips/sprites/blip_sprite_663.png,_REVIEW_THIRD_PARTY/timeline/hex_jobscreator/dist/img/blips/sprites/blip_sprite_663.png,968,third-party-license-review
server/[timeline]/hex_jobscreator/dist/img/blips/sprites/blip_sprite_493.png,_REVIEW_THIRD_PARTY/timeline/hex_jobscreator/dist/img/blips/sprites/blip_sprite_493.png,1048,third-party-license-review
server/[timeline]/hex_jobscreator/dist/img/blips/sprites/blip_sprite_379.png,_REVIEW_THIRD_PARTY/timeline/hex_jobscreator/dist/img/blips/sprites/blip_sprite_379.png,1002,third-party-license-review
server/[timeline]/hex_jobscreator/dist/img/blips/sprites/blip_sprite_706.png,_REVIEW_THIRD_PARTY/timeline/hex_jobscreator/dist/img/blips/sprites/blip_sprite_706.png,718,third-party-license-review
server/[timeline]/hex_jobscreator/dist/img/blips/sprites/blip_sprite_466.png,_REVIEW_THIRD_PARTY/timeline/hex_jobscreator/dist/img/blips/sprites/blip_sprite_466.png,836,third-party-license-review
server/[timeline]/hex_jobscreator/dist/img/blips/sprites/blip_sprite_150.png,_REVIEW_THIRD_PARTY/timeline/hex_jobscreator/dist/img/blips/sprites/blip_sprite_150.png,776,third-party-license-review
server/[timeline]/hex_jobscreator/dist/img/blips/sprites/blip_sprite_630.png,_REVIEW_THIRD_PARTY/timeline/hex_jobscreator/dist/img/blips/sprites/blip_sprite_630.png,976,third-party-license-review
server/[timeline]/hex_jobscreator/dist/img/blips/sprites/blip_sprite_672.png,_REVIEW_THIRD_PARTY/timeline/hex_jobscreator/dist/img/blips/sprites/blip_sprite_672.png,1082,third-party-license-review
server/[timeline]/hex_jobscreator/dist/img/blips/sprites/blip_sprite_843.png,_REVIEW_THIRD_PARTY/timeline/hex_jobscreator/dist/img/blips/sprites/blip_sprite_843.png,970,third-party-license-review
server/[timeline]/hex_jobscreator/dist/img/blips/sprites/blip_sprite_801.png,_REVIEW_THIRD_PARTY/timeline/hex_jobscreator/dist/img/blips/sprites/blip_sprite_801.png,1092,third-party-license-review
server/[timeline]/hex_jobscreator/dist/img/blips/sprites/blip_sprite_355.png,_REVIEW_THIRD_PARTY/timeline/hex_jobscreator/dist/img/blips/sprites/blip_sprite_355.png,910,third-party-license-review
server/[timeline]/hex_jobscreator/dist/img/blips/sprites/blip_sprite_702.png,_REVIEW_THIRD_PARTY/timeline/hex_jobscreator/dist/img/blips/sprites/blip_sprite_702.png,442,third-party-license-review
server/[timeline]/hex_jobscreator/dist/img/blips/sprites/blip_sprite_666.png,_REVIEW_THIRD_PARTY/timeline/hex_jobscreator/dist/img/blips/sprites/blip_sprite_666.png,1254,third-party-license-review
server/[timeline]/hex_jobscreator/dist/img/blips/sprites/blip_sprite_565.png,_REVIEW_THIRD_PARTY/timeline/hex_jobscreator/dist/img/blips/sprites/blip_sprite_565.png,1026,third-party-license-review
server/[timeline]/hex_jobscreator/dist/img/blips/sprites/blip_sprite_697.png,_REVIEW_THIRD_PARTY/timeline/hex_jobscreator/dist/img/blips/sprites/blip_sprite_697.png,750,third-party-license-review
server/[timeline]/hex_jobscreator/dist/img/blips/sprites/blip_sprite_749.png,_REVIEW_THIRD_PARTY/timeline/hex_jobscreator/dist/img/blips/sprites/blip_sprite_749.png,1226,third-party-license-review
server/[timeline]/hex_jobscreator/dist/img/blips/sprites/blip_sprite_85.png,_REVIEW_THIRD_PARTY/timeline/hex_jobscreator/dist/img/blips/sprites/blip_sprite_85.png,1044,third-party-license-review
server/[timeline]/hex_jobscreator/dist/img/blips/sprites/blip_sprite_174.png,_REVIEW_THIRD_PARTY/timeline/hex_jobscreator/dist/img/blips/sprites/blip_sprite_174.png,752,third-party-license-review
server/[timeline]/hex_jobscreator/dist/img/blips/sprites/blip_sprite_313.png,_REVIEW_THIRD_PARTY/timeline/hex_jobscreator/dist/img/blips/sprites/blip_sprite_313.png,1416,third-party-license-review
server/[timeline]/hex_jobscreator/dist/img/blips/sprites/blip_sprite_541.png,_REVIEW_THIRD_PARTY/timeline/hex_jobscreator/dist/img/blips/sprites/blip_sprite_541.png,964,third-party-license-review
server/[timeline]/hex_jobscreator/dist/img/blips/sprites/blip_sprite_611.png,_REVIEW_THIRD_PARTY/timeline/hex_jobscreator/dist/img/blips/sprites/blip_sprite_611.png,972,third-party-license-review
server/[timeline]/hex_jobscreator/dist/img/blips/sprites/blip_sprite_604.png,_REVIEW_THIRD_PARTY/timeline/hex_jobscreator/dist/img/blips/sprites/blip_sprite_604.png,334,third-party-license-review
server/[timeline]/hex_jobscreator/dist/img/blips/sprites/blip_sprite_756.png,_REVIEW_THIRD_PARTY/timeline/hex_jobscreator/dist/img/blips/sprites/blip_sprite_756.png,998,third-party-license-review
server/[timeline]/hex_jobscreator/dist/img/blips/sprites/blip_sprite_382.png,_REVIEW_THIRD_PARTY/timeline/hex_jobscreator/dist/img/blips/sprites/blip_sprite_382.png,1072,third-party-license-review
server/[timeline]/hex_jobscreator/dist/img/blips/sprites/blip_sprite_534.png,_REVIEW_THIRD_PARTY/timeline/hex_jobscreator/dist/img/blips/sprites/blip_sprite_534.png,870,third-party-license-review
server/[timeline]/hex_jobscreator/dist/img/blips/sprites/blip_sprite_229.png,_REVIEW_THIRD_PARTY/timeline/hex_jobscreator/dist/img/blips/sprites/blip_sprite_229.png,1038,third-party-license-review
server/[timeline]/hex_jobscreator/dist/img/blips/sprites/blip_sprite_898.png,_REVIEW_THIRD_PARTY/timeline/hex_jobscreator/dist/img/blips/sprites/blip_sprite_898.png,896,third-party-license-review
server/[timeline]/hex_jobscreator/dist/img/blips/sprites/blip_sprite_873.png,_REVIEW_THIRD_PARTY/timeline/hex_jobscreator/dist/img/blips/sprites/blip_sprite_873.png,818,third-party-license-review
server/[timeline]/hex_jobscreator/dist/img/blips/sprites/blip_sprite_618.png,_REVIEW_THIRD_PARTY/timeline/hex_jobscreator/dist/img/blips/sprites/blip_sprite_618.png,750,third-party-license-review
server/[timeline]/hex_jobscreator/dist/img/blips/sprites/blip_sprite_701.png,_REVIEW_THIRD_PARTY/timeline/hex_jobscreator/dist/img/blips/sprites/blip_sprite_701.png,792,third-party-license-review
server/[timeline]/hex_jobscreator/dist/img/blips/sprites/blip_sprite_436.png,_REVIEW_THIRD_PARTY/timeline/hex_jobscreator/dist/img/blips/sprites/blip_sprite_436.png,1042,third-party-license-review
server/[timeline]/hex_jobscreator/dist/img/blips/sprites/blip_sprite_856.png,_REVIEW_THIRD_PARTY/timeline/hex_jobscreator/dist/img/blips/sprites/blip_sprite_856.png,928,third-party-license-review
server/[timeline]/hex_jobscreator/dist/img/blips/sprites/blip_sprite_316.png,_REVIEW_THIRD_PARTY/timeline/hex_jobscreator/dist/img/blips/sprites/blip_sprite_316.png,1040,third-party-license-review
server/[timeline]/hex_jobscreator/dist/img/blips/sprites/blip_sprite_865.png,_REVIEW_THIRD_PARTY/timeline/hex_jobscreator/dist/img/blips/sprites/blip_sprite_865.png,906,third-party-license-review
server/[timeline]/hex_jobscreator/dist/img/blips/sprites/blip_sprite_163.png,_REVIEW_THIRD_PARTY/timeline/hex_jobscreator/dist/img/blips/sprites/blip_sprite_163.png,660,third-party-license-review
server/[timeline]/hex_jobscreator/dist/img/blips/sprites/blip_sprite_310.png,_REVIEW_THIRD_PARTY/timeline/hex_jobscreator/dist/img/blips/sprites/blip_sprite_310.png,1096,third-party-license-review
server/[timeline]/hex_jobscreator/dist/img/blips/sprites/blip_sprite_613.png,_REVIEW_THIRD_PARTY/timeline/hex_jobscreator/dist/img/blips/sprites/blip_sprite_613.png,770,third-party-license-review
server/[timeline]/hex_jobscreator/dist/img/blips/sprites/blip_sprite_568.png,_REVIEW_THIRD_PARTY/timeline/hex_jobscreator/dist/img/blips/sprites/blip_sprite_568.png,628,third-party-license-review
server/[timeline]/hex_jobscreator/dist/img/blips/sprites/blip_sprite_710.png,_REVIEW_THIRD_PARTY/timeline/hex_jobscreator/dist/img/blips/sprites/blip_sprite_710.png,838,third-party-license-review
server/[timeline]/hex_jobscreator/dist/img/blips/sprites/blip_sprite_612.png,_REVIEW_THIRD_PARTY/timeline/hex_jobscreator/dist/img/blips/sprites/blip_sprite_612.png,978,third-party-license-review
server/[timeline]/hex_jobscreator/dist/img/blips/sprites/blip_sprite_651.png,_REVIEW_THIRD_PARTY/timeline/hex_jobscreator/dist/img/blips/sprites/blip_sprite_651.png,810,third-party-license-review
server/[timeline]/hex_jobscreator/dist/img/blips/sprites/blip_sprite_548.png,_REVIEW_THIRD_PARTY/timeline/hex_jobscreator/dist/img/blips/sprites/blip_sprite_548.png,714,third-party-license-review
server/[timeline]/hex_jobscreator/dist/img/blips/sprites/blip_sprite_764.png,_REVIEW_THIRD_PARTY/timeline/hex_jobscreator/dist/img/blips/sprites/blip_sprite_764.png,674,third-party-license-review
server/[timeline]/hex_jobscreator/dist/img/blips/sprites/blip_sprite_917.png,_REVIEW_THIRD_PARTY/timeline/hex_jobscreator/dist/img/blips/sprites/blip_sprite_917.png,926,third-party-license-review
server/[timeline]/hex_jobscreator/dist/img/blips/sprites/blip_sprite_308.png,_REVIEW_THIRD_PARTY/timeline/hex_jobscreator/dist/img/blips/sprites/blip_sprite_308.png,896,third-party-license-review
server/[timeline]/hex_jobscreator/dist/img/blips/sprites/blip_sprite_721.png,_REVIEW_THIRD_PARTY/timeline/hex_jobscreator/dist/img/blips/sprites/blip_sprite_721.png,872,third-party-license-review
server/[timeline]/hex_jobscreator/dist/img/blips/sprites/blip_sprite_435.png,_REVIEW_THIRD_PARTY/timeline/hex_jobscreator/dist/img/blips/sprites/blip_sprite_435.png,1042,third-party-license-review
server/[timeline]/hex_jobscreator/dist/img/blips/sprites/blip_sprite_463.png,_REVIEW_THIRD_PARTY/timeline/hex_jobscreator/dist/img/blips/sprites/blip_sprite_463.png,882,third-party-license-review
server/[timeline]/hex_jobscreator/dist/img/blips/sprites/blip_sprite_119.png,_REVIEW_THIRD_PARTY/timeline/hex_jobscreator/dist/img/blips/sprites/blip_sprite_119.png,1052,third-party-license-review
server/[timeline]/hex_jobscreator/dist/img/blips/sprites/blip_sprite_367.png,_REVIEW_THIRD_PARTY/timeline/hex_jobscreator/dist/img/blips/sprites/blip_sprite_367.png,652,third-party-license-review
server/[timeline]/hex_jobscreator/dist/img/blips/sprites/blip_sprite_835.png,_REVIEW_THIRD_PARTY/timeline/hex_jobscreator/dist/img/blips/sprites/blip_sprite_835.png,756,third-party-license-review
server/[timeline]/hex_jobscreator/dist/img/blips/sprites/blip_sprite_660.png,_REVIEW_THIRD_PARTY/timeline/hex_jobscreator/dist/img/blips/sprites/blip_sprite_660.png,1216,third-party-license-review
server/[timeline]/hex_jobscreator/dist/img/blips/sprites/blip_sprite_567.png,_REVIEW_THIRD_PARTY/timeline/hex_jobscreator/dist/img/blips/sprites/blip_sprite_567.png,724,third-party-license-review
server/[timeline]/hex_jobscreator/dist/img/blips/sprites/blip_sprite_642.png,_REVIEW_THIRD_PARTY/timeline/hex_jobscreator/dist/img/blips/sprites/blip_sprite_642.png,1508,third-party-license-review
server/[timeline]/hex_jobscreator/dist/img/blips/sprites/blip_sprite_1.png,_REVIEW_THIRD_PARTY/timeline/hex_jobscreator/dist/img/blips/sprites/blip_sprite_1.png,682,third-party-license-review
server/[timeline]/hex_jobscreator/dist/img/blips/sprites/blip_sprite_409.png,_REVIEW_THIRD_PARTY/timeline/hex_jobscreator/dist/img/blips/sprites/blip_sprite_409.png,912,third-party-license-review
server/[timeline]/hex_jobscreator/dist/img/blips/sprites/blip_sprite_314.png,_REVIEW_THIRD_PARTY/timeline/hex_jobscreator/dist/img/blips/sprites/blip_sprite_314.png,1140,third-party-license-review
server/[timeline]/hex_jobscreator/dist/img/blips/sprites/blip_sprite_627.png,_REVIEW_THIRD_PARTY/timeline/hex_jobscreator/dist/img/blips/sprites/blip_sprite_627.png,1628,third-party-license-review
server/[timeline]/hex_jobscreator/dist/img/blips/sprites/blip_sprite_559.png,_REVIEW_THIRD_PARTY/timeline/hex_jobscreator/dist/img/blips/sprites/blip_sprite_559.png,966,third-party-license-review
server/[timeline]/hex_jobscreator/dist/img/blips/sprites/blip_sprite_711.png,_REVIEW_THIRD_PARTY/timeline/hex_jobscreator/dist/img/blips/sprites/blip_sprite_711.png,624,third-party-license-review
server/[timeline]/hex_jobscreator/dist/img/blips/sprites/blip_sprite_896.png,_REVIEW_THIRD_PARTY/timeline/hex_jobscreator/dist/img/blips/sprites/blip_sprite_896.png,1150,third-party-license-review
server/[timeline]/hex_jobscreator/dist/img/blips/sprites/blip_sprite_437.png,_REVIEW_THIRD_PARTY/timeline/hex_jobscreator/dist/img/blips/sprites/blip_sprite_437.png,1302,third-party-license-review
server/[timeline]/hex_jobscreator/dist/img/blips/sprites/blip_sprite_90.png,_REVIEW_THIRD_PARTY/timeline/hex_jobscreator/dist/img/blips/sprites/blip_sprite_90.png,1054,third-party-license-review
server/[timeline]/hex_jobscreator/dist/img/blips/sprites/blip_sprite_838.png,_REVIEW_THIRD_PARTY/timeline/hex_jobscreator/dist/img/blips/sprites/blip_sprite_838.png,938,third-party-license-review
server/[timeline]/hex_jobscreator/dist/img/blips/sprites/blip_sprite_823.png,_REVIEW_THIRD_PARTY/timeline/hex_jobscreator/dist/img/blips/sprites/blip_sprite_823.png,1062,third-party-license-review
server/[timeline]/hex_jobscreator/dist/img/blips/sprites/blip_sprite_378.png,_REVIEW_THIRD_PARTY/timeline/hex_jobscreator/dist/img/blips/sprites/blip_sprite_378.png,1460,third-party-license-review
server/[timeline]/hex_jobscreator/dist/img/blips/sprites/blip_sprite_703.png,_REVIEW_THIRD_PARTY/timeline/hex_jobscreator/dist/img/blips/sprites/blip_sprite_703.png,788,third-party-license-review
server/[timeline]/hex_jobscreator/dist/img/blips/sprites/blip_sprite_713.png,_REVIEW_THIRD_PARTY/timeline/hex_jobscreator/dist/img/blips/sprites/blip_sprite_713.png,628,third-party-license-review
server/[timeline]/hex_jobscreator/dist/img/blips/sprites/blip_sprite_694.png,_REVIEW_THIRD_PARTY/timeline/hex_jobscreator/dist/img/blips/sprites/blip_sprite_694.png,694,third-party-license-review
server/[timeline]/hex_jobscreator/dist/img/blips/sprites/blip_sprite_472.png,_REVIEW_THIRD_PARTY/timeline/hex_jobscreator/dist/img/blips/sprites/blip_sprite_472.png,758,third-party-license-review
server/[timeline]/hex_jobscreator/dist/img/blips/sprites/blip_sprite_528.png,_REVIEW_THIRD_PARTY/timeline/hex_jobscreator/dist/img/blips/sprites/blip_sprite_528.png,1076,third-party-license-review
server/[timeline]/hex_jobscreator/dist/img/blips/sprites/blip_sprite_427.png,_REVIEW_THIRD_PARTY/timeline/hex_jobscreator/dist/img/blips/sprites/blip_sprite_427.png,880,third-party-license-review
server/[timeline]/hex_jobscreator/dist/img/blips/sprites/blip_sprite_71.png,_REVIEW_THIRD_PARTY/timeline/hex_jobscreator/dist/img/blips/sprites/blip_sprite_71.png,1214,third-party-license-review
server/[timeline]/hex_jobscreator/dist/img/blips/sprites/blip_sprite_569.png,_REVIEW_THIRD_PARTY/timeline/hex_jobscreator/dist/img/blips/sprites/blip_sprite_569.png,810,third-party-license-review
server/[timeline]/hex_jobscreator/dist/img/blips/sprites/blip_sprite_93.png,_REVIEW_THIRD_PARTY/timeline/hex_jobscreator/dist/img/blips/sprites/blip_sprite_93.png,1006,third-party-license-review
server/[timeline]/hex_jobscreator/dist/img/blips/sprites/blip_sprite_855.png,_REVIEW_THIRD_PARTY/timeline/hex_jobscreator/dist/img/blips/sprites/blip_sprite_855.png,856,third-party-license-review
server/[timeline]/hex_jobscreator/dist/img/blips/sprites/blip_sprite_549.png,_REVIEW_THIRD_PARTY/timeline/hex_jobscreator/dist/img/blips/sprites/blip_sprite_549.png,684,third-party-license-review
server/[timeline]/hex_jobscreator/dist/img/blips/sprites/blip_sprite_606.png,_REVIEW_THIRD_PARTY/timeline/hex_jobscreator/dist/img/blips/sprites/blip_sprite_606.png,736,third-party-license-review
server/[timeline]/hex_jobscreator/dist/img/blips/sprites/blip_sprite_432.png,_REVIEW_THIRD_PARTY/timeline/hex_jobscreator/dist/img/blips/sprites/blip_sprite_432.png,902,third-party-license-review
server/[timeline]/hex_jobscreator/dist/img/blips/sprites/blip_sprite_255.png,_REVIEW_THIRD_PARTY/timeline/hex_jobscreator/dist/img/blips/sprites/blip_sprite_255.png,716,third-party-license-review
server/[timeline]/hex_jobscreator/dist/img/blips/sprites/blip_sprite_583.png,_REVIEW_THIRD_PARTY/timeline/hex_jobscreator/dist/img/blips/sprites/blip_sprite_583.png,722,third-party-license-review
server/[timeline]/hex_jobscreator/dist/img/blips/sprites/blip_sprite_274.png,_REVIEW_THIRD_PARTY/timeline/hex_jobscreator/dist/img/blips/sprites/blip_sprite_274.png,466,third-party-license-review
server/[timeline]/hex_jobscreator/dist/img/blips/sprites/blip_sprite_652.png,_REVIEW_THIRD_PARTY/timeline/hex_jobscreator/dist/img/blips/sprites/blip_sprite_652.png,626,third-party-license-review
server/[timeline]/hex_jobscreator/dist/img/blips/sprites/blip_sprite_158.png,_REVIEW_THIRD_PARTY/timeline/hex_jobscreator/dist/img/blips/sprites/blip_sprite_158.png,642,third-party-license-review
server/[timeline]/hex_jobscreator/dist/img/blips/sprites/blip_sprite_734.png,_REVIEW_THIRD_PARTY/timeline/hex_jobscreator/dist/img/blips/sprites/blip_sprite_734.png,1674,third-party-license-review
server/[timeline]/hex_jobscreator/dist/img/blips/sprites/blip_sprite_718.png,_REVIEW_THIRD_PARTY/timeline/hex_jobscreator/dist/img/blips/sprites/blip_sprite_718.png,618,third-party-license-review
server/[timeline]/hex_jobscreator/dist/img/blips/sprites/blip_sprite_908.png,_REVIEW_THIRD_PARTY/timeline/hex_jobscreator/dist/img/blips/sprites/blip_sprite_908.png,778,third-party-license-review
server/[timeline]/hex_jobscreator/dist/img/blips/sprites/blip_sprite_743.png,_REVIEW_THIRD_PARTY/timeline/hex_jobscreator/dist/img/blips/sprites/blip_sprite_743.png,752,third-party-license-review
server/[timeline]/hex_jobscreator/dist/img/blips/sprites/blip_sprite_197.png,_REVIEW_THIRD_PARTY/timeline/hex_jobscreator/dist/img/blips/sprites/blip_sprite_197.png,1256,third-party-license-review
server/[timeline]/hex_jobscreator/dist/img/blips/sprites/blip_sprite_665.png,_REVIEW_THIRD_PARTY/timeline/hex_jobscreator/dist/img/blips/sprites/blip_sprite_665.png,1180,third-party-license-review
server/[timeline]/hex_jobscreator/dist/img/blips/sprites/blip_sprite_792.png,_REVIEW_THIRD_PARTY/timeline/hex_jobscreator/dist/img/blips/sprites/blip_sprite_792.png,1042,third-party-license-review
server/[timeline]/hex_jobscreator/dist/img/blips/sprites/blip_sprite_778.png,_REVIEW_THIRD_PARTY/timeline/hex_jobscreator/dist/img/blips/sprites/blip_sprite_778.png,1438,third-party-license-review
server/[timeline]/hex_jobscreator/dist/img/blips/sprites/blip_sprite_100.png,_REVIEW_THIRD_PARTY/timeline/hex_jobscreator/dist/img/blips/sprites/blip_sprite_100.png,1018,third-party-license-review
server/[timeline]/hex_jobscreator/dist/img/blips/sprites/blip_sprite_563.png,_REVIEW_THIRD_PARTY/timeline/hex_jobscreator/dist/img/blips/sprites/blip_sprite_563.png,912,third-party-license-review
server/[timeline]/hex_jobscreator/dist/img/blips/sprites/blip_sprite_475.png,_REVIEW_THIRD_PARTY/timeline/hex_jobscreator/dist/img/blips/sprites/blip_sprite_475.png,838,third-party-license-review
server/[timeline]/hex_jobscreator/dist/img/blips/sprites/blip_sprite_688.png,_REVIEW_THIRD_PARTY/timeline/hex_jobscreator/dist/img/blips/sprites/blip_sprite_688.png,680,third-party-license-review
server/[timeline]/hex_jobscreator/dist/img/blips/sprites/blip_sprite_901.png,_REVIEW_THIRD_PARTY/timeline/hex_jobscreator/dist/img/blips/sprites/blip_sprite_901.png,1628,third-party-license-review
server/[timeline]/hex_jobscreator/dist/img/blips/sprites/blip_sprite_914.png,_REVIEW_THIRD_PARTY/timeline/hex_jobscreator/dist/img/blips/sprites/blip_sprite_914.png,816,third-party-license-review
server/[timeline]/hex_jobscreator/dist/img/blips/sprites/blip_sprite_775.png,_REVIEW_THIRD_PARTY/timeline/hex_jobscreator/dist/img/blips/sprites/blip_sprite_775.png,1144,third-party-license-review
server/[timeline]/hex_jobscreator/dist/img/blips/sprites/blip_sprite_135.png,_REVIEW_THIRD_PARTY/timeline/hex_jobscreator/dist/img/blips/sprites/blip_sprite_135.png,916,third-party-license-review
server/[timeline]/hex_jobscreator/dist/img/blips/sprites/blip_sprite_484.png,_REVIEW_THIRD_PARTY/timeline/hex_jobscreator/dist/img/blips/sprites/blip_sprite_484.png,830,third-party-license-review
server/[timeline]/hex_jobscreator/dist/img/blips/sprites/blip_sprite_752.png,_REVIEW_THIRD_PARTY/timeline/hex_jobscreator/dist/img/blips/sprites/blip_sprite_752.png,978,third-party-license-review
server/[timeline]/hex_jobscreator/dist/img/blips/sprites/blip_sprite_639.png,_REVIEW_THIRD_PARTY/timeline/hex_jobscreator/dist/img/blips/sprites/blip_sprite_639.png,956,third-party-license-review
server/[timeline]/hex_jobscreator/dist/img/blips/sprites/blip_sprite_747.png,_REVIEW_THIRD_PARTY/timeline/hex_jobscreator/dist/img/blips/sprites/blip_sprite_747.png,1142,third-party-license-review
server/[timeline]/hex_jobscreator/dist/img/blips/sprites/blip_sprite_60.png,_REVIEW_THIRD_PARTY/timeline/hex_jobscreator/dist/img/blips/sprites/blip_sprite_60.png,1078,third-party-license-review
server/[timeline]/hex_jobscreator/dist/img/blips/sprites/blip_sprite_587.png,_REVIEW_THIRD_PARTY/timeline/hex_jobscreator/dist/img/blips/sprites/blip_sprite_587.png,710,third-party-license-review
server/[timeline]/hex_jobscreator/dist/img/blips/sprites/blip_sprite_543.png,_REVIEW_THIRD_PARTY/timeline/hex_jobscreator/dist/img/blips/sprites/blip_sprite_543.png,1042,third-party-license-review
server/[timeline]/hex_jobscreator/dist/img/blips/sprites/blip_sprite_582.png,_REVIEW_THIRD_PARTY/timeline/hex_jobscreator/dist/img/blips/sprites/blip_sprite_582.png,976,third-party-license-review
server/[timeline]/hex_jobscreator/dist/img/blips/sprites/blip_sprite_872.png,_REVIEW_THIRD_PARTY/timeline/hex_jobscreator/dist/img/blips/sprites/blip_sprite_872.png,1440,third-party-license-review
server/[timeline]/hex_jobscreator/dist/img/blips/sprites/blip_sprite_285.png,_REVIEW_THIRD_PARTY/timeline/hex_jobscreator/dist/img/blips/sprites/blip_sprite_285.png,754,third-party-license-review
server/[timeline]/hex_jobscreator/dist/img/blips/sprites/blip_sprite_577.png,_REVIEW_THIRD_PARTY/timeline/hex_jobscreator/dist/img/blips/sprites/blip_sprite_577.png,614,third-party-license-review
server/[timeline]/hex_jobscreator/dist/img/blips/sprites/blip_sprite_798.png,_REVIEW_THIRD_PARTY/timeline/hex_jobscreator/dist/img/blips/sprites/blip_sprite_798.png,1052,third-party-license-review
server/[timeline]/hex_jobscreator/dist/img/blips/sprites/blip_sprite_719.png,_REVIEW_THIRD_PARTY/timeline/hex_jobscreator/dist/img/blips/sprites/blip_sprite_719.png,812,third-party-license-review
server/[timeline]/hex_jobscreator/dist/img/blips/sprites/blip_sprite_561.png,_REVIEW_THIRD_PARTY/timeline/hex_jobscreator/dist/img/blips/sprites/blip_sprite_561.png,908,third-party-license-review
server/[timeline]/hex_jobscreator/dist/img/blips/sprites/blip_sprite_442.png,_REVIEW_THIRD_PARTY/timeline/hex_jobscreator/dist/img/blips/sprites/blip_sprite_442.png,1152,third-party-license-review
server/[timeline]/hex_jobscreator/dist/img/blips/sprites/blip_sprite_780.png,_REVIEW_THIRD_PARTY/timeline/hex_jobscreator/dist/img/blips/sprites/blip_sprite_780.png,1202,third-party-license-review
server/[timeline]/hex_jobscreator/dist/img/blips/sprites/blip_sprite_795.png,_REVIEW_THIRD_PARTY/timeline/hex_jobscreator/dist/img/blips/sprites/blip_sprite_795.png,1258,third-party-license-review
server/[timeline]/hex_jobscreator/dist/img/blips/sprites/blip_sprite_43.png,_REVIEW_THIRD_PARTY/timeline/hex_jobscreator/dist/img/blips/sprites/blip_sprite_43.png,886,third-party-license-review
server/[timeline]/hex_jobscreator/dist/img/blips/sprites/blip_sprite_643.png,_REVIEW_THIRD_PARTY/timeline/hex_jobscreator/dist/img/blips/sprites/blip_sprite_643.png,1520,third-party-license-review
server/[timeline]/hex_jobscreator/dist/img/blips/sprites/blip_sprite_460.png,_REVIEW_THIRD_PARTY/timeline/hex_jobscreator/dist/img/blips/sprites/blip_sprite_460.png,902,third-party-license-review
server/[timeline]/hex_jobscreator/dist/img/blips/sprites/blip_sprite_102.png,_REVIEW_THIRD_PARTY/timeline/hex_jobscreator/dist/img/blips/sprites/blip_sprite_102.png,1254,third-party-license-review
server/[timeline]/hex_jobscreator/dist/img/blips/sprites/blip_sprite_556.png,_REVIEW_THIRD_PARTY/timeline/hex_jobscreator/dist/img/blips/sprites/blip_sprite_556.png,1144,third-party-license-review
server/[timeline]/hex_jobscreator/dist/img/blips/sprites/blip_sprite_794.png,_REVIEW_THIRD_PARTY/timeline/hex_jobscreator/dist/img/blips/sprites/blip_sprite_794.png,1162,third-party-license-review
server/[timeline]/hex_jobscreator/dist/img/blips/sprites/blip_sprite_876.png,_REVIEW_THIRD_PARTY/timeline/hex_jobscreator/dist/img/blips/sprites/blip_sprite_876.png,1278,third-party-license-review
server/[timeline]/hex_jobscreator/dist/img/blips/sprites/blip_sprite_911.png,_REVIEW_THIRD_PARTY/timeline/hex_jobscreator/dist/img/blips/sprites/blip_sprite_911.png,858,third-party-license-review
server/[timeline]/hex_jobscreator/dist/img/blips/sprites/blip_sprite_619.png,_REVIEW_THIRD_PARTY/timeline/hex_jobscreator/dist/img/blips/sprites/blip_sprite_619.png,676,third-party-license-review
server/[timeline]/hex_jobscreator/dist/img/blips/sprites/blip_sprite_539.png,_REVIEW_THIRD_PARTY/timeline/hex_jobscreator/dist/img/blips/sprites/blip_sprite_539.png,800,third-party-license-review
server/[timeline]/hex_jobscreator/dist/img/blips/sprites/blip_sprite_75.png,_REVIEW_THIRD_PARTY/timeline/hex_jobscreator/dist/img/blips/sprites/blip_sprite_75.png,1202,third-party-license-review
server/[timeline]/hex_jobscreator/dist/img/blips/sprites/blip_sprite_431.png,_REVIEW_THIRD_PARTY/timeline/hex_jobscreator/dist/img/blips/sprites/blip_sprite_431.png,848,third-party-license-review
server/[timeline]/hex_jobscreator/dist/img/blips/sprites/blip_sprite_875.png,_REVIEW_THIRD_PARTY/timeline/hex_jobscreator/dist/img/blips/sprites/blip_sprite_875.png,880,third-party-license-review
server/[timeline]/hex_jobscreator/dist/img/blips/sprites/blip_sprite_617.png,_REVIEW_THIRD_PARTY/timeline/hex_jobscreator/dist/img/blips/sprites/blip_sprite_617.png,932,third-party-license-review
server/[timeline]/hex_jobscreator/dist/img/blips/sprites/blip_sprite_753.png,_REVIEW_THIRD_PARTY/timeline/hex_jobscreator/dist/img/blips/sprites/blip_sprite_753.png,1106,third-party-license-review
server/[timeline]/hex_jobscreator/dist/img/blips/sprites/blip_sprite_279.png,_REVIEW_THIRD_PARTY/timeline/hex_jobscreator/dist/img/blips/sprites/blip_sprite_279.png,1010,third-party-license-review
server/[timeline]/hex_jobscreator/dist/img/blips/sprites/blip_sprite_673.png,_REVIEW_THIRD_PARTY/timeline/hex_jobscreator/dist/img/blips/sprites/blip_sprite_673.png,1752,third-party-license-review
server/[timeline]/hex_jobscreator/dist/img/blips/sprites/blip_sprite_156.png,_REVIEW_THIRD_PARTY/timeline/hex_jobscreator/dist/img/blips/sprites/blip_sprite_156.png,558,third-party-license-review
server/[timeline]/hex_jobscreator/dist/img/blips/sprites/blip_sprite_733.png,_REVIEW_THIRD_PARTY/timeline/hex_jobscreator/dist/img/blips/sprites/blip_sprite_733.png,904,third-party-license-review
server/[timeline]/hex_jobscreator/dist/img/blips/sprites/blip_sprite_829.png,_REVIEW_THIRD_PARTY/timeline/hex_jobscreator/dist/img/blips/sprites/blip_sprite_829.png,1282,third-party-license-review
server/[timeline]/hex_jobscreator/dist/img/blips/sprites/blip_sprite_514.png,_REVIEW_THIRD_PARTY/timeline/hex_jobscreator/dist/img/blips/sprites/blip_sprite_514.png,912,third-party-license-review
server/[timeline]/hex_jobscreator/dist/img/blips/sprites/blip_sprite_155.png,_REVIEW_THIRD_PARTY/timeline/hex_jobscreator/dist/img/blips/sprites/blip_sprite_155.png,448,third-party-license-review
server/[timeline]/hex_jobscreator/dist/img/blips/sprites/blip_sprite_707.png,_REVIEW_THIRD_PARTY/timeline/hex_jobscreator/dist/img/blips/sprites/blip_sprite_707.png,592,third-party-license-review
server/[timeline]/hex_jobscreator/dist/img/blips/sprites/blip_sprite_915.png,_REVIEW_THIRD_PARTY/timeline/hex_jobscreator/dist/img/blips/sprites/blip_sprite_915.png,846,third-party-license-review
server/[timeline]/hex_jobscreator/dist/img/blips/sprites/blip_sprite_152.png,_REVIEW_THIRD_PARTY/timeline/hex_jobscreator/dist/img/blips/sprites/blip_sprite_152.png,562,third-party-license-review
server/[timeline]/hex_jobscreator/dist/img/blips/sprites/blip_sprite_487.png,_REVIEW_THIRD_PARTY/timeline/hex_jobscreator/dist/img/blips/sprites/blip_sprite_487.png,812,third-party-license-review
server/[timeline]/hex_jobscreator/dist/img/blips/sprites/blip_sprite_277.png,_REVIEW_THIRD_PARTY/timeline/hex_jobscreator/dist/img/blips/sprites/blip_sprite_277.png,750,third-party-license-review
server/[timeline]/hex_jobscreator/dist/img/blips/sprites/blip_sprite_545.png,_REVIEW_THIRD_PARTY/timeline/hex_jobscreator/dist/img/blips/sprites/blip_sprite_545.png,1194,third-party-license-review
server/[timeline]/hex_jobscreator/dist/img/blips/sprites/blip_sprite_492.png,_REVIEW_THIRD_PARTY/timeline/hex_jobscreator/dist/img/blips/sprites/blip_sprite_492.png,940,third-party-license-review
server/[timeline]/hex_jobscreator/dist/img/blips/sprites/blip_sprite_831.png,_REVIEW_THIRD_PARTY/timeline/hex_jobscreator/dist/img/blips/sprites/blip_sprite_831.png,1110,third-party-license-review
server/[timeline]/hex_jobscreator/dist/img/blips/sprites/blip_sprite_625.png,_REVIEW_THIRD_PARTY/timeline/hex_jobscreator/dist/img/blips/sprites/blip_sprite_625.png,786,third-party-license-review
server/[timeline]/hex_jobscreator/dist/img/blips/sprites/blip_sprite_815.png,_REVIEW_THIRD_PARTY/timeline/hex_jobscreator/dist/img/blips/sprites/blip_sprite_815.png,1064,third-party-license-review
server/[timeline]/hex_jobscreator/dist/img/blips/sprites/blip_sprite_500.png,_REVIEW_THIRD_PARTY/timeline/hex_jobscreator/dist/img/blips/sprites/blip_sprite_500.png,974,third-party-license-review
server/[timeline]/hex_jobscreator/dist/img/blips/sprites/blip_sprite_800.png,_REVIEW_THIRD_PARTY/timeline/hex_jobscreator/dist/img/blips/sprites/blip_sprite_800.png,1146,third-party-license-review
server/[timeline]/hex_jobscreator/dist/img/blips/sprites/blip_sprite_592.png,_REVIEW_THIRD_PARTY/timeline/hex_jobscreator/dist/img/blips/sprites/blip_sprite_592.png,970,third-party-license-review
server/[timeline]/hex_jobscreator/dist/img/blips/sprites/blip_sprite_771.png,_REVIEW_THIRD_PARTY/timeline/hex_jobscreator/dist/img/blips/sprites/blip_sprite_771.png,1306,third-party-license-review
server/[timeline]/hex_jobscreator/dist/img/blips/sprites/blip_sprite_653.png,_REVIEW_THIRD_PARTY/timeline/hex_jobscreator/dist/img/blips/sprites/blip_sprite_653.png,818,third-party-license-review
server/[timeline]/hex_jobscreator/dist/img/blips/sprites/blip_sprite_712.png,_REVIEW_THIRD_PARTY/timeline/hex_jobscreator/dist/img/blips/sprites/blip_sprite_712.png,778,third-party-license-review
server/[timeline]/hex_jobscreator/dist/img/blips/sprites/blip_sprite_363.png,_REVIEW_THIRD_PARTY/timeline/hex_jobscreator/dist/img/blips/sprites/blip_sprite_363.png,1044,third-party-license-review
server/[timeline]/hex_jobscreator/dist/img/blips/sprites/blip_sprite_897.png,_REVIEW_THIRD_PARTY/timeline/hex_jobscreator/dist/img/blips/sprites/blip_sprite_897.png,922,third-party-license-review
server/[timeline]/hex_jobscreator/dist/img/blips/sprites/blip_sprite_813.png,_REVIEW_THIRD_PARTY/timeline/hex_jobscreator/dist/img/blips/sprites/blip_sprite_813.png,984,third-party-license-review
server/[timeline]/hex_jobscreator/dist/img/blips/sprites/blip_sprite_68.png,_REVIEW_THIRD_PARTY/timeline/hex_jobscreator/dist/img/blips/sprites/blip_sprite_68.png,1034,third-party-license-review
server/[timeline]/hex_jobscreator/dist/img/blips/sprites/blip_sprite_622.png,_REVIEW_THIRD_PARTY/timeline/hex_jobscreator/dist/img/blips/sprites/blip_sprite_622.png,876,third-party-license-review
server/[timeline]/hex_jobscreator/dist/img/blips/sprites/blip_sprite_496.png,_REVIEW_THIRD_PARTY/timeline/hex_jobscreator/dist/img/blips/sprites/blip_sprite_496.png,1268,third-party-license-review
server/[timeline]/hex_jobscreator/dist/img/blips/sprites/blip_sprite_857.png,_REVIEW_THIRD_PARTY/timeline/hex_jobscreator/dist/img/blips/sprites/blip_sprite_857.png,1536,third-party-license-review
server/[timeline]/hex_jobscreator/dist/img/blips/sprites/blip_sprite_471.png,_REVIEW_THIRD_PARTY/timeline/hex_jobscreator/dist/img/blips/sprites/blip_sprite_471.png,840,third-party-license-review
server/[timeline]/hex_jobscreator/dist/img/blips/sprites/blip_sprite_904.png,_REVIEW_THIRD_PARTY/timeline/hex_jobscreator/dist/img/blips/sprites/blip_sprite_904.png,1146,third-party-license-review
server/[timeline]/hex_jobscreator/dist/img/blips/sprites/blip_sprite_390.png,_REVIEW_THIRD_PARTY/timeline/hex_jobscreator/dist/img/blips/sprites/blip_sprite_390.png,208,third-party-license-review
server/[timeline]/hex_jobscreator/dist/img/blips/sprites/blip_sprite_735.png,_REVIEW_THIRD_PARTY/timeline/hex_jobscreator/dist/img/blips/sprites/blip_sprite_735.png,1236,third-party-license-review
server/[timeline]/hex_jobscreator/dist/img/blips/sprites/blip_sprite_537.png,_REVIEW_THIRD_PARTY/timeline/hex_jobscreator/dist/img/blips/sprites/blip_sprite_537.png,934,third-party-license-review
server/[timeline]/hex_jobscreator/dist/img/blips/sprites/blip_sprite_467.png,_REVIEW_THIRD_PARTY/timeline/hex_jobscreator/dist/img/blips/sprites/blip_sprite_467.png,984,third-party-license-review
server/[timeline]/hex_jobscreator/dist/img/blips/sprites/blip_sprite_698.png,_REVIEW_THIRD_PARTY/timeline/hex_jobscreator/dist/img/blips/sprites/blip_sprite_698.png,518,third-party-license-review
server/[timeline]/hex_jobscreator/dist/img/blips/sprites/blip_sprite_303.png,_REVIEW_THIRD_PARTY/timeline/hex_jobscreator/dist/img/blips/sprites/blip_sprite_303.png,874,third-party-license-review
server/[timeline]/hex_jobscreator/dist/img/blips/sprites/blip_sprite_689.png,_REVIEW_THIRD_PARTY/timeline/hex_jobscreator/dist/img/blips/sprites/blip_sprite_689.png,396,third-party-license-review
server/[timeline]/hex_jobscreator/dist/img/blips/sprites/blip_sprite_869.png,_REVIEW_THIRD_PARTY/timeline/hex_jobscreator/dist/img/blips/sprites/blip_sprite_869.png,784,third-party-license-review
server/[timeline]/hex_jobscreator/dist/img/blips/sprites/blip_sprite_151.png,_REVIEW_THIRD_PARTY/timeline/hex_jobscreator/dist/img/blips/sprites/blip_sprite_151.png,456,third-party-license-review
server/[timeline]/hex_jobscreator/dist/img/blips/sprites/blip_sprite_307.png,_REVIEW_THIRD_PARTY/timeline/hex_jobscreator/dist/img/blips/sprites/blip_sprite_307.png,996,third-party-license-review
server/[timeline]/hex_jobscreator/dist/img/blips/sprites/blip_sprite_354.png,_REVIEW_THIRD_PARTY/timeline/hex_jobscreator/dist/img/blips/sprites/blip_sprite_354.png,684,third-party-license-review
server/[timeline]/hex_jobscreator/dist/img/blips/sprites/blip_sprite_797.png,_REVIEW_THIRD_PARTY/timeline/hex_jobscreator/dist/img/blips/sprites/blip_sprite_797.png,1068,third-party-license-review
server/[timeline]/hex_jobscreator/dist/img/blips/sprites/blip_sprite_862.png,_REVIEW_THIRD_PARTY/timeline/hex_jobscreator/dist/img/blips/sprites/blip_sprite_862.png,1162,third-party-license-review
server/[timeline]/hex_jobscreator/dist/img/blips/sprites/blip_sprite_768.png,_REVIEW_THIRD_PARTY/timeline/hex_jobscreator/dist/img/blips/sprites/blip_sprite_768.png,1010,third-party-license-review
server/[timeline]/hex_jobscreator/dist/img/blips/sprites/blip_sprite_384.png,_REVIEW_THIRD_PARTY/timeline/hex_jobscreator/dist/img/blips/sprites/blip_sprite_384.png,1194,third-party-license-review
server/[timeline]/hex_jobscreator/dist/img/blips/sprites/blip_sprite_816.png,_REVIEW_THIRD_PARTY/timeline/hex_jobscreator/dist/img/blips/sprites/blip_sprite_816.png,1006,third-party-license-review
server/[timeline]/hex_jobscreator/dist/img/blips/sprites/blip_sprite_383.png,_REVIEW_THIRD_PARTY/timeline/hex_jobscreator/dist/img/blips/sprites/blip_sprite_383.png,1248,third-party-license-review
server/[timeline]/hex_jobscreator/dist/img/blips/sprites/blip_sprite_655.png,_REVIEW_THIRD_PARTY/timeline/hex_jobscreator/dist/img/blips/sprites/blip_sprite_655.png,710,third-party-license-review
server/[timeline]/hex_jobscreator/dist/img/blips/sprites/blip_sprite_38.png,_REVIEW_THIRD_PARTY/timeline/hex_jobscreator/dist/img/blips/sprites/blip_sprite_38.png,834,third-party-license-review
server/[timeline]/hex_jobscreator/dist/img/blips/sprites/blip_sprite_94.png,_REVIEW_THIRD_PARTY/timeline/hex_jobscreator/dist/img/blips/sprites/blip_sprite_94.png,1036,third-party-license-review
server/[timeline]/hex_jobscreator/dist/img/blips/sprites/blip_sprite_358.png,_REVIEW_THIRD_PARTY/timeline/hex_jobscreator/dist/img/blips/sprites/blip_sprite_358.png,612,third-party-license-review
server/[timeline]/hex_jobscreator/dist/img/blips/sprites/blip_sprite_620.png,_REVIEW_THIRD_PARTY/timeline/hex_jobscreator/dist/img/blips/sprites/blip_sprite_620.png,1126,third-party-license-review
server/[timeline]/hex_jobscreator/dist/img/blips/sprites/blip_sprite_846.png,_REVIEW_THIRD_PARTY/timeline/hex_jobscreator/dist/img/blips/sprites/blip_sprite_846.png,1386,third-party-license-review
server/[timeline]/hex_jobscreator/dist/img/blips/sprites/blip_sprite_490.png,_REVIEW_THIRD_PARTY/timeline/hex_jobscreator/dist/img/blips/sprites/blip_sprite_490.png,1342,third-party-license-review
server/[timeline]/hex_jobscreator/dist/img/blips/sprites/blip_sprite_724.png,_REVIEW_THIRD_PARTY/timeline/hex_jobscreator/dist/img/blips/sprites/blip_sprite_724.png,982,third-party-license-review
server/[timeline]/hex_jobscreator/dist/img/blips/sprites/blip_sprite_473.png,_REVIEW_THIRD_PARTY/timeline/hex_jobscreator/dist/img/blips/sprites/blip_sprite_473.png,628,third-party-license-review
server/[timeline]/hex_jobscreator/dist/img/blips/sprites/blip_sprite_761.png,_REVIEW_THIRD_PARTY/timeline/hex_jobscreator/dist/img/blips/sprites/blip_sprite_761.png,996,third-party-license-review
server/[timeline]/hex_jobscreator/dist/img/blips/sprites/blip_sprite_693.png,_REVIEW_THIRD_PARTY/timeline/hex_jobscreator/dist/img/blips/sprites/blip_sprite_693.png,472,third-party-license-review
server/[timeline]/hex_jobscreator/dist/img/blips/sprites/blip_sprite_900.png,_REVIEW_THIRD_PARTY/timeline/hex_jobscreator/dist/img/blips/sprites/blip_sprite_900.png,1048,third-party-license-review
server/[timeline]/hex_jobscreator/dist/img/blips/sprites/blip_sprite_159.png,_REVIEW_THIRD_PARTY/timeline/hex_jobscreator/dist/img/blips/sprites/blip_sprite_159.png,582,third-party-license-review
server/[timeline]/hex_jobscreator/dist/img/blips/sprites/blip_sprite_580.png,_REVIEW_THIRD_PARTY/timeline/hex_jobscreator/dist/img/blips/sprites/blip_sprite_580.png,906,third-party-license-review
server/[timeline]/hex_jobscreator/dist/img/blips/sprites/blip_sprite_793.png,_REVIEW_THIRD_PARTY/timeline/hex_jobscreator/dist/img/blips/sprites/blip_sprite_793.png,706,third-party-license-review
server/[timeline]/hex_jobscreator/dist/img/blips/sprites/blip_sprite_732.png,_REVIEW_THIRD_PARTY/timeline/hex_jobscreator/dist/img/blips/sprites/blip_sprite_732.png,914,third-party-license-review
server/[timeline]/hex_jobscreator/dist/img/blips/sprites/blip_sprite_479.png,_REVIEW_THIRD_PARTY/timeline/hex_jobscreator/dist/img/blips/sprites/blip_sprite_479.png,854,third-party-license-review
server/[timeline]/hex_jobscreator/dist/img/blips/sprites/blip_sprite_411.png,_REVIEW_THIRD_PARTY/timeline/hex_jobscreator/dist/img/blips/sprites/blip_sprite_411.png,820,third-party-license-review
server/[timeline]/hex_jobscreator/dist/img/blips/sprites/blip_sprite_488.png,_REVIEW_THIRD_PARTY/timeline/hex_jobscreator/dist/img/blips/sprites/blip_sprite_488.png,1374,third-party-license-review
server/[timeline]/hex_jobscreator/dist/img/blips/sprites/blip_sprite_546.png,_REVIEW_THIRD_PARTY/timeline/hex_jobscreator/dist/img/blips/sprites/blip_sprite_546.png,888,third-party-license-review
server/[timeline]/hex_jobscreator/dist/img/blips/sprites/blip_sprite_762.png,_REVIEW_THIRD_PARTY/timeline/hex_jobscreator/dist/img/blips/sprites/blip_sprite_762.png,1054,third-party-license-review
server/[timeline]/hex_jobscreator/dist/img/blips/sprites/blip_sprite_638.png,_REVIEW_THIRD_PARTY/timeline/hex_jobscreator/dist/img/blips/sprites/blip_sprite_638.png,890,third-party-license-review
server/[timeline]/hex_jobscreator/dist/img/blips/sprites/blip_sprite_273.png,_REVIEW_THIRD_PARTY/timeline/hex_jobscreator/dist/img/blips/sprites/blip_sprite_273.png,958,third-party-license-review
server/[timeline]/hex_jobscreator/dist/img/blips/sprites/blip_sprite_782.png,_REVIEW_THIRD_PARTY/timeline/hex_jobscreator/dist/img/blips/sprites/blip_sprite_782.png,1206,third-party-license-review
server/[timeline]/hex_jobscreator/dist/img/blips/sprites/blip_sprite_637.png,_REVIEW_THIRD_PARTY/timeline/hex_jobscreator/dist/img/blips/sprites/blip_sprite_637.png,736,third-party-license-review
server/[timeline]/hex_jobscreator/dist/img/blips/sprites/blip_sprite_122.png,_REVIEW_THIRD_PARTY/timeline/hex_jobscreator/dist/img/blips/sprites/blip_sprite_122.png,1354,third-party-license-review
server/[timeline]/hex_jobscreator/dist/img/blips/sprites/blip_sprite_765.png,_REVIEW_THIRD_PARTY/timeline/hex_jobscreator/dist/img/blips/sprites/blip_sprite_765.png,1218,third-party-license-review
server/[timeline]/hex_jobscreator/dist/img/blips/sprites/blip_sprite_470.png,_REVIEW_THIRD_PARTY/timeline/hex_jobscreator/dist/img/blips/sprites/blip_sprite_470.png,642,third-party-license-review
server/[timeline]/hex_jobscreator/dist/img/blips/sprites/blip_sprite_720.png,_REVIEW_THIRD_PARTY/timeline/hex_jobscreator/dist/img/blips/sprites/blip_sprite_720.png,612,third-party-license-review
server/[timeline]/hex_jobscreator/dist/img/blips/sprites/blip_sprite_631.png,_REVIEW_THIRD_PARTY/timeline/hex_jobscreator/dist/img/blips/sprites/blip_sprite_631.png,1078,third-party-license-review
server/[timeline]/hex_jobscreator/dist/img/blips/sprites/blip_sprite_61.png,_REVIEW_THIRD_PARTY/timeline/hex_jobscreator/dist/img/blips/sprites/blip_sprite_61.png,1200,third-party-license-review
server/[timeline]/hex_jobscreator/dist/img/blips/sprites/blip_sprite_318.png,_REVIEW_THIRD_PARTY/timeline/hex_jobscreator/dist/img/blips/sprites/blip_sprite_318.png,908,third-party-license-review
server/[timeline]/hex_jobscreator/dist/img/blips/sprites/blip_sprite_840.png,_REVIEW_THIRD_PARTY/timeline/hex_jobscreator/dist/img/blips/sprites/blip_sprite_840.png,1036,third-party-license-review
server/[timeline]/hex_jobscreator/dist/img/blips/sprites/blip_sprite_825.png,_REVIEW_THIRD_PARTY/timeline/hex_jobscreator/dist/img/blips/sprites/blip_sprite_825.png,1082,third-party-license-review
server/[timeline]/hex_jobscreator/dist/img/blips/sprites/blip_sprite_512.png,_REVIEW_THIRD_PARTY/timeline/hex_jobscreator/dist/img/blips/sprites/blip_sprite_512.png,1106,third-party-license-review
server/[timeline]/hex_jobscreator/dist/img/blips/sprites/blip_sprite_485.png,_REVIEW_THIRD_PARTY/timeline/hex_jobscreator/dist/img/blips/sprites/blip_sprite_485.png,672,third-party-license-review
server/[timeline]/hex_jobscreator/dist/img/blips/sprites/blip_sprite_635.png,_REVIEW_THIRD_PARTY/timeline/hex_jobscreator/dist/img/blips/sprites/blip_sprite_635.png,826,third-party-license-review
server/[timeline]/hex_jobscreator/dist/img/blips/sprites/blip_sprite_430.png,_REVIEW_THIRD_PARTY/timeline/hex_jobscreator/dist/img/blips/sprites/blip_sprite_430.png,1208,third-party-license-review
server/[timeline]/hex_jobscreator/dist/img/blips/sprites/blip_sprite_73.png,_REVIEW_THIRD_PARTY/timeline/hex_jobscreator/dist/img/blips/sprites/blip_sprite_73.png,878,third-party-license-review
server/[timeline]/hex_jobscreator/dist/img/blips/sprites/blip_sprite_791.png,_REVIEW_THIRD_PARTY/timeline/hex_jobscreator/dist/img/blips/sprites/blip_sprite_791.png,990,third-party-license-review
server/[timeline]/hex_jobscreator/dist/img/blips/sprites/blip_sprite_603.png,_REVIEW_THIRD_PARTY/timeline/hex_jobscreator/dist/img/blips/sprites/blip_sprite_603.png,1260,third-party-license-review
server/[timeline]/hex_jobscreator/dist/img/blips/sprites/blip_sprite_584.png,_REVIEW_THIRD_PARTY/timeline/hex_jobscreator/dist/img/blips/sprites/blip_sprite_584.png,664,third-party-license-review
server/[timeline]/hex_jobscreator/dist/img/blips/sprites/blip_sprite_8.png,_REVIEW_THIRD_PARTY/timeline/hex_jobscreator/dist/img/blips/sprites/blip_sprite_8.png,782,third-party-license-review
server/[timeline]/hex_jobscreator/dist/img/blips/sprites/blip_sprite_562.png,_REVIEW_THIRD_PARTY/timeline/hex_jobscreator/dist/img/blips/sprites/blip_sprite_562.png,932,third-party-license-review
server/[timeline]/hex_jobscreator/dist/img/blips/sprites/blip_sprite_389.png,_REVIEW_THIRD_PARTY/timeline/hex_jobscreator/dist/img/blips/sprites/blip_sprite_389.png,1002,third-party-license-review
server/[timeline]/hex_jobscreator/dist/img/blips/sprites/blip_sprite_709.png,_REVIEW_THIRD_PARTY/timeline/hex_jobscreator/dist/img/blips/sprites/blip_sprite_709.png,554,third-party-license-review
server/[timeline]/hex_jobscreator/dist/img/blips/sprites/blip_sprite_596.png,_REVIEW_THIRD_PARTY/timeline/hex_jobscreator/dist/img/blips/sprites/blip_sprite_596.png,774,third-party-license-review
server/[timeline]/hex_jobscreator/dist/img/blips/sprites/blip_sprite_881.png,_REVIEW_THIRD_PARTY/timeline/hex_jobscreator/dist/img/blips/sprites/blip_sprite_881.png,798,third-party-license-review
server/[timeline]/hex_jobscreator/dist/img/blips/sprites/blip_sprite_796.png,_REVIEW_THIRD_PARTY/timeline/hex_jobscreator/dist/img/blips/sprites/blip_sprite_796.png,1060,third-party-license-review
server/[timeline]/hex_jobscreator/dist/img/blips/sprites/blip_sprite_147.png,_REVIEW_THIRD_PARTY/timeline/hex_jobscreator/dist/img/blips/sprites/blip_sprite_147.png,916,third-party-license-review
server/[timeline]/hex_jobscreator/dist/img/blips/sprites/blip_sprite_352.png,_REVIEW_THIRD_PARTY/timeline/hex_jobscreator/dist/img/blips/sprites/blip_sprite_352.png,1002,third-party-license-review
server/[timeline]/hex_jobscreator/dist/img/blips/sprites/blip_sprite_859.png,_REVIEW_THIRD_PARTY/timeline/hex_jobscreator/dist/img/blips/sprites/blip_sprite_859.png,1238,third-party-license-review
server/[timeline]/hex_jobscreator/dist/img/blips/sprites/blip_sprite_590.png,_REVIEW_THIRD_PARTY/timeline/hex_jobscreator/dist/img/blips/sprites/blip_sprite_590.png,1332,third-party-license-review
server/[timeline]/hex_jobscreator/dist/img/blips/sprites/blip_sprite_646.png,_REVIEW_THIRD_PARTY/timeline/hex_jobscreator/dist/img/blips/sprites/blip_sprite_646.png,1090,third-party-license-review
server/[timeline]/hex_jobscreator/dist/img/blips/sprites/blip_sprite_521.png,_REVIEW_THIRD_PARTY/timeline/hex_jobscreator/dist/img/blips/sprites/blip_sprite_521.png,828,third-party-license-review
server/[timeline]/hex_jobscreator/dist/img/blips/sprites/blip_sprite_767.png,_REVIEW_THIRD_PARTY/timeline/hex_jobscreator/dist/img/blips/sprites/blip_sprite_767.png,1312,third-party-license-review
server/[timeline]/hex_jobscreator/dist/img/blips/sprites/blip_sprite_685.png,_REVIEW_THIRD_PARTY/timeline/hex_jobscreator/dist/img/blips/sprites/blip_sprite_685.png,1250,third-party-license-review
server/[timeline]/hex_jobscreator/dist/img/blips/sprites/blip_sprite_824.png,_REVIEW_THIRD_PARTY/timeline/hex_jobscreator/dist/img/blips/sprites/blip_sprite_824.png,1054,third-party-license-review
server/[timeline]/hex_jobscreator/dist/img/blips/sprites/blip_sprite_763.png,_REVIEW_THIRD_PARTY/timeline/hex_jobscreator/dist/img/blips/sprites/blip_sprite_763.png,772,third-party-license-review
server/[timeline]/hex_jobscreator/dist/img/blips/sprites/blip_sprite_878.png,_REVIEW_THIRD_PARTY/timeline/hex_jobscreator/dist/img/blips/sprites/blip_sprite_878.png,1508,third-party-license-review
server/[timeline]/hex_jobscreator/dist/img/blips/sprites/blip_sprite_491.png,_REVIEW_THIRD_PARTY/timeline/hex_jobscreator/dist/img/blips/sprites/blip_sprite_491.png,1024,third-party-license-review
server/[timeline]/hex_jobscreator/dist/img/blips/sprites/blip_sprite_903.png,_REVIEW_THIRD_PARTY/timeline/hex_jobscreator/dist/img/blips/sprites/blip_sprite_903.png,758,third-party-license-review
server/[timeline]/hex_jobscreator/dist/img/blips/sprites/blip_sprite_884.png,_REVIEW_THIRD_PARTY/timeline/hex_jobscreator/dist/img/blips/sprites/blip_sprite_884.png,1144,third-party-license-review
server/[timeline]/hex_jobscreator/dist/img/blips/sprites/blip_sprite_575.png,_REVIEW_THIRD_PARTY/timeline/hex_jobscreator/dist/img/blips/sprites/blip_sprite_575.png,706,third-party-license-review
server/[timeline]/hex_jobscreator/dist/img/blips/sprites/blip_sprite_887.png,_REVIEW_THIRD_PARTY/timeline/hex_jobscreator/dist/img/blips/sprites/blip_sprite_887.png,1254,third-party-license-review
server/[timeline]/hex_jobscreator/dist/img/blips/sprites/blip_sprite_529.png,_REVIEW_THIRD_PARTY/timeline/hex_jobscreator/dist/img/blips/sprites/blip_sprite_529.png,920,third-party-license-review
server/[timeline]/hex_jobscreator/dist/img/blips/sprites/blip_sprite_890.png,_REVIEW_THIRD_PARTY/timeline/hex_jobscreator/dist/img/blips/sprites/blip_sprite_890.png,1240,third-party-license-review
server/[timeline]/hex_jobscreator/dist/img/blips/sprites/blip_sprite_686.png,_REVIEW_THIRD_PARTY/timeline/hex_jobscreator/dist/img/blips/sprites/blip_sprite_686.png,498,third-party-license-review
server/[timeline]/hex_jobscreator/dist/img/blips/sprites/blip_sprite_266.png,_REVIEW_THIRD_PARTY/timeline/hex_jobscreator/dist/img/blips/sprites/blip_sprite_266.png,1400,third-party-license-review
server/[timeline]/hex_jobscreator/dist/img/blips/sprites/blip_sprite_311.png,_REVIEW_THIRD_PARTY/timeline/hex_jobscreator/dist/img/blips/sprites/blip_sprite_311.png,1070,third-party-license-review
server/[timeline]/hex_jobscreator/dist/img/blips/sprites/blip_sprite_40.png,_REVIEW_THIRD_PARTY/timeline/hex_jobscreator/dist/img/blips/sprites/blip_sprite_40.png,982,third-party-license-review
server/[timeline]/hex_jobscreator/dist/img/blips/sprites/blip_sprite_594.png,_REVIEW_THIRD_PARTY/timeline/hex_jobscreator/dist/img/blips/sprites/blip_sprite_594.png,1332,third-party-license-review
server/[timeline]/hex_jobscreator/dist/img/blips/sprites/blip_sprite_579.png,_REVIEW_THIRD_PARTY/timeline/hex_jobscreator/dist/img/blips/sprites/blip_sprite_579.png,964,third-party-license-review
server/[timeline]/hex_jobscreator/dist/img/blips/sprites/blip_sprite_238.png,_REVIEW_THIRD_PARTY/timeline/hex_jobscreator/dist/img/blips/sprites/blip_sprite_238.png,678,third-party-license-review
server/[timeline]/hex_jobscreator/dist/img/blips/sprites/blip_sprite_78.png,_REVIEW_THIRD_PARTY/timeline/hex_jobscreator/dist/img/blips/sprites/blip_sprite_78.png,890,third-party-license-review
server/[timeline]/hex_jobscreator/dist/img/blips/sprites/blip_sprite_127.png,_REVIEW_THIRD_PARTY/timeline/hex_jobscreator/dist/img/blips/sprites/blip_sprite_127.png,1008,third-party-license-review
server/[timeline]/hex_jobscreator/dist/img/blips/sprites/blip_sprite_103.png,_REVIEW_THIRD_PARTY/timeline/hex_jobscreator/dist/img/blips/sprites/blip_sprite_103.png,1022,third-party-license-review
server/[timeline]/hex_jobscreator/dist/img/blips/sprites/blip_sprite_600.png,_REVIEW_THIRD_PARTY/timeline/hex_jobscreator/dist/img/blips/sprites/blip_sprite_600.png,818,third-party-license-review
server/[timeline]/hex_jobscreator/dist/img/blips/sprites/blip_sprite_739.png,_REVIEW_THIRD_PARTY/timeline/hex_jobscreator/dist/img/blips/sprites/blip_sprite_739.png,1510,third-party-license-review
server/[timeline]/hex_jobscreator/dist/img/blips/sprites/blip_sprite_913.png,_REVIEW_THIRD_PARTY/timeline/hex_jobscreator/dist/img/blips/sprites/blip_sprite_913.png,736,third-party-license-review
server/[timeline]/hex_jobscreator/dist/img/blips/sprites/blip_sprite_356.png,_REVIEW_THIRD_PARTY/timeline/hex_jobscreator/dist/img/blips/sprites/blip_sprite_356.png,1076,third-party-license-review
server/[timeline]/hex_jobscreator/dist/img/blips/sprites/blip_sprite_671.png,_REVIEW_THIRD_PARTY/timeline/hex_jobscreator/dist/img/blips/sprites/blip_sprite_671.png,1536,third-party-license-review
server/[timeline]/hex_jobscreator/dist/img/blips/sprites/blip_sprite_362.png,_REVIEW_THIRD_PARTY/timeline/hex_jobscreator/dist/img/blips/sprites/blip_sprite_362.png,1032,third-party-license-review
server/[timeline]/hex_jobscreator/dist/img/blips/sprites/blip_sprite_675.png,_REVIEW_THIRD_PARTY/timeline/hex_jobscreator/dist/img/blips/sprites/blip_sprite_675.png,1554,third-party-license-review
server/[timeline]/hex_jobscreator/dist/img/blips/sprites/blip_sprite_419.png,_REVIEW_THIRD_PARTY/timeline/hex_jobscreator/dist/img/blips/sprites/blip_sprite_419.png,1060,third-party-license-review
server/[timeline]/hex_jobscreator/dist/img/blips/sprites/blip_sprite_699.png,_REVIEW_THIRD_PARTY/timeline/hex_jobscreator/dist/img/blips/sprites/blip_sprite_699.png,718,third-party-license-review
server/[timeline]/hex_jobscreator/dist/img/blips/sprites/blip_sprite_787.png,_REVIEW_THIRD_PARTY/timeline/hex_jobscreator/dist/img/blips/sprites/blip_sprite_787.png,1056,third-party-license-review
server/[timeline]/hex_jobscreator/dist/img/blips/sprites/blip_sprite_538.png,_REVIEW_THIRD_PARTY/timeline/hex_jobscreator/dist/img/blips/sprites/blip_sprite_538.png,898,third-party-license-review
server/[timeline]/hex_jobscreator/dist/img/blips/sprites/blip_sprite_781.png,_REVIEW_THIRD_PARTY/timeline/hex_jobscreator/dist/img/blips/sprites/blip_sprite_781.png,1066,third-party-license-review
server/[timeline]/hex_jobscreator/dist/img/blips/sprites/blip_sprite_369.png,_REVIEW_THIRD_PARTY/timeline/hex_jobscreator/dist/img/blips/sprites/blip_sprite_369.png,940,third-party-license-review
server/[timeline]/hex_jobscreator/dist/img/blips/sprites/blip_sprite_742.png,_REVIEW_THIRD_PARTY/timeline/hex_jobscreator/dist/img/blips/sprites/blip_sprite_742.png,1078,third-party-license-review
server/[timeline]/hex_jobscreator/dist/img/blips/sprites/blip_sprite_867.png,_REVIEW_THIRD_PARTY/timeline/hex_jobscreator/dist/img/blips/sprites/blip_sprite_867.png,1130,third-party-license-review
server/[timeline]/hex_jobscreator/dist/img/blips/sprites/blip_sprite_368.png,_REVIEW_THIRD_PARTY/timeline/hex_jobscreator/dist/img/blips/sprites/blip_sprite_368.png,716,third-party-license-review
server/[timeline]/hex_jobscreator/dist/img/blips/sprites/blip_sprite_679.png,_REVIEW_THIRD_PARTY/timeline/hex_jobscreator/dist/img/blips/sprites/blip_sprite_679.png,1156,third-party-license-review
server/[timeline]/hex_jobscreator/dist/img/blips/sprites/blip_sprite_351.png,_REVIEW_THIRD_PARTY/timeline/hex_jobscreator/dist/img/blips/sprites/blip_sprite_351.png,576,third-party-license-review
server/[timeline]/hex_jobscreator/dist/img/blips/sprites/blip_sprite_184.png,_REVIEW_THIRD_PARTY/timeline/hex_jobscreator/dist/img/blips/sprites/blip_sprite_184.png,982,third-party-license-review
server/[timeline]/hex_jobscreator/dist/img/blips/sprites/blip_sprite_744.png,_REVIEW_THIRD_PARTY/timeline/hex_jobscreator/dist/img/blips/sprites/blip_sprite_744.png,1160,third-party-license-review
server/[timeline]/hex_jobscreator/dist/img/blips/sprites/blip_sprite_533.png,_REVIEW_THIRD_PARTY/timeline/hex_jobscreator/dist/img/blips/sprites/blip_sprite_533.png,820,third-party-license-review
server/[timeline]/hex_jobscreator/dist/img/blips/sprites/blip_sprite_729.png,_REVIEW_THIRD_PARTY/timeline/hex_jobscreator/dist/img/blips/sprites/blip_sprite_729.png,1596,third-party-license-review
server/[timeline]/hex_jobscreator/dist/img/blips/sprites/blip_sprite_133.png,_REVIEW_THIRD_PARTY/timeline/hex_jobscreator/dist/img/blips/sprites/blip_sprite_133.png,774,third-party-license-review
server/[timeline]/hex_jobscreator/dist/img/blips/sprites/blip_sprite_280.png,_REVIEW_THIRD_PARTY/timeline/hex_jobscreator/dist/img/blips/sprites/blip_sprite_280.png,836,third-party-license-review
server/[timeline]/hex_jobscreator/dist/img/blips/sprites/blip_sprite_645.png,_REVIEW_THIRD_PARTY/timeline/hex_jobscreator/dist/img/blips/sprites/blip_sprite_645.png,1200,third-party-license-review
server/[timeline]/hex_jobscreator/dist/img/blips/sprites/blip_sprite_515.png,_REVIEW_THIRD_PARTY/timeline/hex_jobscreator/dist/img/blips/sprites/blip_sprite_515.png,784,third-party-license-review
server/[timeline]/hex_jobscreator/dist/img/blips/sprites/blip_sprite_269.png,_REVIEW_THIRD_PARTY/timeline/hex_jobscreator/dist/img/blips/sprites/blip_sprite_269.png,1068,third-party-license-review
server/[timeline]/hex_jobscreator/dist/img/blips/sprites/blip_sprite_483.png,_REVIEW_THIRD_PARTY/timeline/hex_jobscreator/dist/img/blips/sprites/blip_sprite_483.png,864,third-party-license-review
server/[timeline]/hex_jobscreator/dist/img/blips/sprites/blip_sprite_921.png,_REVIEW_THIRD_PARTY/timeline/hex_jobscreator/dist/img/blips/sprites/blip_sprite_921.png,438,third-party-license-review
server/[timeline]/hex_jobscreator/dist/img/blips/sprites/blip_sprite_206.png,_REVIEW_THIRD_PARTY/timeline/hex_jobscreator/dist/img/blips/sprites/blip_sprite_206.png,922,third-party-license-review
server/[timeline]/hex_jobscreator/dist/img/blips/sprites/blip_sprite_361.png,_REVIEW_THIRD_PARTY/timeline/hex_jobscreator/dist/img/blips/sprites/blip_sprite_361.png,912,third-party-license-review
server/[timeline]/hex_jobscreator/dist/img/blips/sprites/blip_sprite_459.png,_REVIEW_THIRD_PARTY/timeline/hex_jobscreator/dist/img/blips/sprites/blip_sprite_459.png,988,third-party-license-review
server/[timeline]/hex_jobscreator/dist/img/blips/sprites/blip_sprite_845.png,_REVIEW_THIRD_PARTY/timeline/hex_jobscreator/dist/img/blips/sprites/blip_sprite_845.png,1124,third-party-license-review
server/[timeline]/hex_jobscreator/dist/img/blips/sprites/blip_sprite_918.png,_REVIEW_THIRD_PARTY/timeline/hex_jobscreator/dist/img/blips/sprites/blip_sprite_918.png,816,third-party-license-review
server/[timeline]/hex_jobscreator/dist/img/blips/sprites/blip_sprite_499.png,_REVIEW_THIRD_PARTY/timeline/hex_jobscreator/dist/img/blips/sprites/blip_sprite_499.png,1036,third-party-license-review
server/[timeline]/hex_jobscreator/dist/img/blips/sprites/blip_sprite_305.png,_REVIEW_THIRD_PARTY/timeline/hex_jobscreator/dist/img/blips/sprites/blip_sprite_305.png,924,third-party-license-review
server/[timeline]/hex_jobscreator/dist/img/blips/sprites/blip_sprite_306.png,_REVIEW_THIRD_PARTY/timeline/hex_jobscreator/dist/img/blips/sprites/blip_sprite_306.png,654,third-party-license-review
server/[timeline]/hex_jobscreator/dist/img/blips/sprites/blip_sprite_684.png,_REVIEW_THIRD_PARTY/timeline/hex_jobscreator/dist/img/blips/sprites/blip_sprite_684.png,1254,third-party-license-review
server/[timeline]/hex_jobscreator/dist/img/blips/sprites/blip_sprite_910.png,_REVIEW_THIRD_PARTY/timeline/hex_jobscreator/dist/img/blips/sprites/blip_sprite_910.png,878,third-party-license-review
server/[timeline]/hex_jobscreator/dist/img/blips/sprites/blip_sprite_576.png,_REVIEW_THIRD_PARTY/timeline/hex_jobscreator/dist/img/blips/sprites/blip_sprite_576.png,1128,third-party-license-review
server/[timeline]/hex_jobscreator/dist/img/blips/sprites/blip_sprite_674.png,_REVIEW_THIRD_PARTY/timeline/hex_jobscreator/dist/img/blips/sprites/blip_sprite_674.png,1190,third-party-license-review
server/[timeline]/hex_jobscreator/dist/img/blips/sprites/blip_sprite_226.png,_REVIEW_THIRD_PARTY/timeline/hex_jobscreator/dist/img/blips/sprites/blip_sprite_226.png,918,third-party-license-review
server/[timeline]/hex_jobscreator/dist/img/blips/sprites/blip_sprite_864.png,_REVIEW_THIRD_PARTY/timeline/hex_jobscreator/dist/img/blips/sprites/blip_sprite_864.png,602,third-party-license-review
server/[timeline]/hex_jobscreator/dist/img/blips/sprites/blip_sprite_882.png,_REVIEW_THIRD_PARTY/timeline/hex_jobscreator/dist/img/blips/sprites/blip_sprite_882.png,1144,third-party-license-review
server/[timeline]/hex_jobscreator/dist/img/blips/sprites/blip_sprite_669.png,_REVIEW_THIRD_PARTY/timeline/hex_jobscreator/dist/img/blips/sprites/blip_sprite_669.png,846,third-party-license-review
server/[timeline]/hex_jobscreator/dist/img/blips/sprites/blip_sprite_536.png,_REVIEW_THIRD_PARTY/timeline/hex_jobscreator/dist/img/blips/sprites/blip_sprite_536.png,910,third-party-license-review
server/[timeline]/hex_jobscreator/dist/img/blips/sprites/blip_sprite_595.png,_REVIEW_THIRD_PARTY/timeline/hex_jobscreator/dist/img/blips/sprites/blip_sprite_595.png,732,third-party-license-review
server/[timeline]/hex_jobscreator/dist/img/blips/sprites/blip_sprite_833.png,_REVIEW_THIRD_PARTY/timeline/hex_jobscreator/dist/img/blips/sprites/blip_sprite_833.png,1200,third-party-license-review
server/[timeline]/hex_jobscreator/dist/img/blips/sprites/blip_sprite_597.png,_REVIEW_THIRD_PARTY/timeline/hex_jobscreator/dist/img/blips/sprites/blip_sprite_597.png,920,third-party-license-review
server/[timeline]/hex_jobscreator/dist/img/blips/sprites/blip_sprite_647.png,_REVIEW_THIRD_PARTY/timeline/hex_jobscreator/dist/img/blips/sprites/blip_sprite_647.png,1034,third-party-license-review
server/[timeline]/hex_jobscreator/dist/img/blips/sprites/blip_sprite_434.png,_REVIEW_THIRD_PARTY/timeline/hex_jobscreator/dist/img/blips/sprites/blip_sprite_434.png,668,third-party-license-review
server/[timeline]/hex_jobscreator/dist/img/blips/sprites/blip_sprite_615.png,_REVIEW_THIRD_PARTY/timeline/hex_jobscreator/dist/img/blips/sprites/blip_sprite_615.png,700,third-party-license-review
server/[timeline]/hex_jobscreator/dist/img/blips/sprites/blip_sprite_589.png,_REVIEW_THIRD_PARTY/timeline/hex_jobscreator/dist/img/blips/sprites/blip_sprite_589.png,944,third-party-license-review
server/[timeline]/hex_jobscreator/dist/img/blips/sprites/blip_sprite_691.png,_REVIEW_THIRD_PARTY/timeline/hex_jobscreator/dist/img/blips/sprites/blip_sprite_691.png,472,third-party-license-review
server/[timeline]/hex_jobscreator/dist/img/blips/sprites/blip_sprite_879.png,_REVIEW_THIRD_PARTY/timeline/hex_jobscreator/dist/img/blips/sprites/blip_sprite_879.png,826,third-party-license-review
server/[timeline]/hex_jobscreator/dist/img/blips/sprites/blip_sprite_106.png,_REVIEW_THIRD_PARTY/timeline/hex_jobscreator/dist/img/blips/sprites/blip_sprite_106.png,948,third-party-license-review
server/[timeline]/hex_jobscreator/dist/img/blips/sprites/blip_sprite_77.png,_REVIEW_THIRD_PARTY/timeline/hex_jobscreator/dist/img/blips/sprites/blip_sprite_77.png,306,third-party-license-review
server/[timeline]/hex_jobscreator/dist/img/blips/sprites/blip_sprite_405.png,_REVIEW_THIRD_PARTY/timeline/hex_jobscreator/dist/img/blips/sprites/blip_sprite_405.png,1000,third-party-license-review
server/[timeline]/hex_jobscreator/dist/img/blips/sprites/blip_sprite_440.png,_REVIEW_THIRD_PARTY/timeline/hex_jobscreator/dist/img/blips/sprites/blip_sprite_440.png,874,third-party-license-review
server/[timeline]/hex_jobscreator/dist/img/blips/sprites/blip_sprite_608.png,_REVIEW_THIRD_PARTY/timeline/hex_jobscreator/dist/img/blips/sprites/blip_sprite_608.png,1230,third-party-license-review
server/[timeline]/hex_jobscreator/dist/img/blips/sprites/blip_sprite_525.png,_REVIEW_THIRD_PARTY/timeline/hex_jobscreator/dist/img/blips/sprites/blip_sprite_525.png,618,third-party-license-review
server/[timeline]/hex_jobscreator/dist/img/blips/sprites/blip_sprite_680.png,_REVIEW_THIRD_PARTY/timeline/hex_jobscreator/dist/img/blips/sprites/blip_sprite_680.png,860,third-party-license-review
server/[timeline]/hex_jobscreator/dist/img/blips/sprites/blip_sprite_632.png,_REVIEW_THIRD_PARTY/timeline/hex_jobscreator/dist/img/blips/sprites/blip_sprite_632.png,748,third-party-license-review
server/[timeline]/hex_jobscreator/dist/img/blips/sprites/blip_sprite_738.png,_REVIEW_THIRD_PARTY/timeline/hex_jobscreator/dist/img/blips/sprites/blip_sprite_738.png,1992,third-party-license-review
server/[timeline]/hex_jobscreator/dist/img/blips/sprites/blip_sprite_126.png,_REVIEW_THIRD_PARTY/timeline/hex_jobscreator/dist/img/blips/sprites/blip_sprite_126.png,1118,third-party-license-review
server/[timeline]/hex_jobscreator/dist/img/blips/sprites/blip_sprite_593.png,_REVIEW_THIRD_PARTY/timeline/hex_jobscreator/dist/img/blips/sprites/blip_sprite_593.png,1420,third-party-license-review
server/[timeline]/hex_jobscreator/dist/img/blips/sprites/blip_sprite_270.png,_REVIEW_THIRD_PARTY/timeline/hex_jobscreator/dist/img/blips/sprites/blip_sprite_270.png,876,third-party-license-review
server/[timeline]/hex_jobscreator/dist/img/blips/sprites/blip_sprite_480.png,_REVIEW_THIRD_PARTY/timeline/hex_jobscreator/dist/img/blips/sprites/blip_sprite_480.png,770,third-party-license-review
server/[timeline]/hex_jobscreator/dist/img/blips/sprites/blip_sprite_726.png,_REVIEW_THIRD_PARTY/timeline/hex_jobscreator/dist/img/blips/sprites/blip_sprite_726.png,1068,third-party-license-review
server/[timeline]/hex_jobscreator/dist/img/blips/sprites/blip_sprite_598.png,_REVIEW_THIRD_PARTY/timeline/hex_jobscreator/dist/img/blips/sprites/blip_sprite_598.png,744,third-party-license-review
server/[timeline]/hex_jobscreator/dist/img/blips/sprites/blip_sprite_76.png,_REVIEW_THIRD_PARTY/timeline/hex_jobscreator/dist/img/blips/sprites/blip_sprite_76.png,910,third-party-license-review
server/[timeline]/hex_jobscreator/dist/img/blips/sprites/blip_sprite_153.png,_REVIEW_THIRD_PARTY/timeline/hex_jobscreator/dist/img/blips/sprites/blip_sprite_153.png,436,third-party-license-review
server/[timeline]/hex_jobscreator/dist/img/blips/sprites/blip_sprite_817.png,_REVIEW_THIRD_PARTY/timeline/hex_jobscreator/dist/img/blips/sprites/blip_sprite_817.png,706,third-party-license-review
server/[timeline]/hex_jobscreator/dist/img/blips/sprites/blip_sprite_654.png,_REVIEW_THIRD_PARTY/timeline/hex_jobscreator/dist/img/blips/sprites/blip_sprite_654.png,812,third-party-license-review
server/[timeline]/hex_jobscreator/dist/img/blips/sprites/blip_sprite_251.png,_REVIEW_THIRD_PARTY/timeline/hex_jobscreator/dist/img/blips/sprites/blip_sprite_251.png,818,third-party-license-review
server/[timeline]/hex_jobscreator/dist/img/blips/sprites/blip_sprite_737.png,_REVIEW_THIRD_PARTY/timeline/hex_jobscreator/dist/img/blips/sprites/blip_sprite_737.png,1414,third-party-license-review
server/[timeline]/hex_jobscreator/dist/img/blips/sprites/blip_sprite_774.png,_REVIEW_THIRD_PARTY/timeline/hex_jobscreator/dist/img/blips/sprites/blip_sprite_774.png,1498,third-party-license-review
server/[timeline]/hex_jobscreator/dist/img/blips/sprites/blip_sprite_916.png,_REVIEW_THIRD_PARTY/timeline/hex_jobscreator/dist/img/blips/sprites/blip_sprite_916.png,970,third-party-license-review
server/[timeline]/hex_jobscreator/dist/img/blips/sprites/blip_sprite_374.png,_REVIEW_THIRD_PARTY/timeline/hex_jobscreator/dist/img/blips/sprites/blip_sprite_374.png,1032,third-party-license-review
server/[timeline]/hex_jobscreator/dist/img/blips/sprites/blip_sprite_623.png,_REVIEW_THIRD_PARTY/timeline/hex_jobscreator/dist/img/blips/sprites/blip_sprite_623.png,816,third-party-license-review
server/[timeline]/hex_jobscreator/dist/img/blips/sprites/blip_sprite_772.png,_REVIEW_THIRD_PARTY/timeline/hex_jobscreator/dist/img/blips/sprites/blip_sprite_772.png,1004,third-party-license-review
server/[timeline]/hex_jobscreator/dist/img/blips/sprites/blip_sprite_866.png,_REVIEW_THIRD_PARTY/timeline/hex_jobscreator/dist/img/blips/sprites/blip_sprite_866.png,1128,third-party-license-review
server/[timeline]/hex_jobscreator/dist/img/blips/sprites/blip_sprite_205.png,_REVIEW_THIRD_PARTY/timeline/hex_jobscreator/dist/img/blips/sprites/blip_sprite_205.png,1036,third-party-license-review
server/[timeline]/hex_jobscreator/dist/img/blips/sprites/blip_sprite_776.png,_REVIEW_THIRD_PARTY/timeline/hex_jobscreator/dist/img/blips/sprites/blip_sprite_776.png,1094,third-party-license-review
server/[timeline]/hex_jobscreator/dist/img/blips/sprites/blip_sprite_870.png,_REVIEW_THIRD_PARTY/timeline/hex_jobscreator/dist/img/blips/sprites/blip_sprite_870.png,914,third-party-license-review
server/[timeline]/hex_jobscreator/dist/img/blips/sprites/blip_sprite_581.png,_REVIEW_THIRD_PARTY/timeline/hex_jobscreator/dist/img/blips/sprites/blip_sprite_581.png,880,third-party-license-review
server/[timeline]/hex_jobscreator/dist/img/blips/sprites/blip_sprite_883.png,_REVIEW_THIRD_PARTY/timeline/hex_jobscreator/dist/img/blips/sprites/blip_sprite_883.png,1058,third-party-license-review
server/[timeline]/hex_jobscreator/dist/img/blips/sprites/blip_sprite_564.png,_REVIEW_THIRD_PARTY/timeline/hex_jobscreator/dist/img/blips/sprites/blip_sprite_564.png,916,third-party-license-review
server/[timeline]/hex_jobscreator/dist/img/blips/colors/blip_color_38.png,_REVIEW_THIRD_PARTY/timeline/hex_jobscreator/dist/img/blips/colors/blip_color_38.png,254,third-party-license-review
server/[timeline]/hex_jobscreator/dist/img/blips/colors/blip_color_61.png,_REVIEW_THIRD_PARTY/timeline/hex_jobscreator/dist/img/blips/colors/blip_color_61.png,250,third-party-license-review
server/[timeline]/hex_jobscreator/dist/img/blips/colors/blip_color_60.png,_REVIEW_THIRD_PARTY/timeline/hex_jobscreator/dist/img/blips/colors/blip_color_60.png,242,third-party-license-review
server/[timeline]/hex_jobscreator/dist/img/blips/colors/blip_color_52.png,_REVIEW_THIRD_PARTY/timeline/hex_jobscreator/dist/img/blips/colors/blip_color_52.png,208,third-party-license-review
server/[timeline]/hex_jobscreator/dist/img/blips/colors/blip_color_62.png,_REVIEW_THIRD_PARTY/timeline/hex_jobscreator/dist/img/blips/colors/blip_color_62.png,130,third-party-license-review
server/[timeline]/hex_jobscreator/dist/img/blips/colors/blip_color_21.png,_REVIEW_THIRD_PARTY/timeline/hex_jobscreator/dist/img/blips/colors/blip_color_21.png,252,third-party-license-review
server/[timeline]/hex_jobscreator/dist/img/blips/colors/blip_color_75.png,_REVIEW_THIRD_PARTY/timeline/hex_jobscreator/dist/img/blips/colors/blip_color_75.png,216,third-party-license-review
server/[timeline]/hex_jobscreator/dist/img/blips/colors/blip_color_27.png,_REVIEW_THIRD_PARTY/timeline/hex_jobscreator/dist/img/blips/colors/blip_color_27.png,258,third-party-license-review
server/[timeline]/hex_jobscreator/dist/img/blips/colors/blip_color_68.png,_REVIEW_THIRD_PARTY/timeline/hex_jobscreator/dist/img/blips/colors/blip_color_68.png,266,third-party-license-review
server/[timeline]/hex_jobscreator/dist/img/blips/colors/blip_color_53.png,_REVIEW_THIRD_PARTY/timeline/hex_jobscreator/dist/img/blips/colors/blip_color_53.png,260,third-party-license-review
server/[timeline]/hex_jobscreator/dist/img/blips/colors/blip_color_51.png,_REVIEW_THIRD_PARTY/timeline/hex_jobscreator/dist/img/blips/colors/blip_color_51.png,244,third-party-license-review
server/[timeline]/hex_jobscreator/dist/img/blips/colors/blip_color_65.png,_REVIEW_THIRD_PARTY/timeline/hex_jobscreator/dist/img/blips/colors/blip_color_65.png,240,third-party-license-review
server/[timeline]/hex_jobscreator/dist/img/blips/colors/blip_color_41.png,_REVIEW_THIRD_PARTY/timeline/hex_jobscreator/dist/img/blips/colors/blip_color_41.png,204,third-party-license-review
server/[timeline]/hex_jobscreator/dist/img/blips/colors/blip_color_29.png,_REVIEW_THIRD_PARTY/timeline/hex_jobscreator/dist/img/blips/colors/blip_color_29.png,250,third-party-license-review
server/[timeline]/hex_jobscreator/dist/img/blips/colors/blip_color_14.png,_REVIEW_THIRD_PARTY/timeline/hex_jobscreator/dist/img/blips/colors/blip_color_14.png,250,third-party-license-review
server/[timeline]/hex_jobscreator/dist/img/blips/colors/blip_color_6.png,_REVIEW_THIRD_PARTY/timeline/hex_jobscreator/dist/img/blips/colors/blip_color_6.png,258,third-party-license-review
server/[timeline]/hex_jobscreator/dist/img/blips/colors/blip_color_18.png,_REVIEW_THIRD_PARTY/timeline/hex_jobscreator/dist/img/blips/colors/blip_color_18.png,246,third-party-license-review
server/[timeline]/hex_jobscreator/dist/img/blips/colors/blip_color_76.png,_REVIEW_THIRD_PARTY/timeline/hex_jobscreator/dist/img/blips/colors/blip_color_76.png,200,third-party-license-review
server/[timeline]/hex_jobscreator/dist/img/blips/colors/blip_color_77.png,_REVIEW_THIRD_PARTY/timeline/hex_jobscreator/dist/img/blips/colors/blip_color_77.png,266,third-party-license-review
server/[timeline]/hex_jobscreator/dist/img/blips/colors/blip_color_5.png,_REVIEW_THIRD_PARTY/timeline/hex_jobscreator/dist/img/blips/colors/blip_color_5.png,242,third-party-license-review
server/[timeline]/hex_jobscreator/dist/img/blips/colors/blip_color_37.png,_REVIEW_THIRD_PARTY/timeline/hex_jobscreator/dist/img/blips/colors/blip_color_37.png,132,third-party-license-review
server/[timeline]/hex_jobscreator/dist/img/blips/colors/blip_color_43.png,_REVIEW_THIRD_PARTY/timeline/hex_jobscreator/dist/img/blips/colors/blip_color_43.png,256,third-party-license-review
server/[timeline]/hex_jobscreator/dist/img/blips/colors/blip_color_47.png,_REVIEW_THIRD_PARTY/timeline/hex_jobscreator/dist/img/blips/colors/blip_color_47.png,246,third-party-license-review
server/[timeline]/hex_jobscreator/dist/img/blips/colors/blip_color_74.png,_REVIEW_THIRD_PARTY/timeline/hex_jobscreator/dist/img/blips/colors/blip_color_74.png,266,third-party-license-review
server/[timeline]/hex_jobscreator/dist/img/blips/colors/blip_color_40.png,_REVIEW_THIRD_PARTY/timeline/hex_jobscreator/dist/img/blips/colors/blip_color_40.png,140,third-party-license-review
server/[timeline]/hex_jobscreator/dist/img/blips/colors/blip_color_55.png,_REVIEW_THIRD_PARTY/timeline/hex_jobscreator/dist/img/blips/colors/blip_color_55.png,128,third-party-license-review
server/[timeline]/hex_jobscreator/dist/img/blips/colors/blip_color_71.png,_REVIEW_THIRD_PARTY/timeline/hex_jobscreator/dist/img/blips/colors/blip_color_71.png,242,third-party-license-review
server/[timeline]/hex_jobscreator/dist/img/blips/colors/blip_color_13.png,_REVIEW_THIRD_PARTY/timeline/hex_jobscreator/dist/img/blips/colors/blip_color_13.png,260,third-party-license-review
server/[timeline]/hex_jobscreator/dist/img/blips/colors/blip_color_35.png,_REVIEW_THIRD_PARTY/timeline/hex_jobscreator/dist/img/blips/colors/blip_color_35.png,208,third-party-license-review
server/[timeline]/hex_jobscreator/dist/img/blips/colors/blip_color_20.png,_REVIEW_THIRD_PARTY/timeline/hex_jobscreator/dist/img/blips/colors/blip_color_20.png,252,third-party-license-review
server/[timeline]/hex_jobscreator/dist/img/blips/colors/blip_color_7.png,_REVIEW_THIRD_PARTY/timeline/hex_jobscreator/dist/img/blips/colors/blip_color_7.png,250,third-party-license-review
server/[timeline]/hex_jobscreator/dist/img/blips/colors/blip_color_42.png,_REVIEW_THIRD_PARTY/timeline/hex_jobscreator/dist/img/blips/colors/blip_color_42.png,254,third-party-license-review
server/[timeline]/hex_jobscreator/dist/img/blips/colors/blip_color_1.png,_REVIEW_THIRD_PARTY/timeline/hex_jobscreator/dist/img/blips/colors/blip_color_1.png,216,third-party-license-review
server/[timeline]/hex_jobscreator/dist/img/blips/colors/blip_color_8.png,_REVIEW_THIRD_PARTY/timeline/hex_jobscreator/dist/img/blips/colors/blip_color_8.png,244,third-party-license-review
server/[timeline]/hex_jobscreator/dist/img/blips/colors/blip_color_2.png,_REVIEW_THIRD_PARTY/timeline/hex_jobscreator/dist/img/blips/colors/blip_color_2.png,206,third-party-license-review
server/[timeline]/hex_jobscreator/dist/img/blips/colors/blip_color_85.png,_REVIEW_THIRD_PARTY/timeline/hex_jobscreator/dist/img/blips/colors/blip_color_85.png,34,third-party-license-review
server/[timeline]/hex_jobscreator/dist/img/blips/colors/blip_color_46.png,_REVIEW_THIRD_PARTY/timeline/hex_jobscreator/dist/img/blips/colors/blip_color_46.png,246,third-party-license-review
server/[timeline]/hex_jobscreator/dist/img/blips/colors/blip_color_39.png,_REVIEW_THIRD_PARTY/timeline/hex_jobscreator/dist/img/blips/colors/blip_color_39.png,128,third-party-license-review
server/[timeline]/hex_jobscreator/dist/img/blips/colors/blip_color_78.png,_REVIEW_THIRD_PARTY/timeline/hex_jobscreator/dist/img/blips/colors/blip_color_78.png,260,third-party-license-review
server/[timeline]/hex_jobscreator/dist/img/blips/colors/blip_color_23.png,_REVIEW_THIRD_PARTY/timeline/hex_jobscreator/dist/img/blips/colors/blip_color_23.png,254,third-party-license-review
server/[timeline]/hex_jobscreator/dist/img/blips/colors/blip_color_31.png,_REVIEW_THIRD_PARTY/timeline/hex_jobscreator/dist/img/blips/colors/blip_color_31.png,254,third-party-license-review
server/[timeline]/hex_jobscreator/dist/img/blips/colors/blip_color_84.png,_REVIEW_THIRD_PARTY/timeline/hex_jobscreator/dist/img/blips/colors/blip_color_84.png,266,third-party-license-review
server/[timeline]/hex_jobscreator/dist/img/blips/colors/blip_color_34.png,_REVIEW_THIRD_PARTY/timeline/hex_jobscreator/dist/img/blips/colors/blip_color_34.png,242,third-party-license-review
server/[timeline]/hex_jobscreator/dist/img/blips/colors/blip_color_32.png,_REVIEW_THIRD_PARTY/timeline/hex_jobscreator/dist/img/blips/colors/blip_color_32.png,260,third-party-license-review
server/[timeline]/hex_jobscreator/dist/img/blips/colors/blip_color_12.png,_REVIEW_THIRD_PARTY/timeline/hex_jobscreator/dist/img/blips/colors/blip_color_12.png,240,third-party-license-review
server/[timeline]/hex_jobscreator/dist/img/blips/colors/blip_color_58.png,_REVIEW_THIRD_PARTY/timeline/hex_jobscreator/dist/img/blips/colors/blip_color_58.png,246,third-party-license-review
server/[timeline]/hex_jobscreator/dist/img/blips/colors/blip_color_4.png,_REVIEW_THIRD_PARTY/timeline/hex_jobscreator/dist/img/blips/colors/blip_color_4.png,132,third-party-license-review
server/[timeline]/hex_jobscreator/dist/img/blips/colors/blip_color_16.png,_REVIEW_THIRD_PARTY/timeline/hex_jobscreator/dist/img/blips/colors/blip_color_16.png,262,third-party-license-review
server/[timeline]/hex_jobscreator/dist/img/blips/colors/blip_color_45.png,_REVIEW_THIRD_PARTY/timeline/hex_jobscreator/dist/img/blips/colors/blip_color_45.png,132,third-party-license-review
server/[timeline]/hex_jobscreator/dist/img/blips/colors/blip_color_3.png,_REVIEW_THIRD_PARTY/timeline/hex_jobscreator/dist/img/blips/colors/blip_color_3.png,266,third-party-license-review
server/[timeline]/hex_jobscreator/dist/img/blips/colors/blip_color_54.png,_REVIEW_THIRD_PARTY/timeline/hex_jobscreator/dist/img/blips/colors/blip_color_54.png,260,third-party-license-review
server/[timeline]/hex_jobscreator/dist/img/blips/colors/blip_color_26.png,_REVIEW_THIRD_PARTY/timeline/hex_jobscreator/dist/img/blips/colors/blip_color_26.png,190,third-party-license-review
server/[timeline]/hex_jobscreator/dist/img/blips/colors/blip_color_72.png,_REVIEW_THIRD_PARTY/timeline/hex_jobscreator/dist/img/blips/colors/blip_color_72.png,34,third-party-license-review
server/[timeline]/hex_jobscreator/dist/img/blips/colors/blip_color_67.png,_REVIEW_THIRD_PARTY/timeline/hex_jobscreator/dist/img/blips/colors/blip_color_67.png,266,third-party-license-review
server/[timeline]/hex_jobscreator/dist/img/blips/colors/blip_color_22.png,_REVIEW_THIRD_PARTY/timeline/hex_jobscreator/dist/img/blips/colors/blip_color_22.png,250,third-party-license-review
server/[timeline]/hex_jobscreator/dist/img/blips/colors/blip_color_48.png,_REVIEW_THIRD_PARTY/timeline/hex_jobscreator/dist/img/blips/colors/blip_color_48.png,254,third-party-license-review
server/[timeline]/hex_jobscreator/dist/img/blips/colors/blip_color_19.png,_REVIEW_THIRD_PARTY/timeline/hex_jobscreator/dist/img/blips/colors/blip_color_19.png,248,third-party-license-review
server/[timeline]/hex_jobscreator/dist/img/blips/colors/blip_color_33.png,_REVIEW_THIRD_PARTY/timeline/hex_jobscreator/dist/img/blips/colors/blip_color_33.png,212,third-party-license-review
server/[timeline]/hex_jobscreator/dist/img/blips/colors/blip_color_49.png,_REVIEW_THIRD_PARTY/timeline/hex_jobscreator/dist/img/blips/colors/blip_color_49.png,216,third-party-license-review
server/[timeline]/hex_jobscreator/dist/img/blips/colors/blip_color_64.png,_REVIEW_THIRD_PARTY/timeline/hex_jobscreator/dist/img/blips/colors/blip_color_64.png,212,third-party-license-review
server/[timeline]/hex_jobscreator/dist/img/blips/colors/blip_color_36.png,_REVIEW_THIRD_PARTY/timeline/hex_jobscreator/dist/img/blips/colors/blip_color_36.png,248,third-party-license-review
server/[timeline]/hex_jobscreator/dist/img/blips/colors/blip_color_56.png,_REVIEW_THIRD_PARTY/timeline/hex_jobscreator/dist/img/blips/colors/blip_color_56.png,244,third-party-license-review
server/[timeline]/hex_jobscreator/dist/img/blips/colors/blip_color_73.png,_REVIEW_THIRD_PARTY/timeline/hex_jobscreator/dist/img/blips/colors/blip_color_73.png,242,third-party-license-review
server/[timeline]/hex_jobscreator/dist/img/blips/colors/blip_color_28.png,_REVIEW_THIRD_PARTY/timeline/hex_jobscreator/dist/img/blips/colors/blip_color_28.png,238,third-party-license-review
server/[timeline]/hex_jobscreator/dist/img/blips/colors/blip_color_44.png,_REVIEW_THIRD_PARTY/timeline/hex_jobscreator/dist/img/blips/colors/blip_color_44.png,262,third-party-license-review
server/[timeline]/hex_jobscreator/dist/img/blips/colors/blip_color_79.png,_REVIEW_THIRD_PARTY/timeline/hex_jobscreator/dist/img/blips/colors/blip_color_79.png,216,third-party-license-review
server/[timeline]/hex_jobscreator/dist/img/blips/colors/blip_color_82.png,_REVIEW_THIRD_PARTY/timeline/hex_jobscreator/dist/img/blips/colors/blip_color_82.png,252,third-party-license-review
server/[timeline]/hex_jobscreator/dist/img/blips/colors/blip_color_69.png,_REVIEW_THIRD_PARTY/timeline/hex_jobscreator/dist/img/blips/colors/blip_color_69.png,206,third-party-license-review
server/[timeline]/hex_jobscreator/dist/img/blips/colors/blip_color_57.png,_REVIEW_THIRD_PARTY/timeline/hex_jobscreator/dist/img/blips/colors/blip_color_57.png,266,third-party-license-review
server/[timeline]/hex_jobscreator/dist/img/blips/colors/blip_color_9.png,_REVIEW_THIRD_PARTY/timeline/hex_jobscreator/dist/img/blips/colors/blip_color_9.png,208,third-party-license-review
server/[timeline]/hex_jobscreator/dist/img/blips/colors/blip_color_17.png,_REVIEW_THIRD_PARTY/timeline/hex_jobscreator/dist/img/blips/colors/blip_color_17.png,256,third-party-license-review
server/[timeline]/hex_jobscreator/dist/img/blips/colors/blip_color_15.png,_REVIEW_THIRD_PARTY/timeline/hex_jobscreator/dist/img/blips/colors/blip_color_15.png,250,third-party-license-review
server/[timeline]/hex_jobscreator/dist/img/blips/colors/blip_color_50.png,_REVIEW_THIRD_PARTY/timeline/hex_jobscreator/dist/img/blips/colors/blip_color_50.png,258,third-party-license-review
server/[timeline]/hex_jobscreator/dist/img/blips/colors/blip_color_10.png,_REVIEW_THIRD_PARTY/timeline/hex_jobscreator/dist/img/blips/colors/blip_color_10.png,252,third-party-license-review
server/[timeline]/hex_jobscreator/dist/img/blips/colors/blip_color_80.png,_REVIEW_THIRD_PARTY/timeline/hex_jobscreator/dist/img/blips/colors/blip_color_80.png,266,third-party-license-review
server/[timeline]/hex_jobscreator/dist/img/blips/colors/blip_color_70.png,_REVIEW_THIRD_PARTY/timeline/hex_jobscreator/dist/img/blips/colors/blip_color_70.png,242,third-party-license-review
server/[timeline]/hex_jobscreator/dist/img/blips/colors/blip_color_11.png,_REVIEW_THIRD_PARTY/timeline/hex_jobscreator/dist/img/blips/colors/blip_color_11.png,250,third-party-license-review
server/[timeline]/hex_jobscreator/dist/img/blips/colors/blip_color_81.png,_REVIEW_THIRD_PARTY/timeline/hex_jobscreator/dist/img/blips/colors/blip_color_81.png,244,third-party-license-review
server/[timeline]/hex_jobscreator/dist/img/blips/colors/blip_color_63.png,_REVIEW_THIRD_PARTY/timeline/hex_jobscreator/dist/img/blips/colors/blip_color_63.png,258,third-party-license-review
server/[timeline]/hex_jobscreator/dist/img/blips/colors/blip_color_83.png,_REVIEW_THIRD_PARTY/timeline/hex_jobscreator/dist/img/blips/colors/blip_color_83.png,216,third-party-license-review
server/[timeline]/hex_jobscreator/dist/img/blips/colors/blip_color_30.png,_REVIEW_THIRD_PARTY/timeline/hex_jobscreator/dist/img/blips/colors/blip_color_30.png,234,third-party-license-review
server/[timeline]/hex_jobscreator/dist/img/blips/colors/blip_color_59.png,_REVIEW_THIRD_PARTY/timeline/hex_jobscreator/dist/img/blips/colors/blip_color_59.png,216,third-party-license-review
server/[timeline]/hex_jobscreator/dist/img/blips/colors/blip_color_25.png,_REVIEW_THIRD_PARTY/timeline/hex_jobscreator/dist/img/blips/colors/blip_color_25.png,250,third-party-license-review
server/[timeline]/hex_jobscreator/dist/img/blips/colors/blip_color_24.png,_REVIEW_THIRD_PARTY/timeline/hex_jobscreator/dist/img/blips/colors/blip_color_24.png,258,third-party-license-review
server/[timeline]/hex_jobscreator/dist/img/blips/colors/blip_color_66.png,_REVIEW_THIRD_PARTY/timeline/hex_jobscreator/dist/img/blips/colors/blip_color_66.png,242,third-party-license-review
server/[timeline]/hex_jobscreator/dist/img/palm.png,_REVIEW_THIRD_PARTY/timeline/hex_jobscreator/dist/img/palm.png,8157,third-party-license-review
server/[timeline]/hex_jobscreator/dist/img/marker/types/marker_type_40.png,_REVIEW_THIRD_PARTY/timeline/hex_jobscreator/dist/img/marker/types/marker_type_40.png,56007,third-party-license-review
server/[timeline]/hex_jobscreator/dist/img/marker/types/marker_type_17.png,_REVIEW_THIRD_PARTY/timeline/hex_jobscreator/dist/img/marker/types/marker_type_17.png,53678,third-party-license-review
server/[timeline]/hex_jobscreator/dist/img/marker/types/marker_type_14.png,_REVIEW_THIRD_PARTY/timeline/hex_jobscreator/dist/img/marker/types/marker_type_14.png,54979,third-party-license-review
server/[timeline]/hex_jobscreator/dist/img/marker/types/marker_type_19.png,_REVIEW_THIRD_PARTY/timeline/hex_jobscreator/dist/img/marker/types/marker_type_19.png,55171,third-party-license-review
server/[timeline]/hex_jobscreator/dist/img/marker/types/marker_type_26.png,_REVIEW_THIRD_PARTY/timeline/hex_jobscreator/dist/img/marker/types/marker_type_26.png,51121,third-party-license-review
server/[timeline]/hex_jobscreator/dist/img/marker/types/marker_type_18.png,_REVIEW_THIRD_PARTY/timeline/hex_jobscreator/dist/img/marker/types/marker_type_18.png,55285,third-party-license-review
server/[timeline]/hex_jobscreator/dist/img/marker/types/marker_type_37.png,_REVIEW_THIRD_PARTY/timeline/hex_jobscreator/dist/img/marker/types/marker_type_37.png,53882,third-party-license-review
server/[timeline]/hex_jobscreator/dist/img/marker/types/marker_type_25.png,_REVIEW_THIRD_PARTY/timeline/hex_jobscreator/dist/img/marker/types/marker_type_25.png,51131,third-party-license-review
server/[timeline]/hex_jobscreator/dist/img/marker/types/marker_type_11.png,_REVIEW_THIRD_PARTY/timeline/hex_jobscreator/dist/img/marker/types/marker_type_11.png,54190,third-party-license-review
server/[timeline]/hex_jobscreator/dist/img/marker/types/marker_type_29.png,_REVIEW_THIRD_PARTY/timeline/hex_jobscreator/dist/img/marker/types/marker_type_29.png,53509,third-party-license-review
server/[timeline]/hex_jobscreator/dist/img/marker/types/marker_type_2.png,_REVIEW_THIRD_PARTY/timeline/hex_jobscreator/dist/img/marker/types/marker_type_2.png,52669,third-party-license-review
server/[timeline]/hex_jobscreator/dist/img/marker/types/marker_type_36.png,_REVIEW_THIRD_PARTY/timeline/hex_jobscreator/dist/img/marker/types/marker_type_36.png,53721,third-party-license-review
server/[timeline]/hex_jobscreator/dist/img/marker/types/marker_type_27.png,_REVIEW_THIRD_PARTY/timeline/hex_jobscreator/dist/img/marker/types/marker_type_27.png,51257,third-party-license-review
server/[timeline]/hex_jobscreator/dist/img/marker/types/marker_type_33.png,_REVIEW_THIRD_PARTY/timeline/hex_jobscreator/dist/img/marker/types/marker_type_33.png,54804,third-party-license-review
server/[timeline]/hex_jobscreator/dist/img/marker/types/marker_type_28.png,_REVIEW_THIRD_PARTY/timeline/hex_jobscreator/dist/img/marker/types/marker_type_28.png,51842,third-party-license-review
server/[timeline]/hex_jobscreator/dist/img/marker/types/marker_type_1.png,_REVIEW_THIRD_PARTY/timeline/hex_jobscreator/dist/img/marker/types/marker_type_1.png,52815,third-party-license-review
server/[timeline]/hex_jobscreator/dist/img/marker/types/marker_type_13.png,_REVIEW_THIRD_PARTY/timeline/hex_jobscreator/dist/img/marker/types/marker_type_13.png,54903,third-party-license-review
server/[timeline]/hex_jobscreator/dist/img/marker/types/marker_type_20.png,_REVIEW_THIRD_PARTY/timeline/hex_jobscreator/dist/img/marker/types/marker_type_20.png,52648,third-party-license-review
server/[timeline]/hex_jobscreator/dist/img/marker/types/marker_type_31.png,_REVIEW_THIRD_PARTY/timeline/hex_jobscreator/dist/img/marker/types/marker_type_31.png,55502,third-party-license-review
server/[timeline]/hex_jobscreator/dist/img/marker/types/marker_type_10.png,_REVIEW_THIRD_PARTY/timeline/hex_jobscreator/dist/img/marker/types/marker_type_10.png,55429,third-party-license-review
server/[timeline]/hex_jobscreator/dist/img/marker/types/marker_type_0.png,_REVIEW_THIRD_PARTY/timeline/hex_jobscreator/dist/img/marker/types/marker_type_0.png,56361,third-party-license-review
server/[timeline]/hex_jobscreator/dist/img/marker/types/marker_type_9.png,_REVIEW_THIRD_PARTY/timeline/hex_jobscreator/dist/img/marker/types/marker_type_9.png,54854,third-party-license-review
server/[timeline]/hex_jobscreator/dist/img/marker/types/marker_type_41.png,_REVIEW_THIRD_PARTY/timeline/hex_jobscreator/dist/img/marker/types/marker_type_41.png,54819,third-party-license-review
server/[timeline]/hex_jobscreator/dist/img/marker/types/marker_type_15.png,_REVIEW_THIRD_PARTY/timeline/hex_jobscreator/dist/img/marker/types/marker_type_15.png,55174,third-party-license-review
server/[timeline]/hex_jobscreator/dist/img/marker/types/marker_type_12.png,_REVIEW_THIRD_PARTY/timeline/hex_jobscreator/dist/img/marker/types/marker_type_12.png,53740,third-party-license-review
server/[timeline]/hex_jobscreator/dist/img/marker/types/marker_type_16.png,_REVIEW_THIRD_PARTY/timeline/hex_jobscreator/dist/img/marker/types/marker_type_16.png,55703,third-party-license-review
server/[timeline]/hex_jobscreator/dist/img/marker/types/marker_type_30.png,_REVIEW_THIRD_PARTY/timeline/hex_jobscreator/dist/img/marker/types/marker_type_30.png,51628,third-party-license-review
server/[timeline]/hex_jobscreator/dist/img/marker/types/marker_type_21.png,_REVIEW_THIRD_PARTY/timeline/hex_jobscreator/dist/img/marker/types/marker_type_21.png,54542,third-party-license-review
server/[timeline]/hex_jobscreator/dist/img/marker/types/marker_type_39.png,_REVIEW_THIRD_PARTY/timeline/hex_jobscreator/dist/img/marker/types/marker_type_39.png,54302,third-party-license-review
server/[timeline]/hex_jobscreator/dist/img/marker/types/marker_type_34.png,_REVIEW_THIRD_PARTY/timeline/hex_jobscreator/dist/img/marker/types/marker_type_34.png,54383,third-party-license-review
server/[timeline]/hex_jobscreator/dist/img/marker/types/marker_type_35.png,_REVIEW_THIRD_PARTY/timeline/hex_jobscreator/dist/img/marker/types/marker_type_35.png,55284,third-party-license-review
server/[timeline]/hex_jobscreator/dist/img/marker/types/marker_type_32.png,_REVIEW_THIRD_PARTY/timeline/hex_jobscreator/dist/img/marker/types/marker_type_32.png,54542,third-party-license-review
server/[timeline]/hex_jobscreator/dist/img/marker/types/marker_type_6.png,_REVIEW_THIRD_PARTY/timeline/hex_jobscreator/dist/img/marker/types/marker_type_6.png,56087,third-party-license-review
server/[timeline]/hex_jobscreator/dist/img/marker/types/marker_type_42.png,_REVIEW_THIRD_PARTY/timeline/hex_jobscreator/dist/img/marker/types/marker_type_42.png,57537,third-party-license-review
server/[timeline]/hex_jobscreator/dist/img/marker/types/marker_type_43.png,_REVIEW_THIRD_PARTY/timeline/hex_jobscreator/dist/img/marker/types/marker_type_43.png,53728,third-party-license-review
server/[timeline]/hex_jobscreator/dist/img/marker/types/marker_type_44.png,_REVIEW_THIRD_PARTY/timeline/hex_jobscreator/dist/img/marker/types/marker_type_44.png,77350,third-party-license-review
server/[timeline]/hex_jobscreator/dist/img/marker/types/marker_type_3.png,_REVIEW_THIRD_PARTY/timeline/hex_jobscreator/dist/img/marker/types/marker_type_3.png,55525,third-party-license-review
server/[timeline]/hex_jobscreator/dist/img/marker/types/marker_type_24.png,_REVIEW_THIRD_PARTY/timeline/hex_jobscreator/dist/img/marker/types/marker_type_24.png,55480,third-party-license-review
server/[timeline]/hex_jobscreator/dist/img/marker/types/marker_type_23.png,_REVIEW_THIRD_PARTY/timeline/hex_jobscreator/dist/img/marker/types/marker_type_23.png,51159,third-party-license-review
server/[timeline]/hex_jobscreator/dist/img/marker/types/marker_type_4.png,_REVIEW_THIRD_PARTY/timeline/hex_jobscreator/dist/img/marker/types/marker_type_4.png,54766,third-party-license-review
server/[timeline]/hex_jobscreator/dist/img/marker/types/marker_type_8.png,_REVIEW_THIRD_PARTY/timeline/hex_jobscreator/dist/img/marker/types/marker_type_8.png,54051,third-party-license-review
server/[timeline]/hex_jobscreator/dist/img/marker/types/marker_type_5.png,_REVIEW_THIRD_PARTY/timeline/hex_jobscreator/dist/img/marker/types/marker_type_5.png,54438,third-party-license-review
server/[timeline]/hex_jobscreator/dist/img/marker/types/marker_type_7.png,_REVIEW_THIRD_PARTY/timeline/hex_jobscreator/dist/img/marker/types/marker_type_7.png,51790,third-party-license-review
server/[timeline]/hex_jobscreator/dist/img/marker/types/marker_type_22.png,_REVIEW_THIRD_PARTY/timeline/hex_jobscreator/dist/img/marker/types/marker_type_22.png,55696,third-party-license-review
server/[timeline]/hex_jobscreator/dist/img/marker/types/marker_type_38.png,_REVIEW_THIRD_PARTY/timeline/hex_jobscreator/dist/img/marker/types/marker_type_38.png,56481,third-party-license-review
server/[timeline]/hex_jobscreator/dist/css/font/Bender/Bender-BoldItalic.otf,_REVIEW_THIRD_PARTY/timeline/hex_jobscreator/dist/css/font/Bender/Bender-BoldItalic.otf,49736,third-party-license-review
server/[timeline]/hex_jobscreator/dist/css/font/Bender/Bender-Light.otf,_REVIEW_THIRD_PARTY/timeline/hex_jobscreator/dist/css/font/Bender/Bender-Light.otf,51024,third-party-license-review
server/[timeline]/hex_jobscreator/dist/css/font/Bender/Bender-Italic.otf,_REVIEW_THIRD_PARTY/timeline/hex_jobscreator/dist/css/font/Bender/Bender-Italic.otf,49312,third-party-license-review
server/[timeline]/hex_jobscreator/dist/css/font/Bender/Bender.otf,_REVIEW_THIRD_PARTY/timeline/hex_jobscreator/dist/css/font/Bender/Bender.otf,52536,third-party-license-review
server/[timeline]/hex_jobscreator/dist/css/font/Bender/Bender-LightItalic.otf,_REVIEW_THIRD_PARTY/timeline/hex_jobscreator/dist/css/font/Bender/Bender-LightItalic.otf,49120,third-party-license-review
server/[timeline]/hex_jobscreator/dist/css/font/Bender/Bender-Black.otf,_REVIEW_THIRD_PARTY/timeline/hex_jobscreator/dist/css/font/Bender/Bender-Black.otf,54164,third-party-license-review
server/[timeline]/hex_jobscreator/dist/css/font/Bender/Bender-BlackItalic.otf,_REVIEW_THIRD_PARTY/timeline/hex_jobscreator/dist/css/font/Bender/Bender-BlackItalic.otf,50844,third-party-license-review
server/[timeline]/hex_jobscreator/dist/css/font/Bender/Bender-Bold.otf,_REVIEW_THIRD_PARTY/timeline/hex_jobscreator/dist/css/font/Bender/Bender-Bold.otf,52988,third-party-license-review
server/[timeline]/hex_jobscreator/dist/css/font/Gilroy/Gilroy-Regular.ttf,_REVIEW_THIRD_PARTY/timeline/hex_jobscreator/dist/css/font/Gilroy/Gilroy-Regular.ttf,145148,third-party-license-review
server/[timeline]/hex_menu_api/dist/css/fonts/chalet.otf,_REVIEW_THIRD_PARTY/timeline/hex_menu_api/dist/css/fonts/chalet.otf,47720,third-party-license-review
server/[timeline]/hex_4_ffa/html/img/death_screen.png,_REVIEW_THIRD_PARTY/timeline/hex_4_ffa/html/img/death_screen.png,373657,third-party-license-review
server/[timeline]/hex_4_ffa/html/img/scope.png,_REVIEW_THIRD_PARTY/timeline/hex_4_ffa/html/img/scope.png,32542,third-party-license-review
server/[timeline]/hex_4_ffa/html/img/trphy.png,_REVIEW_THIRD_PARTY/timeline/hex_4_ffa/html/img/trphy.png,20959,third-party-license-review
server/[timeline]/hex_4_ffa/html/img/trphy_silver.png,_REVIEW_THIRD_PARTY/timeline/hex_4_ffa/html/img/trphy_silver.png,23303,third-party-license-review
server/[timeline]/hex_4_ffa/html/img/clip_extended.png,_REVIEW_THIRD_PARTY/timeline/hex_4_ffa/html/img/clip_extended.png,18345,third-party-license-review
server/[timeline]/hex_4_ffa/html/img/suppressor.png,_REVIEW_THIRD_PARTY/timeline/hex_4_ffa/html/img/suppressor.png,18679,third-party-license-review
server/[timeline]/hex_4_ffa/html/img/compensator.png,_REVIEW_THIRD_PARTY/timeline/hex_4_ffa/html/img/compensator.png,18345,third-party-license-review
server/[timeline]/hex_4_ffa/html/img/flashlight.png,_REVIEW_THIRD_PARTY/timeline/hex_4_ffa/html/img/flashlight.png,11298,third-party-license-review
server/[timeline]/hex_4_ffa/html/img/cart.png,_REVIEW_THIRD_PARTY/timeline/hex_4_ffa/html/img/cart.png,546,third-party-license-review
server/[timeline]/hex_4_ffa/html/img/trphy_bronce.png,_REVIEW_THIRD_PARTY/timeline/hex_4_ffa/html/img/trphy_bronce.png,22827,third-party-license-review
server/[timeline]/hex_4_ffa/html/img/clip_drum.png,_REVIEW_THIRD_PARTY/timeline/hex_4_ffa/html/img/clip_drum.png,32386,third-party-license-review
server/[timeline]/hex_4_ffa/html/img/bg_1.png,_REVIEW_THIRD_PARTY/timeline/hex_4_ffa/html/img/bg_1.png,3750,third-party-license-review
server/[timeline]/hex_4_ffa/html/img/border.png,_REVIEW_THIRD_PARTY/timeline/hex_4_ffa/html/img/border.png,487,third-party-license-review
"server/[phone]/lb-racing/ui/dist/assets/fonts/Inter-Italic-VariableFont_opsz,wght.ttf","_REVIEW_THIRD_PARTY/phone/lb-racing/ui/dist/assets/fonts/Inter-Italic-VariableFont_opsz,wght.ttf",904532,third-party-license-review
"server/[phone]/lb-racing/ui/dist/assets/fonts/Inter-VariableFont_opsz,wght.ttf","_REVIEW_THIRD_PARTY/phone/lb-racing/ui/dist/assets/fonts/Inter-VariableFont_opsz,wght.ttf",874708,third-party-license-review
server/[phone]/lb-racing/ui/dist/assets/img/avatar-placeholder-light.svg,_REVIEW_THIRD_PARTY/phone/lb-racing/ui/dist/assets/img/avatar-placeholder-light.svg,897,third-party-license-review
server/[phone]/lb-racing/ui/dist/assets/img/props/prop_offroad_barrel01.webp,_REVIEW_THIRD_PARTY/phone/lb-racing/ui/dist/assets/img/props/prop_offroad_barrel01.webp,23098,third-party-license-review
server/[phone]/lb-racing/ui/dist/assets/img/props/prop_offroad_barrel02.webp,_REVIEW_THIRD_PARTY/phone/lb-racing/ui/dist/assets/img/props/prop_offroad_barrel02.webp,29668,third-party-license-review
server/[phone]/lb-racing/ui/dist/assets/img/props/prop_offroad_bale01.webp,_REVIEW_THIRD_PARTY/phone/lb-racing/ui/dist/assets/img/props/prop_offroad_bale01.webp,38434,third-party-license-review
server/[phone]/lb-racing/ui/dist/assets/img/props/prop_offroad_tyres01.webp,_REVIEW_THIRD_PARTY/phone/lb-racing/ui/dist/assets/img/props/prop_offroad_tyres01.webp,15298,third-party-license-review
server/[phone]/lb-racing/ui/dist/assets/img/props/prop_offroad_tyres01_tu.webp,_REVIEW_THIRD_PARTY/phone/lb-racing/ui/dist/assets/img/props/prop_offroad_tyres01_tu.webp,17306,third-party-license-review
server/[phone]/lb-racing/ui/dist/assets/img/props/prop_beachflag_01.webp,_REVIEW_THIRD_PARTY/phone/lb-racing/ui/dist/assets/img/props/prop_beachflag_01.webp,13564,third-party-license-review
server/[phone]/lb-racing/ui/dist/assets/img/props/prop_offroad_tyres02.webp,_REVIEW_THIRD_PARTY/phone/lb-racing/ui/dist/assets/img/props/prop_offroad_tyres02.webp,50430,third-party-license-review
server/[phone]/lb-racing/ui/dist/assets/img/avatar-placeholder-dark.svg,_REVIEW_THIRD_PARTY/phone/lb-racing/ui/dist/assets/img/avatar-placeholder-dark.svg,899,third-party-license-review
server/[phone]/lb-racing/ui/dist/assets/img/controls/keyboard-mouse/keyboard_x.svg,_REVIEW_THIRD_PARTY/phone/lb-racing/ui/dist/assets/img/controls/keyboard-mouse/keyboard_x.svg,414,third-party-license-review
server/[phone]/lb-racing/ui/dist/assets/img/controls/keyboard-mouse/keyboard_numpad_enter_outline.svg,_REVIEW_THIRD_PARTY/phone/lb-racing/ui/dist/assets/img/controls/keyboard-mouse/keyboard_numpad_enter_outline.svg,1735,third-party-license-review
server/[phone]/lb-racing/ui/dist/assets/img/controls/keyboard-mouse/keyboard_space_icon_outline.svg,_REVIEW_THIRD_PARTY/phone/lb-racing/ui/dist/assets/img/controls/keyboard-mouse/keyboard_space_icon_outline.svg,414,third-party-license-review
server/[phone]/lb-racing/ui/dist/assets/img/controls/keyboard-mouse/mouse_scroll_up.svg,_REVIEW_THIRD_PARTY/phone/lb-racing/ui/dist/assets/img/controls/keyboard-mouse/mouse_scroll_up.svg,1630,third-party-license-review
server/[phone]/lb-racing/ui/dist/assets/img/controls/keyboard-mouse/keyboard_h_outline.svg,_REVIEW_THIRD_PARTY/phone/lb-racing/ui/dist/assets/img/controls/keyboard-mouse/keyboard_h_outline.svg,426,third-party-license-review
server/[phone]/lb-racing/ui/dist/assets/img/controls/keyboard-mouse/keyboard_p.svg,_REVIEW_THIRD_PARTY/phone/lb-racing/ui/dist/assets/img/controls/keyboard-mouse/keyboard_p.svg,585,third-party-license-review
server/[phone]/lb-racing/ui/dist/assets/img/controls/keyboard-mouse/keyboard_f8.svg,_REVIEW_THIRD_PARTY/phone/lb-racing/ui/dist/assets/img/controls/keyboard-mouse/keyboard_f8.svg,1036,third-party-license-review
server/[phone]/lb-racing/ui/dist/assets/img/controls/keyboard-mouse/keyboard_delete_outline.svg,_REVIEW_THIRD_PARTY/phone/lb-racing/ui/dist/assets/img/controls/keyboard-mouse/keyboard_delete_outline.svg,725,third-party-license-review
server/[phone]/lb-racing/ui/dist/assets/img/controls/keyboard-mouse/keyboard_y.svg,_REVIEW_THIRD_PARTY/phone/lb-racing/ui/dist/assets/img/controls/keyboard-mouse/keyboard_y.svg,363,third-party-license-review
server/[phone]/lb-racing/ui/dist/assets/img/controls/keyboard-mouse/keyboard_arrows_horizontal_outline.svg,_REVIEW_THIRD_PARTY/phone/lb-racing/ui/dist/assets/img/controls/keyboard-mouse/keyboard_arrows_horizontal_outline.svg,699,third-party-license-review
server/[phone]/lb-racing/ui/dist/assets/img/controls/keyboard-mouse/keyboard_2.svg,_REVIEW_THIRD_PARTY/phone/lb-racing/ui/dist/assets/img/controls/keyboard-mouse/keyboard_2.svg,568,third-party-license-review
server/[phone]/lb-racing/ui/dist/assets/img/controls/keyboard-mouse/keyboard_tab_icon.svg,_REVIEW_THIRD_PARTY/phone/lb-racing/ui/dist/assets/img/controls/keyboard-mouse/keyboard_tab_icon.svg,448,third-party-license-review
server/[phone]/lb-racing/ui/dist/assets/img/controls/keyboard-mouse/keyboard_ctrl.svg,_REVIEW_THIRD_PARTY/phone/lb-racing/ui/dist/assets/img/controls/keyboard-mouse/keyboard_ctrl.svg,1500,third-party-license-review
server/[phone]/lb-racing/ui/dist/assets/img/controls/keyboard-mouse/keyboard_o_outline.svg,_REVIEW_THIRD_PARTY/phone/lb-racing/ui/dist/assets/img/controls/keyboard-mouse/keyboard_o_outline.svg,661,third-party-license-review
server/[phone]/lb-racing/ui/dist/assets/img/controls/keyboard-mouse/mouse_scroll_down.svg,_REVIEW_THIRD_PARTY/phone/lb-racing/ui/dist/assets/img/controls/keyboard-mouse/mouse_scroll_down.svg,1758,third-party-license-review
server/[phone]/lb-racing/ui/dist/assets/img/controls/keyboard-mouse/keyboard_question_outline.svg,_REVIEW_THIRD_PARTY/phone/lb-racing/ui/dist/assets/img/controls/keyboard-mouse/keyboard_question_outline.svg,901,third-party-license-review
server/[phone]/lb-racing/ui/dist/assets/img/controls/keyboard-mouse/keyboard_numlock_outline.svg,_REVIEW_THIRD_PARTY/phone/lb-racing/ui/dist/assets/img/controls/keyboard-mouse/keyboard_numlock_outline.svg,2560,third-party-license-review
server/[phone]/lb-racing/ui/dist/assets/img/controls/keyboard-mouse/keyboard_caret_outline.svg,_REVIEW_THIRD_PARTY/phone/lb-racing/ui/dist/assets/img/controls/keyboard-mouse/keyboard_caret_outline.svg,390,third-party-license-review
server/[phone]/lb-racing/ui/dist/assets/img/controls/keyboard-mouse/keyboard_w.svg,_REVIEW_THIRD_PARTY/phone/lb-racing/ui/dist/assets/img/controls/keyboard-mouse/keyboard_w.svg,357,third-party-license-review
server/[phone]/lb-racing/ui/dist/assets/img/controls/keyboard-mouse/keyboard_4.svg,_REVIEW_THIRD_PARTY/phone/lb-racing/ui/dist/assets/img/controls/keyboard-mouse/keyboard_4.svg,370,third-party-license-review
server/[phone]/lb-racing/ui/dist/assets/img/controls/keyboard-mouse/mouse_outline.svg,_REVIEW_THIRD_PARTY/phone/lb-racing/ui/dist/assets/img/controls/keyboard-mouse/mouse_outline.svg,869,third-party-license-review
server/[phone]/lb-racing/ui/dist/assets/img/controls/keyboard-mouse/mouse_right.svg,_REVIEW_THIRD_PARTY/phone/lb-racing/ui/dist/assets/img/controls/keyboard-mouse/mouse_right.svg,842,third-party-license-review
server/[phone]/lb-racing/ui/dist/assets/img/controls/keyboard-mouse/keyboard_f4.svg,_REVIEW_THIRD_PARTY/phone/lb-racing/ui/dist/assets/img/controls/keyboard-mouse/keyboard_f4.svg,492,third-party-license-review
server/[phone]/lb-racing/ui/dist/assets/img/controls/keyboard-mouse/keyboard_f4_outline.svg,_REVIEW_THIRD_PARTY/phone/lb-racing/ui/dist/assets/img/controls/keyboard-mouse/keyboard_f4_outline.svg,579,third-party-license-review
server/[phone]/lb-racing/ui/dist/assets/img/controls/keyboard-mouse/keyboard_numlock.svg,_REVIEW_THIRD_PARTY/phone/lb-racing/ui/dist/assets/img/controls/keyboard-mouse/keyboard_numlock.svg,2473,third-party-license-review
server/[phone]/lb-racing/ui/dist/assets/img/controls/keyboard-mouse/keyboard_function_outline.svg,_REVIEW_THIRD_PARTY/phone/lb-racing/ui/dist/assets/img/controls/keyboard-mouse/keyboard_function_outline.svg,542,third-party-license-review
server/[phone]/lb-racing/ui/dist/assets/img/controls/keyboard-mouse/keyboard_ctrl_outline.svg,_REVIEW_THIRD_PARTY/phone/lb-racing/ui/dist/assets/img/controls/keyboard-mouse/keyboard_ctrl_outline.svg,1623,third-party-license-review
server/[phone]/lb-racing/ui/dist/assets/img/controls/keyboard-mouse/keyboard_alt.svg,_REVIEW_THIRD_PARTY/phone/lb-racing/ui/dist/assets/img/controls/keyboard-mouse/keyboard_alt.svg,634,third-party-license-review
server/[phone]/lb-racing/ui/dist/assets/img/controls/keyboard-mouse/keyboard_colon.svg,_REVIEW_THIRD_PARTY/phone/lb-racing/ui/dist/assets/img/controls/keyboard-mouse/keyboard_colon.svg,433,third-party-license-review
server/[phone]/lb-racing/ui/dist/assets/img/controls/keyboard-mouse/keyboard_return.svg,_REVIEW_THIRD_PARTY/phone/lb-racing/ui/dist/assets/img/controls/keyboard-mouse/keyboard_return.svg,429,third-party-license-review
server/[phone]/lb-racing/ui/dist/assets/img/controls/keyboard-mouse/keyboard_page_up.svg,_REVIEW_THIRD_PARTY/phone/lb-racing/ui/dist/assets/img/controls/keyboard-mouse/keyboard_page_up.svg,2295,third-party-license-review
server/[phone]/lb-racing/ui/dist/assets/img/controls/keyboard-mouse/keyboard_m_outline.svg,_REVIEW_THIRD_PARTY/phone/lb-racing/ui/dist/assets/img/controls/keyboard-mouse/keyboard_m_outline.svg,432,third-party-license-review
server/[phone]/lb-racing/ui/dist/assets/img/controls/keyboard-mouse/keyboard_m.svg,_REVIEW_THIRD_PARTY/phone/lb-racing/ui/dist/assets/img/controls/keyboard-mouse/keyboard_m.svg,345,third-party-license-review
server/[phone]/lb-racing/ui/dist/assets/img/controls/keyboard-mouse/keyboard_v.svg,_REVIEW_THIRD_PARTY/phone/lb-racing/ui/dist/assets/img/controls/keyboard-mouse/keyboard_v.svg,310,third-party-license-review
server/[phone]/lb-racing/ui/dist/assets/img/controls/keyboard-mouse/keyboard_f10_outline.svg,_REVIEW_THIRD_PARTY/phone/lb-racing/ui/dist/assets/img/controls/keyboard-mouse/keyboard_f10_outline.svg,916,third-party-license-review
server/[phone]/lb-racing/ui/dist/assets/img/controls/keyboard-mouse/keyboard_g_outline.svg,_REVIEW_THIRD_PARTY/phone/lb-racing/ui/dist/assets/img/controls/keyboard-mouse/keyboard_g_outline.svg,745,third-party-license-review
server/[phone]/lb-racing/ui/dist/assets/img/controls/keyboard-mouse/keyboard_bracket_less_outline.svg,_REVIEW_THIRD_PARTY/phone/lb-racing/ui/dist/assets/img/controls/keyboard-mouse/keyboard_bracket_less_outline.svg,390,third-party-license-review
server/[phone]/lb-racing/ui/dist/assets/img/controls/keyboard-mouse/keyboard_option_outline.svg,_REVIEW_THIRD_PARTY/phone/lb-racing/ui/dist/assets/img/controls/keyboard-mouse/keyboard_option_outline.svg,448,third-party-license-review
server/[phone]/lb-racing/ui/dist/assets/img/controls/keyboard-mouse/keyboard_5.svg,_REVIEW_THIRD_PARTY/phone/lb-racing/ui/dist/assets/img/controls/keyboard-mouse/keyboard_5.svg,614,third-party-license-review
server/[phone]/lb-racing/ui/dist/assets/img/controls/keyboard-mouse/keyboard_f11_outline.svg,_REVIEW_THIRD_PARTY/phone/lb-racing/ui/dist/assets/img/controls/keyboard-mouse/keyboard_f11_outline.svg,616,third-party-license-review
server/[phone]/lb-racing/ui/dist/assets/img/controls/keyboard-mouse/keyboard_f5_outline.svg,_REVIEW_THIRD_PARTY/phone/lb-racing/ui/dist/assets/img/controls/keyboard-mouse/keyboard_f5_outline.svg,815,third-party-license-review
server/[phone]/lb-racing/ui/dist/assets/img/controls/keyboard-mouse/keyboard_insert_outline.svg,_REVIEW_THIRD_PARTY/phone/lb-racing/ui/dist/assets/img/controls/keyboard-mouse/keyboard_insert_outline.svg,745,third-party-license-review
server/[phone]/lb-racing/ui/dist/assets/img/controls/keyboard-mouse/keyboard_arrow_down.svg,_REVIEW_THIRD_PARTY/phone/lb-racing/ui/dist/assets/img/controls/keyboard-mouse/keyboard_arrow_down.svg,321,third-party-license-review
server/[phone]/lb-racing/ui/dist/assets/img/controls/keyboard-mouse/keyboard_quote_outline.svg,_REVIEW_THIRD_PARTY/phone/lb-racing/ui/dist/assets/img/controls/keyboard-mouse/keyboard_quote_outline.svg,520,third-party-license-review
server/[phone]/lb-racing/ui/dist/assets/img/controls/keyboard-mouse/keyboard_f6_outline.svg,_REVIEW_THIRD_PARTY/phone/lb-racing/ui/dist/assets/img/controls/keyboard-mouse/keyboard_f6_outline.svg,852,third-party-license-review
server/[phone]/lb-racing/ui/dist/assets/img/controls/keyboard-mouse/keyboard_f12.svg,_REVIEW_THIRD_PARTY/phone/lb-racing/ui/dist/assets/img/controls/keyboard-mouse/keyboard_f12.svg,764,third-party-license-review
server/[phone]/lb-racing/ui/dist/assets/img/controls/keyboard-mouse/keyboard_tab_outline.svg,_REVIEW_THIRD_PARTY/phone/lb-racing/ui/dist/assets/img/controls/keyboard-mouse/keyboard_tab_outline.svg,1089,third-party-license-review
server/[phone]/lb-racing/ui/dist/assets/img/controls/keyboard-mouse/keyboard_enter_outline.svg,_REVIEW_THIRD_PARTY/phone/lb-racing/ui/dist/assets/img/controls/keyboard-mouse/keyboard_enter_outline.svg,1843,third-party-license-review
server/[phone]/lb-racing/ui/dist/assets/img/controls/keyboard-mouse/mouse_scroll_vertical_outline.svg,_REVIEW_THIRD_PARTY/phone/lb-racing/ui/dist/assets/img/controls/keyboard-mouse/mouse_scroll_vertical_outline.svg,2170,third-party-license-review
server/[phone]/lb-racing/ui/dist/assets/img/controls/keyboard-mouse/keyboard_3.svg,_REVIEW_THIRD_PARTY/phone/lb-racing/ui/dist/assets/img/controls/keyboard-mouse/keyboard_3.svg,769,third-party-license-review
server/[phone]/lb-racing/ui/dist/assets/img/controls/keyboard-mouse/keyboard_f1_outline.svg,_REVIEW_THIRD_PARTY/phone/lb-racing/ui/dist/assets/img/controls/keyboard-mouse/keyboard_f1_outline.svg,542,third-party-license-review
server/[phone]/lb-racing/ui/dist/assets/img/controls/keyboard-mouse/keyboard_bracket_greater.svg,_REVIEW_THIRD_PARTY/phone/lb-racing/ui/dist/assets/img/controls/keyboard-mouse/keyboard_bracket_greater.svg,303,third-party-license-review
server/[phone]/lb-racing/ui/dist/assets/img/controls/keyboard-mouse/keyboard_arrows_up_outline.svg,_REVIEW_THIRD_PARTY/phone/lb-racing/ui/dist/assets/img/controls/keyboard-mouse/keyboard_arrows_up_outline.svg,786,third-party-license-review
server/[phone]/lb-racing/ui/dist/assets/img/controls/keyboard-mouse/keyboard_function.svg,_REVIEW_THIRD_PARTY/phone/lb-racing/ui/dist/assets/img/controls/keyboard-mouse/keyboard_function.svg,455,third-party-license-review
server/[phone]/lb-racing/ui/dist/assets/img/controls/keyboard-mouse/keyboard_plus_outline.svg,_REVIEW_THIRD_PARTY/phone/lb-racing/ui/dist/assets/img/controls/keyboard-mouse/keyboard_plus_outline.svg,462,third-party-license-review
server/[phone]/lb-racing/ui/dist/assets/img/controls/keyboard-mouse/keyboard_j_outline.svg,_REVIEW_THIRD_PARTY/phone/lb-racing/ui/dist/assets/img/controls/keyboard-mouse/keyboard_j_outline.svg,492,third-party-license-review
server/[phone]/lb-racing/ui/dist/assets/img/controls/keyboard-mouse/keyboard_arrows_vertical_outline.svg,_REVIEW_THIRD_PARTY/phone/lb-racing/ui/dist/assets/img/controls/keyboard-mouse/keyboard_arrows_vertical_outline.svg,699,third-party-license-review
server/[phone]/lb-racing/ui/dist/assets/img/controls/keyboard-mouse/keyboard_bracket_greater_outline.svg,_REVIEW_THIRD_PARTY/phone/lb-racing/ui/dist/assets/img/controls/keyboard-mouse/keyboard_bracket_greater_outline.svg,390,third-party-license-review
server/[phone]/lb-racing/ui/dist/assets/img/controls/keyboard-mouse/keyboard_8.svg,_REVIEW_THIRD_PARTY/phone/lb-racing/ui/dist/assets/img/controls/keyboard-mouse/keyboard_8.svg,907,third-party-license-review
server/[phone]/lb-racing/ui/dist/assets/img/controls/keyboard-mouse/keyboard_minus.svg,_REVIEW_THIRD_PARTY/phone/lb-racing/ui/dist/assets/img/controls/keyboard-mouse/keyboard_minus.svg,291,third-party-license-review
server/[phone]/lb-racing/ui/dist/assets/img/controls/keyboard-mouse/keyboard_asterisk_outline.svg,_REVIEW_THIRD_PARTY/phone/lb-racing/ui/dist/assets/img/controls/keyboard-mouse/keyboard_asterisk_outline.svg,521,third-party-license-review
server/[phone]/lb-racing/ui/dist/assets/img/controls/keyboard-mouse/mouse_scroll_down_outline.svg,_REVIEW_THIRD_PARTY/phone/lb-racing/ui/dist/assets/img/controls/keyboard-mouse/mouse_scroll_down_outline.svg,1476,third-party-license-review
server/[phone]/lb-racing/ui/dist/assets/img/controls/keyboard-mouse/keyboard_arrows_right.svg,_REVIEW_THIRD_PARTY/phone/lb-racing/ui/dist/assets/img/controls/keyboard-mouse/keyboard_arrows_right.svg,570,third-party-license-review
server/[phone]/lb-racing/ui/dist/assets/img/controls/keyboard-mouse/keyboard_5_outline.svg,_REVIEW_THIRD_PARTY/phone/lb-racing/ui/dist/assets/img/controls/keyboard-mouse/keyboard_5_outline.svg,701,third-party-license-review
server/[phone]/lb-racing/ui/dist/assets/img/controls/keyboard-mouse/keyboard_r_outline.svg,_REVIEW_THIRD_PARTY/phone/lb-racing/ui/dist/assets/img/controls/keyboard-mouse/keyboard_r_outline.svg,658,third-party-license-review
server/[phone]/lb-racing/ui/dist/assets/img/controls/keyboard-mouse/keyboard_plus.svg,_REVIEW_THIRD_PARTY/phone/lb-racing/ui/dist/assets/img/controls/keyboard-mouse/keyboard_plus.svg,375,third-party-license-review
server/[phone]/lb-racing/ui/dist/assets/img/controls/keyboard-mouse/keyboard_f11.svg,_REVIEW_THIRD_PARTY/phone/lb-racing/ui/dist/assets/img/controls/keyboard-mouse/keyboard_f11.svg,529,third-party-license-review
server/[phone]/lb-racing/ui/dist/assets/img/controls/keyboard-mouse/keyboard_f6.svg,_REVIEW_THIRD_PARTY/phone/lb-racing/ui/dist/assets/img/controls/keyboard-mouse/keyboard_f6.svg,765,third-party-license-review
server/[phone]/lb-racing/ui/dist/assets/img/controls/keyboard-mouse/keyboard_alt_outline.svg,_REVIEW_THIRD_PARTY/phone/lb-racing/ui/dist/assets/img/controls/keyboard-mouse/keyboard_alt_outline.svg,757,third-party-license-review
server/[phone]/lb-racing/ui/dist/assets/img/controls/keyboard-mouse/keyboard_equals.svg,_REVIEW_THIRD_PARTY/phone/lb-racing/ui/dist/assets/img/controls/keyboard-mouse/keyboard_equals.svg,323,third-party-license-review
server/[phone]/lb-racing/ui/dist/assets/img/controls/keyboard-mouse/keyboard_delete.svg,_REVIEW_THIRD_PARTY/phone/lb-racing/ui/dist/assets/img/controls/keyboard-mouse/keyboard_delete.svg,638,third-party-license-review
server/[phone]/lb-racing/ui/dist/assets/img/controls/keyboard-mouse/keyboard_f10.svg,_REVIEW_THIRD_PARTY/phone/lb-racing/ui/dist/assets/img/controls/keyboard-mouse/keyboard_f10.svg,829,third-party-license-review
server/[phone]/lb-racing/ui/dist/assets/img/controls/keyboard-mouse/keyboard_command.svg,_REVIEW_THIRD_PARTY/phone/lb-racing/ui/dist/assets/img/controls/keyboard-mouse/keyboard_command.svg,1403,third-party-license-review
server/[phone]/lb-racing/ui/dist/assets/img/controls/keyboard-mouse/keyboard_f9_outline.svg,_REVIEW_THIRD_PARTY/phone/lb-racing/ui/dist/assets/img/controls/keyboard-mouse/keyboard_f9_outline.svg,829,third-party-license-review
server/[phone]/lb-racing/ui/dist/assets/img/controls/keyboard-mouse/keyboard_i_outline.svg,_REVIEW_THIRD_PARTY/phone/lb-racing/ui/dist/assets/img/controls/keyboard-mouse/keyboard_i_outline.svg,378,third-party-license-review
server/[phone]/lb-racing/ui/dist/assets/img/controls/keyboard-mouse/keyboard_arrows_down.svg,_REVIEW_THIRD_PARTY/phone/lb-racing/ui/dist/assets/img/controls/keyboard-mouse/keyboard_arrows_down.svg,570,third-party-license-review
server/[phone]/lb-racing/ui/dist/assets/img/controls/keyboard-mouse/keyboard_b.svg,_REVIEW_THIRD_PARTY/phone/lb-racing/ui/dist/assets/img/controls/keyboard-mouse/keyboard_b.svg,682,third-party-license-review
server/[phone]/lb-racing/ui/dist/assets/img/controls/keyboard-mouse/keyboard_option.svg,_REVIEW_THIRD_PARTY/phone/lb-racing/ui/dist/assets/img/controls/keyboard-mouse/keyboard_option.svg,361,third-party-license-review
server/[phone]/lb-racing/ui/dist/assets/img/controls/keyboard-mouse/keyboard_f3.svg,_REVIEW_THIRD_PARTY/phone/lb-racing/ui/dist/assets/img/controls/keyboard-mouse/keyboard_f3.svg,877,third-party-license-review
server/[phone]/lb-racing/ui/dist/assets/img/controls/keyboard-mouse/keyboard_tilde_outline.svg,_REVIEW_THIRD_PARTY/phone/lb-racing/ui/dist/assets/img/controls/keyboard-mouse/keyboard_tilde_outline.svg,702,third-party-license-review
server/[phone]/lb-racing/ui/dist/assets/img/controls/keyboard-mouse/keyboard_u_outline.svg,_REVIEW_THIRD_PARTY/phone/lb-racing/ui/dist/assets/img/controls/keyboard-mouse/keyboard_u_outline.svg,575,third-party-license-review
server/[phone]/lb-racing/ui/dist/assets/img/controls/keyboard-mouse/keyboard_o.svg,_REVIEW_THIRD_PARTY/phone/lb-racing/ui/dist/assets/img/controls/keyboard-mouse/keyboard_o.svg,574,third-party-license-review
server/[phone]/lb-racing/ui/dist/assets/img/controls/keyboard-mouse/keyboard_9_outline.svg,_REVIEW_THIRD_PARTY/phone/lb-racing/ui/dist/assets/img/controls/keyboard-mouse/keyboard_9_outline.svg,707,third-party-license-review
server/[phone]/lb-racing/ui/dist/assets/img/controls/keyboard-mouse/keyboard_colon_outline.svg,_REVIEW_THIRD_PARTY/phone/lb-racing/ui/dist/assets/img/controls/keyboard-mouse/keyboard_colon_outline.svg,520,third-party-license-review
server/[phone]/lb-racing/ui/dist/assets/img/controls/keyboard-mouse/keyboard_arrow_right.svg,_REVIEW_THIRD_PARTY/phone/lb-racing/ui/dist/assets/img/controls/keyboard-mouse/keyboard_arrow_right.svg,322,third-party-license-review
server/[phone]/lb-racing/ui/dist/assets/img/controls/keyboard-mouse/keyboard_6.svg,_REVIEW_THIRD_PARTY/phone/lb-racing/ui/dist/assets/img/controls/keyboard-mouse/keyboard_6.svg,629,third-party-license-review
server/[phone]/lb-racing/ui/dist/assets/img/controls/keyboard-mouse/keyboard_page_down.svg,_REVIEW_THIRD_PARTY/phone/lb-racing/ui/dist/assets/img/controls/keyboard-mouse/keyboard_page_down.svg,3251,third-party-license-review
server/[phone]/lb-racing/ui/dist/assets/img/controls/keyboard-mouse/keyboard_bracket_less.svg,_REVIEW_THIRD_PARTY/phone/lb-racing/ui/dist/assets/img/controls/keyboard-mouse/keyboard_bracket_less.svg,303,third-party-license-review
server/[phone]/lb-racing/ui/dist/assets/img/controls/keyboard-mouse/keyboard_printscreen.svg,_REVIEW_THIRD_PARTY/phone/lb-racing/ui/dist/assets/img/controls/keyboard-mouse/keyboard_printscreen.svg,2660,third-party-license-review
server/[phone]/lb-racing/ui/dist/assets/img/controls/keyboard-mouse/keyboard_slash_back.svg,_REVIEW_THIRD_PARTY/phone/lb-racing/ui/dist/assets/img/controls/keyboard-mouse/keyboard_slash_back.svg,315,third-party-license-review
server/[phone]/lb-racing/ui/dist/assets/img/controls/keyboard-mouse/keyboard_d_outline.svg,_REVIEW_THIRD_PARTY/phone/lb-racing/ui/dist/assets/img/controls/keyboard-mouse/keyboard_d_outline.svg,583,third-party-license-review
server/[phone]/lb-racing/ui/dist/assets/img/controls/keyboard-mouse/keyboard_arrows_left_outline.svg,_REVIEW_THIRD_PARTY/phone/lb-racing/ui/dist/assets/img/controls/keyboard-mouse/keyboard_arrows_left_outline.svg,786,third-party-license-review
server/[phone]/lb-racing/ui/dist/assets/img/controls/keyboard-mouse/keyboard_arrow_right_outline.svg,_REVIEW_THIRD_PARTY/phone/lb-racing/ui/dist/assets/img/controls/keyboard-mouse/keyboard_arrow_right_outline.svg,409,third-party-license-review
server/[phone]/lb-racing/ui/dist/assets/img/controls/keyboard-mouse/keyboard_f5.svg,_REVIEW_THIRD_PARTY/phone/lb-racing/ui/dist/assets/img/controls/keyboard-mouse/keyboard_f5.svg,728,third-party-license-review
server/[phone]/lb-racing/ui/dist/assets/img/controls/keyboard-mouse/keyboard_shift_icon.svg,_REVIEW_THIRD_PARTY/phone/lb-racing/ui/dist/assets/img/controls/keyboard-mouse/keyboard_shift_icon.svg,362,third-party-license-review
server/[phone]/lb-racing/ui/dist/assets/img/controls/keyboard-mouse/keyboard_y_outline.svg,_REVIEW_THIRD_PARTY/phone/lb-racing/ui/dist/assets/img/controls/keyboard-mouse/keyboard_y_outline.svg,450,third-party-license-review
server/[phone]/lb-racing/ui/dist/assets/img/controls/keyboard-mouse/mouse_scroll_outline.svg,_REVIEW_THIRD_PARTY/phone/lb-racing/ui/dist/assets/img/controls/keyboard-mouse/mouse_scroll_outline.svg,701,third-party-license-review
server/[phone]/lb-racing/ui/dist/assets/img/controls/keyboard-mouse/keyboard_4_outline.svg,_REVIEW_THIRD_PARTY/phone/lb-racing/ui/dist/assets/img/controls/keyboard-mouse/keyboard_4_outline.svg,457,third-party-license-review
server/[phone]/lb-racing/ui/dist/assets/img/controls/keyboard-mouse/keyboard_numpad_plus_outline.svg,_REVIEW_THIRD_PARTY/phone/lb-racing/ui/dist/assets/img/controls/keyboard-mouse/keyboard_numpad_plus_outline.svg,466,third-party-license-review
server/[phone]/lb-racing/ui/dist/assets/img/controls/keyboard-mouse/keyboard_end.svg,_REVIEW_THIRD_PARTY/phone/lb-racing/ui/dist/assets/img/controls/keyboard-mouse/keyboard_end.svg,674,third-party-license-review
server/[phone]/lb-racing/ui/dist/assets/img/controls/keyboard-mouse/keyboard_period_outline.svg,_REVIEW_THIRD_PARTY/phone/lb-racing/ui/dist/assets/img/controls/keyboard-mouse/keyboard_period_outline.svg,433,third-party-license-review
server/[phone]/lb-racing/ui/dist/assets/img/controls/keyboard-mouse/keyboard_w_outline.svg,_REVIEW_THIRD_PARTY/phone/lb-racing/ui/dist/assets/img/controls/keyboard-mouse/keyboard_w_outline.svg,444,third-party-license-review
server/[phone]/lb-racing/ui/dist/assets/img/controls/keyboard-mouse/keyboard_f9.svg,_REVIEW_THIRD_PARTY/phone/lb-racing/ui/dist/assets/img/controls/keyboard-mouse/keyboard_f9.svg,742,third-party-license-review
server/[phone]/lb-racing/ui/dist/assets/img/controls/keyboard-mouse/keyboard_d.svg,_REVIEW_THIRD_PARTY/phone/lb-racing/ui/dist/assets/img/controls/keyboard-mouse/keyboard_d.svg,496,third-party-license-review
server/[phone]/lb-racing/ui/dist/assets/img/controls/keyboard-mouse/keyboard_backspace_outline.svg,_REVIEW_THIRD_PARTY/phone/lb-racing/ui/dist/assets/img/controls/keyboard-mouse/keyboard_backspace_outline.svg,3885,third-party-license-review
server/[phone]/lb-racing/ui/dist/assets/img/controls/keyboard-mouse/keyboard_v_outline.svg,_REVIEW_THIRD_PARTY/phone/lb-racing/ui/dist/assets/img/controls/keyboard-mouse/keyboard_v_outline.svg,397,third-party-license-review
server/[phone]/lb-racing/ui/dist/assets/img/controls/keyboard-mouse/keyboard_arrows_vertical.svg,_REVIEW_THIRD_PARTY/phone/lb-racing/ui/dist/assets/img/controls/keyboard-mouse/keyboard_arrows_vertical.svg,570,third-party-license-review
server/[phone]/lb-racing/ui/dist/assets/img/controls/keyboard-mouse/keyboard_bracket_close_outline.svg,_REVIEW_THIRD_PARTY/phone/lb-racing/ui/dist/assets/img/controls/keyboard-mouse/keyboard_bracket_close_outline.svg,414,third-party-license-review
server/[phone]/lb-racing/ui/dist/assets/img/controls/keyboard-mouse/keyboard_backspace_icon_outline.svg,_REVIEW_THIRD_PARTY/phone/lb-racing/ui/dist/assets/img/controls/keyboard-mouse/keyboard_backspace_icon_outline.svg,449,third-party-license-review
server/[phone]/lb-racing/ui/dist/assets/img/controls/keyboard-mouse/keyboard_tab_icon_outline.svg,_REVIEW_THIRD_PARTY/phone/lb-racing/ui/dist/assets/img/controls/keyboard-mouse/keyboard_tab_icon_outline.svg,535,third-party-license-review
server/[phone]/lb-racing/ui/dist/assets/img/controls/keyboard-mouse/keyboard_backspace_icon_alternative_outline.svg,_REVIEW_THIRD_PARTY/phone/lb-racing/ui/dist/assets/img/controls/keyboard-mouse/keyboard_backspace_icon_alternative_outline.svg,739,third-party-license-review
server/[phone]/lb-racing/ui/dist/assets/img/controls/keyboard-mouse/keyboard_capslock_outline.svg,_REVIEW_THIRD_PARTY/phone/lb-racing/ui/dist/assets/img/controls/keyboard-mouse/keyboard_capslock_outline.svg,3246,third-party-license-review
server/[phone]/lb-racing/ui/dist/assets/img/controls/keyboard-mouse/keyboard_arrows_horizontal.svg,_REVIEW_THIRD_PARTY/phone/lb-racing/ui/dist/assets/img/controls/keyboard-mouse/keyboard_arrows_horizontal.svg,570,third-party-license-review
server/[phone]/lb-racing/ui/dist/assets/img/controls/keyboard-mouse/mouse_scroll.svg,_REVIEW_THIRD_PARTY/phone/lb-racing/ui/dist/assets/img/controls/keyboard-mouse/mouse_scroll.svg,842,third-party-license-review
server/[phone]/lb-racing/ui/dist/assets/img/controls/keyboard-mouse/keyboard_c_outline.svg,_REVIEW_THIRD_PARTY/phone/lb-racing/ui/dist/assets/img/controls/keyboard-mouse/keyboard_c_outline.svg,702,third-party-license-review
server/[phone]/lb-racing/ui/dist/assets/img/controls/keyboard-mouse/mouse_small.svg,_REVIEW_THIRD_PARTY/phone/lb-racing/ui/dist/assets/img/controls/keyboard-mouse/mouse_small.svg,869,third-party-license-review
server/[phone]/lb-racing/ui/dist/assets/img/controls/keyboard-mouse/keyboard_win.svg,_REVIEW_THIRD_PARTY/phone/lb-racing/ui/dist/assets/img/controls/keyboard-mouse/keyboard_win.svg,975,third-party-license-review
server/[phone]/lb-racing/ui/dist/assets/img/controls/keyboard-mouse/keyboard_f_outline.svg,_REVIEW_THIRD_PARTY/phone/lb-racing/ui/dist/assets/img/controls/keyboard-mouse/keyboard_f_outline.svg,414,third-party-license-review
server/[phone]/lb-racing/ui/dist/assets/img/controls/keyboard-mouse/keyboard_capslock_icon_outline.svg,_REVIEW_THIRD_PARTY/phone/lb-racing/ui/dist/assets/img/controls/keyboard-mouse/keyboard_capslock_icon_outline.svg,445,third-party-license-review
server/[phone]/lb-racing/ui/dist/assets/img/controls/keyboard-mouse/mouse_scroll_up_outline.svg,_REVIEW_THIRD_PARTY/phone/lb-racing/ui/dist/assets/img/controls/keyboard-mouse/mouse_scroll_up_outline.svg,1457,third-party-license-review
server/[phone]/lb-racing/ui/dist/assets/img/controls/keyboard-mouse/keyboard_n.svg,_REVIEW_THIRD_PARTY/phone/lb-racing/ui/dist/assets/img/controls/keyboard-mouse/keyboard_n.svg,327,third-party-license-review
server/[phone]/lb-racing/ui/dist/assets/img/controls/keyboard-mouse/mouse_right_outline.svg,_REVIEW_THIRD_PARTY/phone/lb-racing/ui/dist/assets/img/controls/keyboard-mouse/mouse_right_outline.svg,775,third-party-license-review
server/[phone]/lb-racing/ui/dist/assets/img/controls/keyboard-mouse/keyboard_s_outline.svg,_REVIEW_THIRD_PARTY/phone/lb-racing/ui/dist/assets/img/controls/keyboard-mouse/keyboard_s_outline.svg,980,third-party-license-review
server/[phone]/lb-racing/ui/dist/assets/img/controls/keyboard-mouse/keyboard_backspace_icon.svg,_REVIEW_THIRD_PARTY/phone/lb-racing/ui/dist/assets/img/controls/keyboard-mouse/keyboard_backspace_icon.svg,362,third-party-license-review
server/[phone]/lb-racing/ui/dist/assets/img/controls/keyboard-mouse/keyboard_l_outline.svg,_REVIEW_THIRD_PARTY/phone/lb-racing/ui/dist/assets/img/controls/keyboard-mouse/keyboard_l_outline.svg,390,third-party-license-review
server/[phone]/lb-racing/ui/dist/assets/img/controls/keyboard-mouse/keyboard_escape_outline.svg,_REVIEW_THIRD_PARTY/phone/lb-racing/ui/dist/assets/img/controls/keyboard-mouse/keyboard_escape_outline.svg,1100,third-party-license-review
server/[phone]/lb-racing/ui/dist/assets/img/controls/keyboard-mouse/keyboard_insert.svg,_REVIEW_THIRD_PARTY/phone/lb-racing/ui/dist/assets/img/controls/keyboard-mouse/keyboard_insert.svg,658,third-party-license-review
server/[phone]/lb-racing/ui/dist/assets/img/controls/keyboard-mouse/keyboard_any_outline.svg,_REVIEW_THIRD_PARTY/phone/lb-racing/ui/dist/assets/img/controls/keyboard-mouse/keyboard_any_outline.svg,756,third-party-license-review
server/[phone]/lb-racing/ui/dist/assets/img/controls/keyboard-mouse/keyboard_slash_forward.svg,_REVIEW_THIRD_PARTY/phone/lb-racing/ui/dist/assets/img/controls/keyboard-mouse/keyboard_slash_forward.svg,315,third-party-license-review
server/[phone]/lb-racing/ui/dist/assets/img/controls/keyboard-mouse/keyboard_f8_outline.svg,_REVIEW_THIRD_PARTY/phone/lb-racing/ui/dist/assets/img/controls/keyboard-mouse/keyboard_f8_outline.svg,1123,third-party-license-review
server/[phone]/lb-racing/ui/dist/assets/img/controls/keyboard-mouse/keyboard_arrow_left_outline.svg,_REVIEW_THIRD_PARTY/phone/lb-racing/ui/dist/assets/img/controls/keyboard-mouse/keyboard_arrow_left_outline.svg,408,third-party-license-review
server/[phone]/lb-racing/ui/dist/assets/img/controls/keyboard-mouse/keyboard_arrows_up.svg,_REVIEW_THIRD_PARTY/phone/lb-racing/ui/dist/assets/img/controls/keyboard-mouse/keyboard_arrows_up.svg,570,third-party-license-review
server/[phone]/lb-racing/ui/dist/assets/img/controls/keyboard-mouse/keyboard_shift_icon_outline.svg,_REVIEW_THIRD_PARTY/phone/lb-racing/ui/dist/assets/img/controls/keyboard-mouse/keyboard_shift_icon_outline.svg,449,third-party-license-review
server/[phone]/lb-racing/ui/dist/assets/img/controls/keyboard-mouse/keyboard_1_outline.svg,_REVIEW_THIRD_PARTY/phone/lb-racing/ui/dist/assets/img/controls/keyboard-mouse/keyboard_1_outline.svg,420,third-party-license-review
server/[phone]/lb-racing/ui/dist/assets/img/controls/keyboard-mouse/keyboard_1.svg,_REVIEW_THIRD_PARTY/phone/lb-racing/ui/dist/assets/img/controls/keyboard-mouse/keyboard_1.svg,333,third-party-license-review
server/[phone]/lb-racing/ui/dist/assets/img/controls/keyboard-mouse/keyboard_f3_outline.svg,_REVIEW_THIRD_PARTY/phone/lb-racing/ui/dist/assets/img/controls/keyboard-mouse/keyboard_f3_outline.svg,964,third-party-license-review
server/[phone]/lb-racing/ui/dist/assets/img/controls/keyboard-mouse/keyboard_l.svg,_REVIEW_THIRD_PARTY/phone/lb-racing/ui/dist/assets/img/controls/keyboard-mouse/keyboard_l.svg,303,third-party-license-review
server/[phone]/lb-racing/ui/dist/assets/img/controls/keyboard-mouse/keyboard_escape.svg,_REVIEW_THIRD_PARTY/phone/lb-racing/ui/dist/assets/img/controls/keyboard-mouse/keyboard_escape.svg,1013,third-party-license-review
server/[phone]/lb-racing/ui/dist/assets/img/controls/keyboard-mouse/keyboard_bracket_close.svg,_REVIEW_THIRD_PARTY/phone/lb-racing/ui/dist/assets/img/controls/keyboard-mouse/keyboard_bracket_close.svg,327,third-party-license-review
server/[phone]/lb-racing/ui/dist/assets/img/controls/keyboard-mouse/keyboard_slash_forward_outline.svg,_REVIEW_THIRD_PARTY/phone/lb-racing/ui/dist/assets/img/controls/keyboard-mouse/keyboard_slash_forward_outline.svg,402,third-party-license-review
server/[phone]/lb-racing/ui/dist/assets/img/controls/keyboard-mouse/keyboard_capslock.svg,_REVIEW_THIRD_PARTY/phone/lb-racing/ui/dist/assets/img/controls/keyboard-mouse/keyboard_capslock.svg,3159,third-party-license-review
server/[phone]/lb-racing/ui/dist/assets/img/controls/keyboard-mouse/keyboard_command_outline.svg,_REVIEW_THIRD_PARTY/phone/lb-racing/ui/dist/assets/img/controls/keyboard-mouse/keyboard_command_outline.svg,1490,third-party-license-review
server/[phone]/lb-racing/ui/dist/assets/img/controls/keyboard-mouse/keyboard_7.svg,_REVIEW_THIRD_PARTY/phone/lb-racing/ui/dist/assets/img/controls/keyboard-mouse/keyboard_7.svg,309,third-party-license-review
server/[phone]/lb-racing/ui/dist/assets/img/controls/keyboard-mouse/keyboard_backspace_icon_alternative.svg,_REVIEW_THIRD_PARTY/phone/lb-racing/ui/dist/assets/img/controls/keyboard-mouse/keyboard_backspace_icon_alternative.svg,652,third-party-license-review
server/[phone]/lb-racing/ui/dist/assets/img/controls/keyboard-mouse/keyboard_3_outline.svg,_REVIEW_THIRD_PARTY/phone/lb-racing/ui/dist/assets/img/controls/keyboard-mouse/keyboard_3_outline.svg,856,third-party-license-review
server/[phone]/lb-racing/ui/dist/assets/img/controls/keyboard-mouse/keyboard_u.svg,_REVIEW_THIRD_PARTY/phone/lb-racing/ui/dist/assets/img/controls/keyboard-mouse/keyboard_u.svg,488,third-party-license-review
server/[phone]/lb-racing/ui/dist/assets/img/controls/keyboard-mouse/keyboard_q.svg,_REVIEW_THIRD_PARTY/phone/lb-racing/ui/dist/assets/img/controls/keyboard-mouse/keyboard_q.svg,638,third-party-license-review
server/[phone]/lb-racing/ui/dist/assets/img/controls/keyboard-mouse/keyboard_2_outline.svg,_REVIEW_THIRD_PARTY/phone/lb-racing/ui/dist/assets/img/controls/keyboard-mouse/keyboard_2_outline.svg,655,third-party-license-review
server/[phone]/lb-racing/ui/dist/assets/img/controls/keyboard-mouse/keyboard_p_outline.svg,_REVIEW_THIRD_PARTY/phone/lb-racing/ui/dist/assets/img/controls/keyboard-mouse/keyboard_p_outline.svg,672,third-party-license-review
server/[phone]/lb-racing/ui/dist/assets/img/controls/keyboard-mouse/keyboard_quote.svg,_REVIEW_THIRD_PARTY/phone/lb-racing/ui/dist/assets/img/controls/keyboard-mouse/keyboard_quote.svg,433,third-party-license-review
server/[phone]/lb-racing/ui/dist/assets/img/controls/keyboard-mouse/keyboard_q_outline.svg,_REVIEW_THIRD_PARTY/phone/lb-racing/ui/dist/assets/img/controls/keyboard-mouse/keyboard_q_outline.svg,725,third-party-license-review
server/[phone]/lb-racing/ui/dist/assets/img/controls/keyboard-mouse/keyboard_t.svg,_REVIEW_THIRD_PARTY/phone/lb-racing/ui/dist/assets/img/controls/keyboard-mouse/keyboard_t.svg,315,third-party-license-review
server/[phone]/lb-racing/ui/dist/assets/img/controls/keyboard-mouse/keyboard_comma.svg,_REVIEW_THIRD_PARTY/phone/lb-racing/ui/dist/assets/img/controls/keyboard-mouse/keyboard_comma.svg,487,third-party-license-review
server/[phone]/lb-racing/ui/dist/assets/img/controls/keyboard-mouse/mouse_move.svg,_REVIEW_THIRD_PARTY/phone/lb-racing/ui/dist/assets/img/controls/keyboard-mouse/mouse_move.svg,1197,third-party-license-review
server/[phone]/lb-racing/ui/dist/assets/img/controls/keyboard-mouse/keyboard_i.svg,_REVIEW_THIRD_PARTY/phone/lb-racing/ui/dist/assets/img/controls/keyboard-mouse/keyboard_i.svg,291,third-party-license-review
server/[phone]/lb-racing/ui/dist/assets/img/controls/keyboard-mouse/keyboard_bracket_open.svg,_REVIEW_THIRD_PARTY/phone/lb-racing/ui/dist/assets/img/controls/keyboard-mouse/keyboard_bracket_open.svg,327,third-party-license-review
server/[phone]/lb-racing/ui/dist/assets/img/controls/keyboard-mouse/keyboard_capslock_icon.svg,_REVIEW_THIRD_PARTY/phone/lb-racing/ui/dist/assets/img/controls/keyboard-mouse/keyboard_capslock_icon.svg,358,third-party-license-review
server/[phone]/lb-racing/ui/dist/assets/img/controls/keyboard-mouse/keyboard_arrows_all.svg,_REVIEW_THIRD_PARTY/phone/lb-racing/ui/dist/assets/img/controls/keyboard-mouse/keyboard_arrows_all.svg,525,third-party-license-review
server/[phone]/lb-racing/ui/dist/assets/img/controls/keyboard-mouse/keyboard_h.svg,_REVIEW_THIRD_PARTY/phone/lb-racing/ui/dist/assets/img/controls/keyboard-mouse/keyboard_h.svg,382,third-party-license-review
server/[phone]/lb-racing/ui/dist/assets/img/controls/keyboard-mouse/keyboard_k.svg,_REVIEW_THIRD_PARTY/phone/lb-racing/ui/dist/assets/img/controls/keyboard-mouse/keyboard_k.svg,360,third-party-license-review
server/[phone]/lb-racing/ui/dist/assets/img/controls/keyboard-mouse/keyboard_minus_outline.svg,_REVIEW_THIRD_PARTY/phone/lb-racing/ui/dist/assets/img/controls/keyboard-mouse/keyboard_minus_outline.svg,378,third-party-license-review
server/[phone]/lb-racing/ui/dist/assets/img/controls/keyboard-mouse/keyboard.svg,_REVIEW_THIRD_PARTY/phone/lb-racing/ui/dist/assets/img/controls/keyboard-mouse/keyboard.svg,1618,third-party-license-review
server/[phone]/lb-racing/ui/dist/assets/img/controls/keyboard-mouse/keyboard_c.svg,_REVIEW_THIRD_PARTY/phone/lb-racing/ui/dist/assets/img/controls/keyboard-mouse/keyboard_c.svg,615,third-party-license-review
server/[phone]/lb-racing/ui/dist/assets/img/controls/keyboard-mouse/keyboard_shift_outline.svg,_REVIEW_THIRD_PARTY/phone/lb-racing/ui/dist/assets/img/controls/keyboard-mouse/keyboard_shift_outline.svg,1584,third-party-license-review
server/[phone]/lb-racing/ui/dist/assets/img/controls/keyboard-mouse/keyboard_period.svg,_REVIEW_THIRD_PARTY/phone/lb-racing/ui/dist/assets/img/controls/keyboard-mouse/keyboard_period.svg,346,third-party-license-review
server/[phone]/lb-racing/ui/dist/assets/img/controls/keyboard-mouse/keyboard_home.svg,_REVIEW_THIRD_PARTY/phone/lb-racing/ui/dist/assets/img/controls/keyboard-mouse/keyboard_home.svg,1622,third-party-license-review
server/[phone]/lb-racing/ui/dist/assets/img/controls/keyboard-mouse/mouse_horizontal.svg,_REVIEW_THIRD_PARTY/phone/lb-racing/ui/dist/assets/img/controls/keyboard-mouse/mouse_horizontal.svg,1033,third-party-license-review
server/[phone]/lb-racing/ui/dist/assets/img/controls/keyboard-mouse/keyboard_slash_back_outline.svg,_REVIEW_THIRD_PARTY/phone/lb-racing/ui/dist/assets/img/controls/keyboard-mouse/keyboard_slash_back_outline.svg,402,third-party-license-review
server/[phone]/lb-racing/ui/dist/assets/img/controls/keyboard-mouse/keyboard_e_outline.svg,_REVIEW_THIRD_PARTY/phone/lb-racing/ui/dist/assets/img/controls/keyboard-mouse/keyboard_e_outline.svg,426,third-party-license-review
server/[phone]/lb-racing/ui/dist/assets/img/controls/keyboard-mouse/keyboard_arrows_right_outline.svg,_REVIEW_THIRD_PARTY/phone/lb-racing/ui/dist/assets/img/controls/keyboard-mouse/keyboard_arrows_right_outline.svg,786,third-party-license-review
server/[phone]/lb-racing/ui/dist/assets/img/controls/keyboard-mouse/keyboard_f.svg,_REVIEW_THIRD_PARTY/phone/lb-racing/ui/dist/assets/img/controls/keyboard-mouse/keyboard_f.svg,327,third-party-license-review
server/[phone]/lb-racing/ui/dist/assets/img/controls/keyboard-mouse/keyboard_j.svg,_REVIEW_THIRD_PARTY/phone/lb-racing/ui/dist/assets/img/controls/keyboard-mouse/keyboard_j.svg,405,third-party-license-review
server/[phone]/lb-racing/ui/dist/assets/img/controls/keyboard-mouse/keyboard_a.svg,_REVIEW_THIRD_PARTY/phone/lb-racing/ui/dist/assets/img/controls/keyboard-mouse/keyboard_a.svg,349,third-party-license-review
server/[phone]/lb-racing/ui/dist/assets/img/controls/keyboard-mouse/keyboard_f1.svg,_REVIEW_THIRD_PARTY/phone/lb-racing/ui/dist/assets/img/controls/keyboard-mouse/keyboard_f1.svg,455,third-party-license-review
server/[phone]/lb-racing/ui/dist/assets/img/controls/keyboard-mouse/keyboard_arrow_down_outline.svg,_REVIEW_THIRD_PARTY/phone/lb-racing/ui/dist/assets/img/controls/keyboard-mouse/keyboard_arrow_down_outline.svg,408,third-party-license-review
server/[phone]/lb-racing/ui/dist/assets/img/controls/keyboard-mouse/keyboard_comma_outline.svg,_REVIEW_THIRD_PARTY/phone/lb-racing/ui/dist/assets/img/controls/keyboard-mouse/keyboard_comma_outline.svg,574,third-party-license-review
server/[phone]/lb-racing/ui/dist/assets/img/controls/keyboard-mouse/keyboard_question.svg,_REVIEW_THIRD_PARTY/phone/lb-racing/ui/dist/assets/img/controls/keyboard-mouse/keyboard_question.svg,814,third-party-license-review
server/[phone]/lb-racing/ui/dist/assets/img/controls/keyboard-mouse/keyboard_shift.svg,_REVIEW_THIRD_PARTY/phone/lb-racing/ui/dist/assets/img/controls/keyboard-mouse/keyboard_shift.svg,1497,third-party-license-review
server/[phone]/lb-racing/ui/dist/assets/img/controls/keyboard-mouse/keyboard_backspace.svg,_REVIEW_THIRD_PARTY/phone/lb-racing/ui/dist/assets/img/controls/keyboard-mouse/keyboard_backspace.svg,3798,third-party-license-review
server/[phone]/lb-racing/ui/dist/assets/img/controls/keyboard-mouse/keyboard_numpad_plus.svg,_REVIEW_THIRD_PARTY/phone/lb-racing/ui/dist/assets/img/controls/keyboard-mouse/keyboard_numpad_plus.svg,379,third-party-license-review
server/[phone]/lb-racing/ui/dist/assets/img/controls/keyboard-mouse/keyboard_f2_outline.svg,_REVIEW_THIRD_PARTY/phone/lb-racing/ui/dist/assets/img/controls/keyboard-mouse/keyboard_f2_outline.svg,759,third-party-license-review
server/[phone]/lb-racing/ui/dist/assets/img/controls/keyboard-mouse/keyboard_f7_outline.svg,_REVIEW_THIRD_PARTY/phone/lb-racing/ui/dist/assets/img/controls/keyboard-mouse/keyboard_f7_outline.svg,518,third-party-license-review
server/[phone]/lb-racing/ui/dist/assets/img/controls/keyboard-mouse/keyboard_9.svg,_REVIEW_THIRD_PARTY/phone/lb-racing/ui/dist/assets/img/controls/keyboard-mouse/keyboard_9.svg,620,third-party-license-review
server/[phone]/lb-racing/ui/dist/assets/img/controls/keyboard-mouse/keyboard_equals_outline.svg,_REVIEW_THIRD_PARTY/phone/lb-racing/ui/dist/assets/img/controls/keyboard-mouse/keyboard_equals_outline.svg,410,third-party-license-review
server/[phone]/lb-racing/ui/dist/assets/img/controls/keyboard-mouse/keyboard_win_outline.svg,_REVIEW_THIRD_PARTY/phone/lb-racing/ui/dist/assets/img/controls/keyboard-mouse/keyboard_win_outline.svg,1062,third-party-license-review
server/[phone]/lb-racing/ui/dist/assets/img/controls/keyboard-mouse/keyboard_arrows_down_outline.svg,_REVIEW_THIRD_PARTY/phone/lb-racing/ui/dist/assets/img/controls/keyboard-mouse/keyboard_arrows_down_outline.svg,786,third-party-license-review
server/[phone]/lb-racing/ui/dist/assets/img/controls/keyboard-mouse/keyboard_home_outline.svg,_REVIEW_THIRD_PARTY/phone/lb-racing/ui/dist/assets/img/controls/keyboard-mouse/keyboard_home_outline.svg,1709,third-party-license-review
server/[phone]/lb-racing/ui/dist/assets/img/controls/keyboard-mouse/keyboard_exclamation.svg,_REVIEW_THIRD_PARTY/phone/lb-racing/ui/dist/assets/img/controls/keyboard-mouse/keyboard_exclamation.svg,477,third-party-license-review
server/[phone]/lb-racing/ui/dist/assets/img/controls/keyboard-mouse/keyboard_space_icon.svg,_REVIEW_THIRD_PARTY/phone/lb-racing/ui/dist/assets/img/controls/keyboard-mouse/keyboard_space_icon.svg,327,third-party-license-review
server/[phone]/lb-racing/ui/dist/assets/img/controls/keyboard-mouse/keyboard_asterisk.svg,_REVIEW_THIRD_PARTY/phone/lb-racing/ui/dist/assets/img/controls/keyboard-mouse/keyboard_asterisk.svg,434,third-party-license-review
server/[phone]/lb-racing/ui/dist/assets/img/controls/keyboard-mouse/keyboard_x_outline.svg,_REVIEW_THIRD_PARTY/phone/lb-racing/ui/dist/assets/img/controls/keyboard-mouse/keyboard_x_outline.svg,501,third-party-license-review
server/[phone]/lb-racing/ui/dist/assets/img/controls/keyboard-mouse/keyboard_f7.svg,_REVIEW_THIRD_PARTY/phone/lb-racing/ui/dist/assets/img/controls/keyboard-mouse/keyboard_f7.svg,431,third-party-license-review
server/[phone]/lb-racing/ui/dist/assets/img/controls/keyboard-mouse/keyboard_arrows_none.svg,_REVIEW_THIRD_PARTY/phone/lb-racing/ui/dist/assets/img/controls/keyboard-mouse/keyboard_arrows_none.svg,873,third-party-license-review
server/[phone]/lb-racing/ui/dist/assets/img/controls/keyboard-mouse/keyboard_f12_outline.svg,_REVIEW_THIRD_PARTY/phone/lb-racing/ui/dist/assets/img/controls/keyboard-mouse/keyboard_f12_outline.svg,880,third-party-license-review
server/[phone]/lb-racing/ui/dist/assets/img/controls/keyboard-mouse/keyboard_s.svg,_REVIEW_THIRD_PARTY/phone/lb-racing/ui/dist/assets/img/controls/keyboard-mouse/keyboard_s.svg,893,third-party-license-review
server/[phone]/lb-racing/ui/dist/assets/img/controls/keyboard-mouse/keyboard_printscreen_outline.svg,_REVIEW_THIRD_PARTY/phone/lb-racing/ui/dist/assets/img/controls/keyboard-mouse/keyboard_printscreen_outline.svg,2747,third-party-license-review
server/[phone]/lb-racing/ui/dist/assets/img/controls/keyboard-mouse/keyboard_apostrophe_outline.svg,_REVIEW_THIRD_PARTY/phone/lb-racing/ui/dist/assets/img/controls/keyboard-mouse/keyboard_apostrophe_outline.svg,433,third-party-license-review
server/[phone]/lb-racing/ui/dist/assets/img/controls/keyboard-mouse/mouse.svg,_REVIEW_THIRD_PARTY/phone/lb-racing/ui/dist/assets/img/controls/keyboard-mouse/mouse.svg,797,third-party-license-review
server/[phone]/lb-racing/ui/dist/assets/img/controls/keyboard-mouse/keyboard_tab_icon_alternative.svg,_REVIEW_THIRD_PARTY/phone/lb-racing/ui/dist/assets/img/controls/keyboard-mouse/keyboard_tab_icon_alternative.svg,354,third-party-license-review
server/[phone]/lb-racing/ui/dist/assets/img/controls/keyboard-mouse/keyboard_page_up_outline.svg,_REVIEW_THIRD_PARTY/phone/lb-racing/ui/dist/assets/img/controls/keyboard-mouse/keyboard_page_up_outline.svg,2382,third-party-license-review
server/[phone]/lb-racing/ui/dist/assets/img/controls/keyboard-mouse/keyboard_space_outline.svg,_REVIEW_THIRD_PARTY/phone/lb-racing/ui/dist/assets/img/controls/keyboard-mouse/keyboard_space_outline.svg,2233,third-party-license-review
server/[phone]/lb-racing/ui/dist/assets/img/controls/keyboard-mouse/keyboard_arrow_up_outline.svg,_REVIEW_THIRD_PARTY/phone/lb-racing/ui/dist/assets/img/controls/keyboard-mouse/keyboard_arrow_up_outline.svg,409,third-party-license-review
server/[phone]/lb-racing/ui/dist/assets/img/controls/keyboard-mouse/keyboard_g.svg,_REVIEW_THIRD_PARTY/phone/lb-racing/ui/dist/assets/img/controls/keyboard-mouse/keyboard_g.svg,658,third-party-license-review
server/[phone]/lb-racing/ui/dist/assets/img/controls/keyboard-mouse/mouse_scroll_vertical.svg,_REVIEW_THIRD_PARTY/phone/lb-racing/ui/dist/assets/img/controls/keyboard-mouse/mouse_scroll_vertical.svg,2487,third-party-license-review
server/[phone]/lb-racing/ui/dist/assets/img/controls/keyboard-mouse/keyboard_t_outline.svg,_REVIEW_THIRD_PARTY/phone/lb-racing/ui/dist/assets/img/controls/keyboard-mouse/keyboard_t_outline.svg,402,third-party-license-review
server/[phone]/lb-racing/ui/dist/assets/img/controls/keyboard-mouse/keyboard_r.svg,_REVIEW_THIRD_PARTY/phone/lb-racing/ui/dist/assets/img/controls/keyboard-mouse/keyboard_r.svg,571,third-party-license-review
server/[phone]/lb-racing/ui/dist/assets/img/controls/keyboard-mouse/mouse_left.svg,_REVIEW_THIRD_PARTY/phone/lb-racing/ui/dist/assets/img/controls/keyboard-mouse/mouse_left.svg,842,third-party-license-review
server/[phone]/lb-racing/ui/dist/assets/img/controls/keyboard-mouse/keyboard_arrow_left.svg,_REVIEW_THIRD_PARTY/phone/lb-racing/ui/dist/assets/img/controls/keyboard-mouse/keyboard_arrow_left.svg,321,third-party-license-review
server/[phone]/lb-racing/ui/dist/assets/img/controls/keyboard-mouse/keyboard_n_outline.svg,_REVIEW_THIRD_PARTY/phone/lb-racing/ui/dist/assets/img/controls/keyboard-mouse/keyboard_n_outline.svg,414,third-party-license-review
server/[phone]/lb-racing/ui/dist/assets/img/controls/keyboard-mouse/keyboard_7_outline.svg,_REVIEW_THIRD_PARTY/phone/lb-racing/ui/dist/assets/img/controls/keyboard-mouse/keyboard_7_outline.svg,396,third-party-license-review
server/[phone]/lb-racing/ui/dist/assets/img/controls/keyboard-mouse/keyboard_arrows_left.svg,_REVIEW_THIRD_PARTY/phone/lb-racing/ui/dist/assets/img/controls/keyboard-mouse/keyboard_arrows_left.svg,570,third-party-license-review
server/[phone]/lb-racing/ui/dist/assets/img/controls/keyboard-mouse/keyboard_numpad_enter.svg,_REVIEW_THIRD_PARTY/phone/lb-racing/ui/dist/assets/img/controls/keyboard-mouse/keyboard_numpad_enter.svg,1648,third-party-license-review
server/[phone]/lb-racing/ui/dist/assets/img/controls/keyboard-mouse/keyboard_f2.svg,_REVIEW_THIRD_PARTY/phone/lb-racing/ui/dist/assets/img/controls/keyboard-mouse/keyboard_f2.svg,682,third-party-license-review
server/[phone]/lb-racing/ui/dist/assets/img/controls/keyboard-mouse/keyboard_space.svg,_REVIEW_THIRD_PARTY/phone/lb-racing/ui/dist/assets/img/controls/keyboard-mouse/keyboard_space.svg,2146,third-party-license-review
server/[phone]/lb-racing/ui/dist/assets/img/controls/keyboard-mouse/keyboard_0.svg,_REVIEW_THIRD_PARTY/phone/lb-racing/ui/dist/assets/img/controls/keyboard-mouse/keyboard_0.svg,677,third-party-license-review
server/[phone]/lb-racing/ui/dist/assets/img/controls/keyboard-mouse/keyboard_e.svg,_REVIEW_THIRD_PARTY/phone/lb-racing/ui/dist/assets/img/controls/keyboard-mouse/keyboard_e.svg,339,third-party-license-review
server/[phone]/lb-racing/ui/dist/assets/img/controls/keyboard-mouse/keyboard_caret.svg,_REVIEW_THIRD_PARTY/phone/lb-racing/ui/dist/assets/img/controls/keyboard-mouse/keyboard_caret.svg,303,third-party-license-review
server/[phone]/lb-racing/ui/dist/assets/img/controls/keyboard-mouse/keyboard_z.svg,_REVIEW_THIRD_PARTY/phone/lb-racing/ui/dist/assets/img/controls/keyboard-mouse/keyboard_z.svg,327,third-party-license-review
server/[phone]/lb-racing/ui/dist/assets/img/controls/keyboard-mouse/keyboard_end_outline.svg,_REVIEW_THIRD_PARTY/phone/lb-racing/ui/dist/assets/img/controls/keyboard-mouse/keyboard_end_outline.svg,761,third-party-license-review
server/[phone]/lb-racing/ui/dist/assets/img/controls/keyboard-mouse/keyboard_arrows.svg,_REVIEW_THIRD_PARTY/phone/lb-racing/ui/dist/assets/img/controls/keyboard-mouse/keyboard_arrows.svg,525,third-party-license-review
server/[phone]/lb-racing/ui/dist/assets/img/controls/keyboard-mouse/keyboard_outline.svg,_REVIEW_THIRD_PARTY/phone/lb-racing/ui/dist/assets/img/controls/keyboard-mouse/keyboard_outline.svg,1841,third-party-license-review
server/[phone]/lb-racing/ui/dist/assets/img/controls/keyboard-mouse/keyboard_semicolon_outline.svg,_REVIEW_THIRD_PARTY/phone/lb-racing/ui/dist/assets/img/controls/keyboard-mouse/keyboard_semicolon_outline.svg,621,third-party-license-review
server/[phone]/lb-racing/ui/dist/assets/img/controls/keyboard-mouse/keyboard_0_outline.svg,_REVIEW_THIRD_PARTY/phone/lb-racing/ui/dist/assets/img/controls/keyboard-mouse/keyboard_0_outline.svg,764,third-party-license-review
server/[phone]/lb-racing/ui/dist/assets/img/controls/keyboard-mouse/keyboard_return_outline.svg,_REVIEW_THIRD_PARTY/phone/lb-racing/ui/dist/assets/img/controls/keyboard-mouse/keyboard_return_outline.svg,573,third-party-license-review
server/[phone]/lb-racing/ui/dist/assets/img/controls/keyboard-mouse/keyboard_6_outline.svg,_REVIEW_THIRD_PARTY/phone/lb-racing/ui/dist/assets/img/controls/keyboard-mouse/keyboard_6_outline.svg,716,third-party-license-review
server/[phone]/lb-racing/ui/dist/assets/img/controls/keyboard-mouse/keyboard_apostrophe.svg,_REVIEW_THIRD_PARTY/phone/lb-racing/ui/dist/assets/img/controls/keyboard-mouse/keyboard_apostrophe.svg,346,third-party-license-review
server/[phone]/lb-racing/ui/dist/assets/img/controls/keyboard-mouse/keyboard_semicolon.svg,_REVIEW_THIRD_PARTY/phone/lb-racing/ui/dist/assets/img/controls/keyboard-mouse/keyboard_semicolon.svg,534,third-party-license-review
server/[phone]/lb-racing/ui/dist/assets/img/controls/keyboard-mouse/mouse_vertical.svg,_REVIEW_THIRD_PARTY/phone/lb-racing/ui/dist/assets/img/controls/keyboard-mouse/mouse_vertical.svg,1033,third-party-license-review
server/[phone]/lb-racing/ui/dist/assets/img/controls/keyboard-mouse/keyboard_arrow_up.svg,_REVIEW_THIRD_PARTY/phone/lb-racing/ui/dist/assets/img/controls/keyboard-mouse/keyboard_arrow_up.svg,322,third-party-license-review
server/[phone]/lb-racing/ui/dist/assets/img/controls/keyboard-mouse/keyboard_a_outline.svg,_REVIEW_THIRD_PARTY/phone/lb-racing/ui/dist/assets/img/controls/keyboard-mouse/keyboard_a_outline.svg,436,third-party-license-review
server/[phone]/lb-racing/ui/dist/assets/img/controls/keyboard-mouse/mouse_left_outline.svg,_REVIEW_THIRD_PARTY/phone/lb-racing/ui/dist/assets/img/controls/keyboard-mouse/mouse_left_outline.svg,775,third-party-license-review
server/[phone]/lb-racing/ui/dist/assets/img/controls/keyboard-mouse/keyboard_tilde.svg,_REVIEW_THIRD_PARTY/phone/lb-racing/ui/dist/assets/img/controls/keyboard-mouse/keyboard_tilde.svg,615,third-party-license-review
server/[phone]/lb-racing/ui/dist/assets/img/controls/keyboard-mouse/keyboard_k_outline.svg,_REVIEW_THIRD_PARTY/phone/lb-racing/ui/dist/assets/img/controls/keyboard-mouse/keyboard_k_outline.svg,447,third-party-license-review
server/[phone]/lb-racing/ui/dist/assets/img/controls/keyboard-mouse/keyboard_exclamation_outline.svg,_REVIEW_THIRD_PARTY/phone/lb-racing/ui/dist/assets/img/controls/keyboard-mouse/keyboard_exclamation_outline.svg,564,third-party-license-review
server/[phone]/lb-racing/ui/dist/assets/img/controls/keyboard-mouse/keyboard_any.svg,_REVIEW_THIRD_PARTY/phone/lb-racing/ui/dist/assets/img/controls/keyboard-mouse/keyboard_any.svg,669,third-party-license-review
server/[phone]/lb-racing/ui/dist/assets/img/controls/keyboard-mouse/keyboard_enter.svg,_REVIEW_THIRD_PARTY/phone/lb-racing/ui/dist/assets/img/controls/keyboard-mouse/keyboard_enter.svg,1699,third-party-license-review
server/[phone]/lb-racing/ui/dist/assets/img/controls/keyboard-mouse/keyboard_z_outline.svg,_REVIEW_THIRD_PARTY/phone/lb-racing/ui/dist/assets/img/controls/keyboard-mouse/keyboard_z_outline.svg,414,third-party-license-review
server/[phone]/lb-racing/ui/dist/assets/img/controls/keyboard-mouse/keyboard_tab.svg,_REVIEW_THIRD_PARTY/phone/lb-racing/ui/dist/assets/img/controls/keyboard-mouse/keyboard_tab.svg,966,third-party-license-review
server/[phone]/lb-racing/ui/dist/assets/img/controls/keyboard-mouse/keyboard_tab_icon_alternative_outline.svg,_REVIEW_THIRD_PARTY/phone/lb-racing/ui/dist/assets/img/controls/keyboard-mouse/keyboard_tab_icon_alternative_outline.svg,441,third-party-license-review
server/[phone]/lb-racing/ui/dist/assets/img/controls/keyboard-mouse/keyboard_8_outline.svg,_REVIEW_THIRD_PARTY/phone/lb-racing/ui/dist/assets/img/controls/keyboard-mouse/keyboard_8_outline.svg,994,third-party-license-review
server/[phone]/lb-racing/ui/dist/assets/img/controls/keyboard-mouse/keyboard_b_outline.svg,_REVIEW_THIRD_PARTY/phone/lb-racing/ui/dist/assets/img/controls/keyboard-mouse/keyboard_b_outline.svg,769,third-party-license-review
server/[phone]/lb-racing/ui/dist/assets/img/controls/keyboard-mouse/keyboard_page_down_outline.svg,_REVIEW_THIRD_PARTY/phone/lb-racing/ui/dist/assets/img/controls/keyboard-mouse/keyboard_page_down_outline.svg,3338,third-party-license-review
server/[phone]/lb-racing/ui/dist/assets/img/controls/keyboard-mouse/keyboard_bracket_open_outline.svg,_REVIEW_THIRD_PARTY/phone/lb-racing/ui/dist/assets/img/controls/keyboard-mouse/keyboard_bracket_open_outline.svg,414,third-party-license-review
server/[phone]/lb-racing/ui/dist/assets/img/controls/xbox/xbox_stick_side_l.svg,_REVIEW_THIRD_PARTY/phone/lb-racing/ui/dist/assets/img/controls/xbox/xbox_stick_side_l.svg,619,third-party-license-review
server/[phone]/lb-racing/ui/dist/assets/img/controls/xbox/xbox_button_view_outline.svg,_REVIEW_THIRD_PARTY/phone/lb-racing/ui/dist/assets/img/controls/xbox/xbox_button_view_outline.svg,637,third-party-license-review
server/[phone]/lb-racing/ui/dist/assets/img/controls/xbox/xbox_dpad_vertical.svg,_REVIEW_THIRD_PARTY/phone/lb-racing/ui/dist/assets/img/controls/xbox/xbox_dpad_vertical.svg,450,third-party-license-review
server/[phone]/lb-racing/ui/dist/assets/img/controls/xbox/xbox_lt_outline.svg,_REVIEW_THIRD_PARTY/phone/lb-racing/ui/dist/assets/img/controls/xbox/xbox_lt_outline.svg,518,third-party-license-review
server/[phone]/lb-racing/ui/dist/assets/img/controls/xbox/xbox_button_b_outline.svg,_REVIEW_THIRD_PARTY/phone/lb-racing/ui/dist/assets/img/controls/xbox/xbox_button_b_outline.svg,855,third-party-license-review
server/[phone]/lb-racing/ui/dist/assets/img/controls/xbox/xbox_button_y_outline.svg,_REVIEW_THIRD_PARTY/phone/lb-racing/ui/dist/assets/img/controls/xbox/xbox_button_y_outline.svg,561,third-party-license-review
server/[phone]/lb-racing/ui/dist/assets/img/controls/xbox/xbox_button_y.svg,_REVIEW_THIRD_PARTY/phone/lb-racing/ui/dist/assets/img/controls/xbox/xbox_button_y.svg,407,third-party-license-review
server/[phone]/lb-racing/ui/dist/assets/img/controls/xbox/xbox_dpad.svg,_REVIEW_THIRD_PARTY/phone/lb-racing/ui/dist/assets/img/controls/xbox/xbox_dpad.svg,363,third-party-license-review
server/[phone]/lb-racing/ui/dist/assets/img/controls/xbox/xbox_rt.svg,_REVIEW_THIRD_PARTY/phone/lb-racing/ui/dist/assets/img/controls/xbox/xbox_rt.svg,603,third-party-license-review
server/[phone]/lb-racing/ui/dist/assets/img/controls/xbox/xbox_stick_side_r.svg,_REVIEW_THIRD_PARTY/phone/lb-racing/ui/dist/assets/img/controls/xbox/xbox_stick_side_r.svg,822,third-party-license-review
server/[phone]/lb-racing/ui/dist/assets/img/controls/xbox/xbox_button_start_outline.svg,_REVIEW_THIRD_PARTY/phone/lb-racing/ui/dist/assets/img/controls/xbox/xbox_button_start_outline.svg,2126,third-party-license-review
server/[phone]/lb-racing/ui/dist/assets/img/controls/xbox/xbox_rs_outline.svg,_REVIEW_THIRD_PARTY/phone/lb-racing/ui/dist/assets/img/controls/xbox/xbox_rs_outline.svg,1275,third-party-license-review
server/[phone]/lb-racing/ui/dist/assets/img/controls/xbox/xbox_button_a.svg,_REVIEW_THIRD_PARTY/phone/lb-racing/ui/dist/assets/img/controls/xbox/xbox_button_a.svg,393,third-party-license-review
server/[phone]/lb-racing/ui/dist/assets/img/controls/xbox/xbox_dpad_round_down.svg,_REVIEW_THIRD_PARTY/phone/lb-racing/ui/dist/assets/img/controls/xbox/xbox_dpad_round_down.svg,850,third-party-license-review
server/[phone]/lb-racing/ui/dist/assets/img/controls/xbox/xbox_stick_r_down.svg,_REVIEW_THIRD_PARTY/phone/lb-racing/ui/dist/assets/img/controls/xbox/xbox_stick_r_down.svg,2060,third-party-license-review
server/[phone]/lb-racing/ui/dist/assets/img/controls/xbox/xbox_dpad_horizontal.svg,_REVIEW_THIRD_PARTY/phone/lb-racing/ui/dist/assets/img/controls/xbox/xbox_dpad_horizontal.svg,450,third-party-license-review
server/[phone]/lb-racing/ui/dist/assets/img/controls/xbox/xbox_button_color_b.svg,_REVIEW_THIRD_PARTY/phone/lb-racing/ui/dist/assets/img/controls/xbox/xbox_button_color_b.svg,701,third-party-license-review
server/[phone]/lb-racing/ui/dist/assets/img/controls/xbox/xbox_lb.svg,_REVIEW_THIRD_PARTY/phone/lb-racing/ui/dist/assets/img/controls/xbox/xbox_lb.svg,611,third-party-license-review
server/[phone]/lb-racing/ui/dist/assets/img/controls/xbox/xbox_stick_r_press.svg,_REVIEW_THIRD_PARTY/phone/lb-racing/ui/dist/assets/img/controls/xbox/xbox_stick_r_press.svg,1983,third-party-license-review
server/[phone]/lb-racing/ui/dist/assets/img/controls/xbox/xbox_elite_paddle_bottom_left.svg,_REVIEW_THIRD_PARTY/phone/lb-racing/ui/dist/assets/img/controls/xbox/xbox_elite_paddle_bottom_left.svg,567,third-party-license-review
server/[phone]/lb-racing/ui/dist/assets/img/controls/xbox/xbox_stick_l_down.svg,_REVIEW_THIRD_PARTY/phone/lb-racing/ui/dist/assets/img/controls/xbox/xbox_stick_l_down.svg,1872,third-party-license-review
server/[phone]/lb-racing/ui/dist/assets/img/controls/xbox/xbox_dpad_round.svg,_REVIEW_THIRD_PARTY/phone/lb-racing/ui/dist/assets/img/controls/xbox/xbox_dpad_round.svg,662,third-party-license-review
server/[phone]/lb-racing/ui/dist/assets/img/controls/xbox/xbox_guide.svg,_REVIEW_THIRD_PARTY/phone/lb-racing/ui/dist/assets/img/controls/xbox/xbox_guide.svg,1341,third-party-license-review
server/[phone]/lb-racing/ui/dist/assets/img/controls/xbox/xbox_elite_paddle_top_right.svg,_REVIEW_THIRD_PARTY/phone/lb-racing/ui/dist/assets/img/controls/xbox/xbox_elite_paddle_top_right.svg,480,third-party-license-review
server/[phone]/lb-racing/ui/dist/assets/img/controls/xbox/xbox_button_menu_outline.svg,_REVIEW_THIRD_PARTY/phone/lb-racing/ui/dist/assets/img/controls/xbox/xbox_button_menu_outline.svg,553,third-party-license-review
server/[phone]/lb-racing/ui/dist/assets/img/controls/xbox/xbox_stick_r_vertical.svg,_REVIEW_THIRD_PARTY/phone/lb-racing/ui/dist/assets/img/controls/xbox/xbox_stick_r_vertical.svg,2808,third-party-license-review
server/[phone]/lb-racing/ui/dist/assets/img/controls/xbox/xbox_dpad_right.svg,_REVIEW_THIRD_PARTY/phone/lb-racing/ui/dist/assets/img/controls/xbox/xbox_dpad_right.svg,430,third-party-license-review
server/[phone]/lb-racing/ui/dist/assets/img/controls/xbox/xbox_dpad_round_vertical.svg,_REVIEW_THIRD_PARTY/phone/lb-racing/ui/dist/assets/img/controls/xbox/xbox_dpad_round_vertical.svg,1018,third-party-license-review
server/[phone]/lb-racing/ui/dist/assets/img/controls/xbox/xbox_dpad_down.svg,_REVIEW_THIRD_PARTY/phone/lb-racing/ui/dist/assets/img/controls/xbox/xbox_dpad_down.svg,430,third-party-license-review
server/[phone]/lb-racing/ui/dist/assets/img/controls/xbox/xbox_button_a_outline.svg,_REVIEW_THIRD_PARTY/phone/lb-racing/ui/dist/assets/img/controls/xbox/xbox_button_a_outline.svg,547,third-party-license-review
server/[phone]/lb-racing/ui/dist/assets/img/controls/xbox/controller_xbox360.svg,_REVIEW_THIRD_PARTY/phone/lb-racing/ui/dist/assets/img/controls/xbox/controller_xbox360.svg,1796,third-party-license-review
server/[phone]/lb-racing/ui/dist/assets/img/controls/xbox/xbox_button_color_x_outline.svg,_REVIEW_THIRD_PARTY/phone/lb-racing/ui/dist/assets/img/controls/xbox/xbox_button_color_x_outline.svg,612,third-party-license-review
server/[phone]/lb-racing/ui/dist/assets/img/controls/xbox/xbox_rb.svg,_REVIEW_THIRD_PARTY/phone/lb-racing/ui/dist/assets/img/controls/xbox/xbox_rb.svg,793,third-party-license-review
server/[phone]/lb-racing/ui/dist/assets/img/controls/xbox/xbox_stick_r_right.svg,_REVIEW_THIRD_PARTY/phone/lb-racing/ui/dist/assets/img/controls/xbox/xbox_stick_r_right.svg,1925,third-party-license-review
server/[phone]/lb-racing/ui/dist/assets/img/controls/xbox/xbox_stick_r_horizontal.svg,_REVIEW_THIRD_PARTY/phone/lb-racing/ui/dist/assets/img/controls/xbox/xbox_stick_r_horizontal.svg,2652,third-party-license-review
server/[phone]/lb-racing/ui/dist/assets/img/controls/xbox/xbox_rt_outline.svg,_REVIEW_THIRD_PARTY/phone/lb-racing/ui/dist/assets/img/controls/xbox/xbox_rt_outline.svg,719,third-party-license-review
server/[phone]/lb-racing/ui/dist/assets/img/controls/xbox/xbox_elite_paddle_top_left.svg,_REVIEW_THIRD_PARTY/phone/lb-racing/ui/dist/assets/img/controls/xbox/xbox_elite_paddle_top_left.svg,472,third-party-license-review
server/[phone]/lb-racing/ui/dist/assets/img/controls/xbox/xbox_rb_outline.svg,_REVIEW_THIRD_PARTY/phone/lb-racing/ui/dist/assets/img/controls/xbox/xbox_rb_outline.svg,903,third-party-license-review
server/[phone]/lb-racing/ui/dist/assets/img/controls/xbox/xbox_button_view.svg,_REVIEW_THIRD_PARTY/phone/lb-racing/ui/dist/assets/img/controls/xbox/xbox_button_view.svg,483,third-party-license-review
server/[phone]/lb-racing/ui/dist/assets/img/controls/xbox/xbox_button_color_a_outline.svg,_REVIEW_THIRD_PARTY/phone/lb-racing/ui/dist/assets/img/controls/xbox/xbox_button_color_a_outline.svg,547,third-party-license-review
server/[phone]/lb-racing/ui/dist/assets/img/controls/xbox/xbox_dpad_down_outline.svg,_REVIEW_THIRD_PARTY/phone/lb-racing/ui/dist/assets/img/controls/xbox/xbox_dpad_down_outline.svg,502,third-party-license-review
server/[phone]/lb-racing/ui/dist/assets/img/controls/xbox/xbox_stick_l_vertical.svg,_REVIEW_THIRD_PARTY/phone/lb-racing/ui/dist/assets/img/controls/xbox/xbox_stick_l_vertical.svg,2626,third-party-license-review
server/[phone]/lb-racing/ui/dist/assets/img/controls/xbox/xbox_stick_l_up.svg,_REVIEW_THIRD_PARTY/phone/lb-racing/ui/dist/assets/img/controls/xbox/xbox_stick_l_up.svg,1783,third-party-license-review
server/[phone]/lb-racing/ui/dist/assets/img/controls/xbox/xbox_dpad_round_all.svg,_REVIEW_THIRD_PARTY/phone/lb-racing/ui/dist/assets/img/controls/xbox/xbox_dpad_round_all.svg,1066,third-party-license-review
server/[phone]/lb-racing/ui/dist/assets/img/controls/xbox/xbox_stick_l.svg,_REVIEW_THIRD_PARTY/phone/lb-racing/ui/dist/assets/img/controls/xbox/xbox_stick_l.svg,973,third-party-license-review
server/[phone]/lb-racing/ui/dist/assets/img/controls/xbox/xbox_button_start_icon.svg,_REVIEW_THIRD_PARTY/phone/lb-racing/ui/dist/assets/img/controls/xbox/xbox_button_start_icon.svg,530,third-party-license-review
server/[phone]/lb-racing/ui/dist/assets/img/controls/xbox/xbox_dpad_horizontal_outline.svg,_REVIEW_THIRD_PARTY/phone/lb-racing/ui/dist/assets/img/controls/xbox/xbox_dpad_horizontal_outline.svg,450,third-party-license-review
server/[phone]/lb-racing/ui/dist/assets/img/controls/xbox/xbox_ls_outline.svg,_REVIEW_THIRD_PARTY/phone/lb-racing/ui/dist/assets/img/controls/xbox/xbox_ls_outline.svg,1080,third-party-license-review
server/[phone]/lb-racing/ui/dist/assets/img/controls/xbox/xbox_stick_top_r.svg,_REVIEW_THIRD_PARTY/phone/lb-racing/ui/dist/assets/img/controls/xbox/xbox_stick_top_r.svg,987,third-party-license-review
server/[phone]/lb-racing/ui/dist/assets/img/controls/xbox/xbox_button_start_icon_outline.svg,_REVIEW_THIRD_PARTY/phone/lb-racing/ui/dist/assets/img/controls/xbox/xbox_button_start_icon_outline.svg,796,third-party-license-review
server/[phone]/lb-racing/ui/dist/assets/img/controls/xbox/xbox_dpad_all.svg,_REVIEW_THIRD_PARTY/phone/lb-racing/ui/dist/assets/img/controls/xbox/xbox_dpad_all.svg,365,third-party-license-review
server/[phone]/lb-racing/ui/dist/assets/img/controls/xbox/xbox_elite_paddle_bottom_right.svg,_REVIEW_THIRD_PARTY/phone/lb-racing/ui/dist/assets/img/controls/xbox/xbox_elite_paddle_bottom_right.svg,564,third-party-license-review
server/[phone]/lb-racing/ui/dist/assets/img/controls/xbox/xbox_dpad_left.svg,_REVIEW_THIRD_PARTY/phone/lb-racing/ui/dist/assets/img/controls/xbox/xbox_dpad_left.svg,430,third-party-license-review
server/[phone]/lb-racing/ui/dist/assets/img/controls/xbox/xbox_button_x_outline.svg,_REVIEW_THIRD_PARTY/phone/lb-racing/ui/dist/assets/img/controls/xbox/xbox_button_x_outline.svg,612,third-party-license-review
server/[phone]/lb-racing/ui/dist/assets/img/controls/xbox/xbox_button_menu.svg,_REVIEW_THIRD_PARTY/phone/lb-racing/ui/dist/assets/img/controls/xbox/xbox_button_menu.svg,399,third-party-license-review
server/[phone]/lb-racing/ui/dist/assets/img/controls/xbox/xbox_stick_l_right.svg,_REVIEW_THIRD_PARTY/phone/lb-racing/ui/dist/assets/img/controls/xbox/xbox_stick_l_right.svg,1743,third-party-license-review
server/[phone]/lb-racing/ui/dist/assets/img/controls/xbox/xbox_button_color_a.svg,_REVIEW_THIRD_PARTY/phone/lb-racing/ui/dist/assets/img/controls/xbox/xbox_button_color_a.svg,393,third-party-license-review
server/[phone]/lb-racing/ui/dist/assets/img/controls/xbox/xbox_guide_outline.svg,_REVIEW_THIRD_PARTY/phone/lb-racing/ui/dist/assets/img/controls/xbox/xbox_guide_outline.svg,1545,third-party-license-review
server/[phone]/lb-racing/ui/dist/assets/img/controls/xbox/xbox_ls.svg,_REVIEW_THIRD_PARTY/phone/lb-racing/ui/dist/assets/img/controls/xbox/xbox_ls.svg,926,third-party-license-review
server/[phone]/lb-racing/ui/dist/assets/img/controls/xbox/xbox_dpad_round_right.svg,_REVIEW_THIRD_PARTY/phone/lb-racing/ui/dist/assets/img/controls/xbox/xbox_dpad_round_right.svg,869,third-party-license-review
server/[phone]/lb-racing/ui/dist/assets/img/controls/xbox/xbox_stick_top_l.svg,_REVIEW_THIRD_PARTY/phone/lb-racing/ui/dist/assets/img/controls/xbox/xbox_stick_top_l.svg,750,third-party-license-review
server/[phone]/lb-racing/ui/dist/assets/img/controls/xbox/xbox_dpad_up.svg,_REVIEW_THIRD_PARTY/phone/lb-racing/ui/dist/assets/img/controls/xbox/xbox_dpad_up.svg,430,third-party-license-review
server/[phone]/lb-racing/ui/dist/assets/img/controls/xbox/xbox_elite_paddle_bottom_left_outline.svg,_REVIEW_THIRD_PARTY/phone/lb-racing/ui/dist/assets/img/controls/xbox/xbox_elite_paddle_bottom_left_outline.svg,1061,third-party-license-review
server/[phone]/lb-racing/ui/dist/assets/img/controls/xbox/xbox_stick_l_press.svg,_REVIEW_THIRD_PARTY/phone/lb-racing/ui/dist/assets/img/controls/xbox/xbox_stick_l_press.svg,1801,third-party-license-review
server/[phone]/lb-racing/ui/dist/assets/img/controls/xbox/xbox_button_share_outline.svg,_REVIEW_THIRD_PARTY/phone/lb-racing/ui/dist/assets/img/controls/xbox/xbox_button_share_outline.svg,729,third-party-license-review
server/[phone]/lb-racing/ui/dist/assets/img/controls/xbox/xbox_stick_l_horizontal.svg,_REVIEW_THIRD_PARTY/phone/lb-racing/ui/dist/assets/img/controls/xbox/xbox_stick_l_horizontal.svg,2470,third-party-license-review
server/[phone]/lb-racing/ui/dist/assets/img/controls/xbox/controller_xboxone.svg,_REVIEW_THIRD_PARTY/phone/lb-racing/ui/dist/assets/img/controls/xbox/controller_xboxone.svg,1761,third-party-license-review
server/[phone]/lb-racing/ui/dist/assets/img/controls/xbox/xbox_dpad_round_up.svg,_REVIEW_THIRD_PARTY/phone/lb-racing/ui/dist/assets/img/controls/xbox/xbox_dpad_round_up.svg,850,third-party-license-review
server/[phone]/lb-racing/ui/dist/assets/img/controls/xbox/xbox_elite_paddle_top_left_outline.svg,_REVIEW_THIRD_PARTY/phone/lb-racing/ui/dist/assets/img/controls/xbox/xbox_elite_paddle_top_left_outline.svg,852,third-party-license-review
server/[phone]/lb-racing/ui/dist/assets/img/controls/xbox/xbox_button_back.svg,_REVIEW_THIRD_PARTY/phone/lb-racing/ui/dist/assets/img/controls/xbox/xbox_button_back.svg,1951,third-party-license-review
server/[phone]/lb-racing/ui/dist/assets/img/controls/xbox/xbox_rs.svg,_REVIEW_THIRD_PARTY/phone/lb-racing/ui/dist/assets/img/controls/xbox/xbox_rs.svg,1127,third-party-license-review
server/[phone]/lb-racing/ui/dist/assets/img/controls/xbox/xbox_button_back_icon_outline.svg,_REVIEW_THIRD_PARTY/phone/lb-racing/ui/dist/assets/img/controls/xbox/xbox_button_back_icon_outline.svg,738,third-party-license-review
server/[phone]/lb-racing/ui/dist/assets/img/controls/xbox/xbox_elite_paddle_top_right_outline.svg,_REVIEW_THIRD_PARTY/phone/lb-racing/ui/dist/assets/img/controls/xbox/xbox_elite_paddle_top_right_outline.svg,888,third-party-license-review
server/[phone]/lb-racing/ui/dist/assets/img/controls/xbox/xbox_stick_l_left.svg,_REVIEW_THIRD_PARTY/phone/lb-racing/ui/dist/assets/img/controls/xbox/xbox_stick_l_left.svg,1746,third-party-license-review
server/[phone]/lb-racing/ui/dist/assets/img/controls/xbox/controller_xboxseries.svg,_REVIEW_THIRD_PARTY/phone/lb-racing/ui/dist/assets/img/controls/xbox/controller_xboxseries.svg,1914,third-party-license-review
server/[phone]/lb-racing/ui/dist/assets/img/controls/xbox/xbox_button_color_x.svg,_REVIEW_THIRD_PARTY/phone/lb-racing/ui/dist/assets/img/controls/xbox/xbox_button_color_x.svg,458,third-party-license-review
server/[phone]/lb-racing/ui/dist/assets/img/controls/xbox/xbox_button_back_outline.svg,_REVIEW_THIRD_PARTY/phone/lb-racing/ui/dist/assets/img/controls/xbox/xbox_button_back_outline.svg,2155,third-party-license-review
server/[phone]/lb-racing/ui/dist/assets/img/controls/xbox/xbox_elite_paddle_bottom_right_outline.svg,_REVIEW_THIRD_PARTY/phone/lb-racing/ui/dist/assets/img/controls/xbox/xbox_elite_paddle_bottom_right_outline.svg,1071,third-party-license-review
server/[phone]/lb-racing/ui/dist/assets/img/controls/xbox/xbox_dpad_vertical_outline.svg,_REVIEW_THIRD_PARTY/phone/lb-racing/ui/dist/assets/img/controls/xbox/xbox_dpad_vertical_outline.svg,450,third-party-license-review
server/[phone]/lb-racing/ui/dist/assets/img/controls/xbox/xbox_dpad_none.svg,_REVIEW_THIRD_PARTY/phone/lb-racing/ui/dist/assets/img/controls/xbox/xbox_dpad_none.svg,554,third-party-license-review
server/[phone]/lb-racing/ui/dist/assets/img/controls/xbox/xbox_lt.svg,_REVIEW_THIRD_PARTY/phone/lb-racing/ui/dist/assets/img/controls/xbox/xbox_lt.svg,402,third-party-license-review
server/[phone]/lb-racing/ui/dist/assets/img/controls/xbox/xbox_button_color_y_outline.svg,_REVIEW_THIRD_PARTY/phone/lb-racing/ui/dist/assets/img/controls/xbox/xbox_button_color_y_outline.svg,561,third-party-license-review
server/[phone]/lb-racing/ui/dist/assets/img/controls/xbox/xbox_button_x.svg,_REVIEW_THIRD_PARTY/phone/lb-racing/ui/dist/assets/img/controls/xbox/xbox_button_x.svg,458,third-party-license-review
server/[phone]/lb-racing/ui/dist/assets/img/controls/xbox/controller_xbox_adaptive.svg,_REVIEW_THIRD_PARTY/phone/lb-racing/ui/dist/assets/img/controls/xbox/controller_xbox_adaptive.svg,795,third-party-license-review
server/[phone]/lb-racing/ui/dist/assets/img/controls/xbox/xbox_button_b.svg,_REVIEW_THIRD_PARTY/phone/lb-racing/ui/dist/assets/img/controls/xbox/xbox_button_b.svg,701,third-party-license-review
server/[phone]/lb-racing/ui/dist/assets/img/controls/xbox/xbox_stick_r_left.svg,_REVIEW_THIRD_PARTY/phone/lb-racing/ui/dist/assets/img/controls/xbox/xbox_stick_r_left.svg,1928,third-party-license-review
server/[phone]/lb-racing/ui/dist/assets/img/controls/xbox/xbox_dpad_right_outline.svg,_REVIEW_THIRD_PARTY/phone/lb-racing/ui/dist/assets/img/controls/xbox/xbox_dpad_right_outline.svg,502,third-party-license-review
server/[phone]/lb-racing/ui/dist/assets/img/controls/xbox/xbox_stick_r_up.svg,_REVIEW_THIRD_PARTY/phone/lb-racing/ui/dist/assets/img/controls/xbox/xbox_stick_r_up.svg,1965,third-party-license-review
server/[phone]/lb-racing/ui/dist/assets/img/controls/xbox/xbox_dpad_left_outline.svg,_REVIEW_THIRD_PARTY/phone/lb-racing/ui/dist/assets/img/controls/xbox/xbox_dpad_left_outline.svg,502,third-party-license-review
server/[phone]/lb-racing/ui/dist/assets/img/controls/xbox/xbox_button_back_icon.svg,_REVIEW_THIRD_PARTY/phone/lb-racing/ui/dist/assets/img/controls/xbox/xbox_button_back_icon.svg,514,third-party-license-review
server/[phone]/lb-racing/ui/dist/assets/img/controls/xbox/xbox_dpad_up_outline.svg,_REVIEW_THIRD_PARTY/phone/lb-racing/ui/dist/assets/img/controls/xbox/xbox_dpad_up_outline.svg,502,third-party-license-review
server/[phone]/lb-racing/ui/dist/assets/img/controls/xbox/xbox_button_color_b_outline.svg,_REVIEW_THIRD_PARTY/phone/lb-racing/ui/dist/assets/img/controls/xbox/xbox_button_color_b_outline.svg,855,third-party-license-review
server/[phone]/lb-racing/ui/dist/assets/img/controls/xbox/xbox_lb_outline.svg,_REVIEW_THIRD_PARTY/phone/lb-racing/ui/dist/assets/img/controls/xbox/xbox_lb_outline.svg,721,third-party-license-review
server/[phone]/lb-racing/ui/dist/assets/img/controls/xbox/xbox_button_color_y.svg,_REVIEW_THIRD_PARTY/phone/lb-racing/ui/dist/assets/img/controls/xbox/xbox_button_color_y.svg,407,third-party-license-review
server/[phone]/lb-racing/ui/dist/assets/img/controls/xbox/xbox_dpad_round_horizontal.svg,_REVIEW_THIRD_PARTY/phone/lb-racing/ui/dist/assets/img/controls/xbox/xbox_dpad_round_horizontal.svg,1012,third-party-license-review
server/[phone]/lb-racing/ui/dist/assets/img/controls/xbox/xbox_stick_r.svg,_REVIEW_THIRD_PARTY/phone/lb-racing/ui/dist/assets/img/controls/xbox/xbox_stick_r.svg,1155,third-party-license-review
server/[phone]/lb-racing/ui/dist/assets/img/controls/xbox/xbox_button_start.svg,_REVIEW_THIRD_PARTY/phone/lb-racing/ui/dist/assets/img/controls/xbox/xbox_button_start.svg,1902,third-party-license-review
server/[phone]/lb-racing/ui/dist/assets/img/controls/xbox/xbox_dpad_round_left.svg,_REVIEW_THIRD_PARTY/phone/lb-racing/ui/dist/assets/img/controls/xbox/xbox_dpad_round_left.svg,850,third-party-license-review
server/[phone]/lb-racing/ui/dist/assets/img/controls/xbox/xbox_button_share.svg,_REVIEW_THIRD_PARTY/phone/lb-racing/ui/dist/assets/img/controls/xbox/xbox_button_share.svg,505,third-party-license-review
server/[phone]/lb-racing/ui/dist/screenshots/phone/1-light.webp,_REVIEW_THIRD_PARTY/phone/lb-racing/ui/dist/screenshots/phone/1-light.webp,45396,third-party-license-review
server/[phone]/lb-racing/ui/dist/screenshots/tablet/1-light.webp,_REVIEW_THIRD_PARTY/phone/lb-racing/ui/dist/screenshots/tablet/1-light.webp,40552,third-party-license-review
server/[phone]/lb-racing/ui/dist/icon.svg,_REVIEW_THIRD_PARTY/phone/lb-racing/ui/dist/icon.svg,1390,third-party-license-review
server/[phone]/lb-racing/ui/dist/icon.jpg,_REVIEW_THIRD_PARTY/phone/lb-racing/ui/dist/icon.jpg,17418,third-party-license-review
server/[phone]/hex_lb_businessapp/dist/img/phone_business/bg.png,_REVIEW_THIRD_PARTY/phone/hex_lb_businessapp/dist/img/phone_business/bg.png,137475,third-party-license-review
server/[phone]/hex_lb_businessapp/dist/img/phone_business/user.png,_REVIEW_THIRD_PARTY/phone/hex_lb_businessapp/dist/img/phone_business/user.png,1464,third-party-license-review
server/[phone]/hex_lb_businessapp/dist/img/phone_business/bg_green.png,_REVIEW_THIRD_PARTY/phone/hex_lb_businessapp/dist/img/phone_business/bg_green.png,141728,third-party-license-review
server/[phone]/hex_lb_businessapp/dist/img/phone_business/bg_red.png,_REVIEW_THIRD_PARTY/phone/hex_lb_businessapp/dist/img/phone_business/bg_red.png,111703,third-party-license-review
server/[phone]/lb-tablet/ui/dist/assets/sound/dispatch/notification.mp3,_REVIEW_THIRD_PARTY/phone/lb-tablet/ui/dist/assets/sound/dispatch/notification.mp3,20106,third-party-license-review
server/[phone]/lb-tablet/ui/dist/assets/sound/dispatch/notification2.mp3,_REVIEW_THIRD_PARTY/phone/lb-tablet/ui/dist/assets/sound/dispatch/notification2.mp3,14445,third-party-license-review
server/[phone]/lb-tablet/ui/dist/assets/sound/notifications/default.mp3,_REVIEW_THIRD_PARTY/phone/lb-tablet/ui/dist/assets/sound/notifications/default.mp3,5895,third-party-license-review
server/[phone]/lb-tablet/ui/dist/assets/sound/notifications/5.mp3,_REVIEW_THIRD_PARTY/phone/lb-tablet/ui/dist/assets/sound/notifications/5.mp3,17516,third-party-license-review
server/[phone]/lb-tablet/ui/dist/assets/sound/notifications/2.mp3,_REVIEW_THIRD_PARTY/phone/lb-tablet/ui/dist/assets/sound/notifications/2.mp3,65871,third-party-license-review
server/[phone]/lb-tablet/ui/dist/assets/sound/notifications/4.mp3,_REVIEW_THIRD_PARTY/phone/lb-tablet/ui/dist/assets/sound/notifications/4.mp3,17806,third-party-license-review
server/[phone]/lb-tablet/ui/dist/assets/sound/notifications/7.mp3,_REVIEW_THIRD_PARTY/phone/lb-tablet/ui/dist/assets/sound/notifications/7.mp3,31724,third-party-license-review
server/[phone]/lb-tablet/ui/dist/assets/sound/notifications/8.mp3,_REVIEW_THIRD_PARTY/phone/lb-tablet/ui/dist/assets/sound/notifications/8.mp3,29091,third-party-license-review
server/[phone]/lb-tablet/ui/dist/assets/sound/notifications/3.mp3,_REVIEW_THIRD_PARTY/phone/lb-tablet/ui/dist/assets/sound/notifications/3.mp3,65871,third-party-license-review
server/[phone]/lb-tablet/ui/dist/assets/sound/notifications/1.mp3,_REVIEW_THIRD_PARTY/phone/lb-tablet/ui/dist/assets/sound/notifications/1.mp3,34106,third-party-license-review
server/[phone]/lb-tablet/ui/dist/assets/sound/notifications/6.mp3,_REVIEW_THIRD_PARTY/phone/lb-tablet/ui/dist/assets/sound/notifications/6.mp3,19052,third-party-license-review
server/[phone]/lb-tablet/ui/dist/assets/sound/other/vibrate.mp3,_REVIEW_THIRD_PARTY/phone/lb-tablet/ui/dist/assets/sound/other/vibrate.mp3,13697,third-party-license-review
server/[phone]/lb-tablet/ui/dist/assets/sound/other/cameraShutter.mp3,_REVIEW_THIRD_PARTY/phone/lb-tablet/ui/dist/assets/sound/other/cameraShutter.mp3,59472,third-party-license-review
server/[phone]/lb-tablet/ui/dist/assets/sound/other/alarm.mp3,_REVIEW_THIRD_PARTY/phone/lb-tablet/ui/dist/assets/sound/other/alarm.mp3,85945,third-party-license-review
server/[phone]/lb-tablet/ui/dist/assets/fonts/lockscreen/Nunito-Black.ttf,_REVIEW_THIRD_PARTY/phone/lb-tablet/ui/dist/assets/fonts/lockscreen/Nunito-Black.ttf,132032,third-party-license-review
server/[phone]/lb-tablet/ui/dist/assets/fonts/lockscreen/Library3am.otf,_REVIEW_THIRD_PARTY/phone/lb-tablet/ui/dist/assets/fonts/lockscreen/Library3am.otf,34668,third-party-license-review
server/[phone]/lb-tablet/ui/dist/assets/fonts/lockscreen/ProtestGuerrilla.ttf,_REVIEW_THIRD_PARTY/phone/lb-tablet/ui/dist/assets/fonts/lockscreen/ProtestGuerrilla.ttf,84512,third-party-license-review
server/[phone]/lb-tablet/ui/dist/assets/fonts/lockscreen/Gloock.ttf,_REVIEW_THIRD_PARTY/phone/lb-tablet/ui/dist/assets/fonts/lockscreen/Gloock.ttf,95156,third-party-license-review
server/[phone]/lb-tablet/ui/dist/assets/fonts/lockscreen/Nunito-Medium.ttf,_REVIEW_THIRD_PARTY/phone/lb-tablet/ui/dist/assets/fonts/lockscreen/Nunito-Medium.ttf,132304,third-party-license-review
server/[phone]/lb-tablet/ui/dist/assets/fonts/lockscreen/AbrilFatface.ttf,_REVIEW_THIRD_PARTY/phone/lb-tablet/ui/dist/assets/fonts/lockscreen/AbrilFatface.ttf,58448,third-party-license-review
server/[phone]/lb-tablet/ui/dist/assets/fonts/lockscreen/Limelight.ttf,_REVIEW_THIRD_PARTY/phone/lb-tablet/ui/dist/assets/fonts/lockscreen/Limelight.ttf,128852,third-party-license-review
server/[phone]/lb-tablet/ui/dist/assets/fonts/lockscreen/Monoton.ttf,_REVIEW_THIRD_PARTY/phone/lb-tablet/ui/dist/assets/fonts/lockscreen/Monoton.ttf,49908,third-party-license-review
server/[phone]/lb-tablet/ui/dist/assets/img/backgrounds/default/cloud4.webp,_REVIEW_THIRD_PARTY/phone/lb-tablet/ui/dist/assets/img/backgrounds/default/cloud4.webp,56610,third-party-license-review
server/[phone]/lb-tablet/ui/dist/assets/img/backgrounds/default/wallpaper13.webp,_REVIEW_THIRD_PARTY/phone/lb-tablet/ui/dist/assets/img/backgrounds/default/wallpaper13.webp,48172,third-party-license-review
server/[phone]/lb-tablet/ui/dist/assets/img/backgrounds/default/wallpaper6.webp,_REVIEW_THIRD_PARTY/phone/lb-tablet/ui/dist/assets/img/backgrounds/default/wallpaper6.webp,60662,third-party-license-review
server/[phone]/lb-tablet/ui/dist/assets/img/backgrounds/default/cloud9.webp,_REVIEW_THIRD_PARTY/phone/lb-tablet/ui/dist/assets/img/backgrounds/default/cloud9.webp,100070,third-party-license-review
server/[phone]/lb-tablet/ui/dist/assets/img/backgrounds/default/rose2.webp,_REVIEW_THIRD_PARTY/phone/lb-tablet/ui/dist/assets/img/backgrounds/default/rose2.webp,72378,third-party-license-review
server/[phone]/lb-tablet/ui/dist/assets/img/backgrounds/default/wallpaper16.webp,_REVIEW_THIRD_PARTY/phone/lb-tablet/ui/dist/assets/img/backgrounds/default/wallpaper16.webp,202962,third-party-license-review
server/[phone]/lb-tablet/ui/dist/assets/img/backgrounds/default/mountain_06.webp,_REVIEW_THIRD_PARTY/phone/lb-tablet/ui/dist/assets/img/backgrounds/default/mountain_06.webp,67264,third-party-license-review
server/[phone]/lb-tablet/ui/dist/assets/img/backgrounds/default/cloud5.webp,_REVIEW_THIRD_PARTY/phone/lb-tablet/ui/dist/assets/img/backgrounds/default/cloud5.webp,53122,third-party-license-review
server/[phone]/lb-tablet/ui/dist/assets/img/backgrounds/default/wallpaper5.webp,_REVIEW_THIRD_PARTY/phone/lb-tablet/ui/dist/assets/img/backgrounds/default/wallpaper5.webp,113234,third-party-license-review
server/[phone]/lb-tablet/ui/dist/assets/img/backgrounds/default/mountain_02.webp,_REVIEW_THIRD_PARTY/phone/lb-tablet/ui/dist/assets/img/backgrounds/default/mountain_02.webp,257172,third-party-license-review
server/[phone]/lb-tablet/ui/dist/assets/img/backgrounds/default/desert_02.webp,_REVIEW_THIRD_PARTY/phone/lb-tablet/ui/dist/assets/img/backgrounds/default/desert_02.webp,73072,third-party-license-review
server/[phone]/lb-tablet/ui/dist/assets/img/backgrounds/default/Moon.webp,_REVIEW_THIRD_PARTY/phone/lb-tablet/ui/dist/assets/img/backgrounds/default/Moon.webp,294740,third-party-license-review
server/[phone]/lb-tablet/ui/dist/assets/img/backgrounds/default/cloud11.webp,_REVIEW_THIRD_PARTY/phone/lb-tablet/ui/dist/assets/img/backgrounds/default/cloud11.webp,73870,third-party-license-review
server/[phone]/lb-tablet/ui/dist/assets/img/backgrounds/default/wallpaper12.webp,_REVIEW_THIRD_PARTY/phone/lb-tablet/ui/dist/assets/img/backgrounds/default/wallpaper12.webp,81080,third-party-license-review
server/[phone]/lb-tablet/ui/dist/assets/img/backgrounds/default/mountain_04.webp,_REVIEW_THIRD_PARTY/phone/lb-tablet/ui/dist/assets/img/backgrounds/default/mountain_04.webp,381822,third-party-license-review
server/[phone]/lb-tablet/ui/dist/assets/img/backgrounds/default/GlobeNight.webp,_REVIEW_THIRD_PARTY/phone/lb-tablet/ui/dist/assets/img/backgrounds/default/GlobeNight.webp,95894,third-party-license-review
server/[phone]/lb-tablet/ui/dist/assets/img/backgrounds/default/wallpaper3.webp,_REVIEW_THIRD_PARTY/phone/lb-tablet/ui/dist/assets/img/backgrounds/default/wallpaper3.webp,48602,third-party-license-review
server/[phone]/lb-tablet/ui/dist/assets/img/backgrounds/default/desert_05.webp,_REVIEW_THIRD_PARTY/phone/lb-tablet/ui/dist/assets/img/backgrounds/default/desert_05.webp,104766,third-party-license-review
server/[phone]/lb-tablet/ui/dist/assets/img/backgrounds/default/wallpaper17.webp,_REVIEW_THIRD_PARTY/phone/lb-tablet/ui/dist/assets/img/backgrounds/default/wallpaper17.webp,70604,third-party-license-review
server/[phone]/lb-tablet/ui/dist/assets/img/backgrounds/default/rose3.webp,_REVIEW_THIRD_PARTY/phone/lb-tablet/ui/dist/assets/img/backgrounds/default/rose3.webp,52754,third-party-license-review
server/[phone]/lb-tablet/ui/dist/assets/img/backgrounds/default/desert_03.webp,_REVIEW_THIRD_PARTY/phone/lb-tablet/ui/dist/assets/img/backgrounds/default/desert_03.webp,69378,third-party-license-review
server/[phone]/lb-tablet/ui/dist/assets/img/backgrounds/default/wallpaper18.webp,_REVIEW_THIRD_PARTY/phone/lb-tablet/ui/dist/assets/img/backgrounds/default/wallpaper18.webp,56784,third-party-license-review
server/[phone]/lb-tablet/ui/dist/assets/img/backgrounds/default/wallpaper10.webp,_REVIEW_THIRD_PARTY/phone/lb-tablet/ui/dist/assets/img/backgrounds/default/wallpaper10.webp,102186,third-party-license-review
server/[phone]/lb-tablet/ui/dist/assets/img/backgrounds/default/mountain_07.webp,_REVIEW_THIRD_PARTY/phone/lb-tablet/ui/dist/assets/img/backgrounds/default/mountain_07.webp,63178,third-party-license-review
server/[phone]/lb-tablet/ui/dist/assets/img/backgrounds/default/desert_04.webp,_REVIEW_THIRD_PARTY/phone/lb-tablet/ui/dist/assets/img/backgrounds/default/desert_04.webp,66710,third-party-license-review
server/[phone]/lb-tablet/ui/dist/assets/img/backgrounds/default/mountain_01.webp,_REVIEW_THIRD_PARTY/phone/lb-tablet/ui/dist/assets/img/backgrounds/default/mountain_01.webp,198026,third-party-license-review
server/[phone]/lb-tablet/ui/dist/assets/img/backgrounds/default/default.webp,_REVIEW_THIRD_PARTY/phone/lb-tablet/ui/dist/assets/img/backgrounds/default/default.webp,64704,third-party-license-review
server/[phone]/lb-tablet/ui/dist/assets/img/backgrounds/default/wallpaper9.webp,_REVIEW_THIRD_PARTY/phone/lb-tablet/ui/dist/assets/img/backgrounds/default/wallpaper9.webp,105456,third-party-license-review
server/[phone]/lb-tablet/ui/dist/assets/img/backgrounds/default/cloud3.webp,_REVIEW_THIRD_PARTY/phone/lb-tablet/ui/dist/assets/img/backgrounds/default/cloud3.webp,94006,third-party-license-review
server/[phone]/lb-tablet/ui/dist/assets/img/backgrounds/default/cloud10.webp,_REVIEW_THIRD_PARTY/phone/lb-tablet/ui/dist/assets/img/backgrounds/default/cloud10.webp,65146,third-party-license-review
server/[phone]/lb-tablet/ui/dist/assets/img/backgrounds/default/Globe.webp,_REVIEW_THIRD_PARTY/phone/lb-tablet/ui/dist/assets/img/backgrounds/default/Globe.webp,267766,third-party-license-review
server/[phone]/lb-tablet/ui/dist/assets/img/backgrounds/default/wallpaper4.webp,_REVIEW_THIRD_PARTY/phone/lb-tablet/ui/dist/assets/img/backgrounds/default/wallpaper4.webp,56674,third-party-license-review
server/[phone]/lb-tablet/ui/dist/assets/img/backgrounds/default/rose.webp,_REVIEW_THIRD_PARTY/phone/lb-tablet/ui/dist/assets/img/backgrounds/default/rose.webp,75506,third-party-license-review
server/[phone]/lb-tablet/ui/dist/assets/img/backgrounds/default/mountain_03.webp,_REVIEW_THIRD_PARTY/phone/lb-tablet/ui/dist/assets/img/backgrounds/default/mountain_03.webp,178356,third-party-license-review
server/[phone]/lb-tablet/ui/dist/assets/img/backgrounds/default/cloud2.webp,_REVIEW_THIRD_PARTY/phone/lb-tablet/ui/dist/assets/img/backgrounds/default/cloud2.webp,55816,third-party-license-review
server/[phone]/lb-tablet/ui/dist/assets/img/backgrounds/default/wallpaper15.webp,_REVIEW_THIRD_PARTY/phone/lb-tablet/ui/dist/assets/img/backgrounds/default/wallpaper15.webp,92870,third-party-license-review
server/[phone]/lb-tablet/ui/dist/assets/img/backgrounds/default/wallpaper7.webp,_REVIEW_THIRD_PARTY/phone/lb-tablet/ui/dist/assets/img/backgrounds/default/wallpaper7.webp,97250,third-party-license-review
server/[phone]/lb-tablet/ui/dist/assets/img/backgrounds/default/wallpaper19.webp,_REVIEW_THIRD_PARTY/phone/lb-tablet/ui/dist/assets/img/backgrounds/default/wallpaper19.webp,97242,third-party-license-review
server/[phone]/lb-tablet/ui/dist/assets/img/backgrounds/default/mountain_05.webp,_REVIEW_THIRD_PARTY/phone/lb-tablet/ui/dist/assets/img/backgrounds/default/mountain_05.webp,263176,third-party-license-review
server/[phone]/lb-tablet/ui/dist/assets/img/backgrounds/default/wallpaper8.webp,_REVIEW_THIRD_PARTY/phone/lb-tablet/ui/dist/assets/img/backgrounds/default/wallpaper8.webp,174366,third-party-license-review
server/[phone]/lb-tablet/ui/dist/assets/img/backgrounds/default/desert_01.webp,_REVIEW_THIRD_PARTY/phone/lb-tablet/ui/dist/assets/img/backgrounds/default/desert_01.webp,78494,third-party-license-review
server/[phone]/lb-tablet/ui/dist/assets/img/backgrounds/default/cloud6.webp,_REVIEW_THIRD_PARTY/phone/lb-tablet/ui/dist/assets/img/backgrounds/default/cloud6.webp,95934,third-party-license-review
server/[phone]/lb-tablet/ui/dist/assets/img/backgrounds/default/wallpaper21.webp,_REVIEW_THIRD_PARTY/phone/lb-tablet/ui/dist/assets/img/backgrounds/default/wallpaper21.webp,50578,third-party-license-review
server/[phone]/lb-tablet/ui/dist/assets/img/backgrounds/default/wallpaper14.webp,_REVIEW_THIRD_PARTY/phone/lb-tablet/ui/dist/assets/img/backgrounds/default/wallpaper14.webp,70564,third-party-license-review
server/[phone]/lb-tablet/ui/dist/assets/img/backgrounds/default/cloud7.webp,_REVIEW_THIRD_PARTY/phone/lb-tablet/ui/dist/assets/img/backgrounds/default/cloud7.webp,56324,third-party-license-review
server/[phone]/lb-tablet/ui/dist/assets/img/backgrounds/default/wallpaper.webp,_REVIEW_THIRD_PARTY/phone/lb-tablet/ui/dist/assets/img/backgrounds/default/wallpaper.webp,98316,third-party-license-review
server/[phone]/lb-tablet/ui/dist/assets/img/backgrounds/default/wallpaper20.webp,_REVIEW_THIRD_PARTY/phone/lb-tablet/ui/dist/assets/img/backgrounds/default/wallpaper20.webp,52326,third-party-license-review
server/[phone]/lb-tablet/ui/dist/assets/img/backgrounds/default/cloud12.webp,_REVIEW_THIRD_PARTY/phone/lb-tablet/ui/dist/assets/img/backgrounds/default/cloud12.webp,57510,third-party-license-review
server/[phone]/lb-tablet/ui/dist/assets/img/backgrounds/default/cloud8.webp,_REVIEW_THIRD_PARTY/phone/lb-tablet/ui/dist/assets/img/backgrounds/default/cloud8.webp,55850,third-party-license-review
server/[phone]/lb-tablet/ui/dist/assets/img/backgrounds/default/cloud.webp,_REVIEW_THIRD_PARTY/phone/lb-tablet/ui/dist/assets/img/backgrounds/default/cloud.webp,126752,third-party-license-review
server/[phone]/lb-tablet/ui/dist/assets/img/backgrounds/default/wallpaper2.webp,_REVIEW_THIRD_PARTY/phone/lb-tablet/ui/dist/assets/img/backgrounds/default/wallpaper2.webp,66964,third-party-license-review
server/[phone]/lb-tablet/ui/dist/assets/img/backgrounds/default/wallpaper11.webp,_REVIEW_THIRD_PARTY/phone/lb-tablet/ui/dist/assets/img/backgrounds/default/wallpaper11.webp,87708,third-party-license-review
server/[phone]/lb-tablet/ui/dist/assets/img/light-mode-placeholder.webp,_REVIEW_THIRD_PARTY/phone/lb-tablet/ui/dist/assets/img/light-mode-placeholder.webp,73406,third-party-license-review
server/[phone]/lb-tablet/ui/dist/assets/img/icons/property-placeholder-dark.svg,_REVIEW_THIRD_PARTY/phone/lb-tablet/ui/dist/assets/img/icons/property-placeholder-dark.svg,2027,third-party-license-review
server/[phone]/lb-tablet/ui/dist/assets/img/icons/unknown-placeholder-light.svg,_REVIEW_THIRD_PARTY/phone/lb-tablet/ui/dist/assets/img/icons/unknown-placeholder-light.svg,770,third-party-license-review
server/[phone]/lb-tablet/ui/dist/assets/img/icons/weapon-placeholder-dark.svg,_REVIEW_THIRD_PARTY/phone/lb-tablet/ui/dist/assets/img/icons/weapon-placeholder-dark.svg,726,third-party-license-review
server/[phone]/lb-tablet/ui/dist/assets/img/icons/picker.png,_REVIEW_THIRD_PARTY/phone/lb-tablet/ui/dist/assets/img/icons/picker.png,432402,third-party-license-review
server/[phone]/lb-tablet/ui/dist/assets/img/icons/chat-placeholder-light.svg,_REVIEW_THIRD_PARTY/phone/lb-tablet/ui/dist/assets/img/icons/chat-placeholder-light.svg,1152,third-party-license-review
server/[phone]/lb-tablet/ui/dist/assets/img/icons/no-pfp.png,_REVIEW_THIRD_PARTY/phone/lb-tablet/ui/dist/assets/img/icons/no-pfp.png,3094,third-party-license-review
server/[phone]/lb-tablet/ui/dist/assets/img/icons/avatar-placeholder-light.svg,_REVIEW_THIRD_PARTY/phone/lb-tablet/ui/dist/assets/img/icons/avatar-placeholder-light.svg,549,third-party-license-review
server/[phone]/lb-tablet/ui/dist/assets/img/icons/car-placeholder-dark.svg,_REVIEW_THIRD_PARTY/phone/lb-tablet/ui/dist/assets/img/icons/car-placeholder-dark.svg,4502,third-party-license-review
server/[phone]/lb-tablet/ui/dist/assets/img/icons/setup/theme.svg,_REVIEW_THIRD_PARTY/phone/lb-tablet/ui/dist/assets/img/icons/setup/theme.svg,1806,third-party-license-review
server/[phone]/lb-tablet/ui/dist/assets/img/icons/setup/logo.svg,_REVIEW_THIRD_PARTY/phone/lb-tablet/ui/dist/assets/img/icons/setup/logo.svg,4420,third-party-license-review
server/[phone]/lb-tablet/ui/dist/assets/img/icons/mdt/heli.svg,_REVIEW_THIRD_PARTY/phone/lb-tablet/ui/dist/assets/img/icons/mdt/heli.svg,1424,third-party-license-review
server/[phone]/lb-tablet/ui/dist/assets/img/icons/mdt/mechanic.png,_REVIEW_THIRD_PARTY/phone/lb-tablet/ui/dist/assets/img/icons/mdt/mechanic.png,6631,third-party-license-review
server/[phone]/lb-tablet/ui/dist/assets/img/icons/mdt/pin.svg,_REVIEW_THIRD_PARTY/phone/lb-tablet/ui/dist/assets/img/icons/mdt/pin.svg,194,third-party-license-review
server/[phone]/lb-tablet/ui/dist/assets/img/icons/mdt/fire.png,_REVIEW_THIRD_PARTY/phone/lb-tablet/ui/dist/assets/img/icons/mdt/fire.png,10259,third-party-license-review
server/[phone]/lb-tablet/ui/dist/assets/img/icons/mdt/plane.svg,_REVIEW_THIRD_PARTY/phone/lb-tablet/ui/dist/assets/img/icons/mdt/plane.svg,1842,third-party-license-review
server/[phone]/lb-tablet/ui/dist/assets/img/icons/mdt/person.svg,_REVIEW_THIRD_PARTY/phone/lb-tablet/ui/dist/assets/img/icons/mdt/person.svg,1038,third-party-license-review
server/[phone]/lb-tablet/ui/dist/assets/img/icons/mdt/ambulance.webp,_REVIEW_THIRD_PARTY/phone/lb-tablet/ui/dist/assets/img/icons/mdt/ambulance.webp,35608,third-party-license-review
server/[phone]/lb-tablet/ui/dist/assets/img/icons/mdt/bike.svg,_REVIEW_THIRD_PARTY/phone/lb-tablet/ui/dist/assets/img/icons/mdt/bike.svg,2366,third-party-license-review
server/[phone]/lb-tablet/ui/dist/assets/img/icons/mdt/boat.svg,_REVIEW_THIRD_PARTY/phone/lb-tablet/ui/dist/assets/img/icons/mdt/boat.svg,3461,third-party-license-review
server/[phone]/lb-tablet/ui/dist/assets/img/icons/mdt/car.svg,_REVIEW_THIRD_PARTY/phone/lb-tablet/ui/dist/assets/img/icons/mdt/car.svg,4530,third-party-license-review
server/[phone]/lb-tablet/ui/dist/assets/img/icons/mdt/police.webp,_REVIEW_THIRD_PARTY/phone/lb-tablet/ui/dist/assets/img/icons/mdt/police.webp,32014,third-party-license-review
server/[phone]/lb-tablet/ui/dist/assets/img/icons/lbos.webp,_REVIEW_THIRD_PARTY/phone/lb-tablet/ui/dist/assets/img/icons/lbos.webp,9808,third-party-license-review
server/[phone]/lb-tablet/ui/dist/assets/img/icons/car-placeholder-light.svg,_REVIEW_THIRD_PARTY/phone/lb-tablet/ui/dist/assets/img/icons/car-placeholder-light.svg,4500,third-party-license-review
server/[phone]/lb-tablet/ui/dist/assets/img/icons/chat-placeholder-dark.svg,_REVIEW_THIRD_PARTY/phone/lb-tablet/ui/dist/assets/img/icons/chat-placeholder-dark.svg,1211,third-party-license-review
server/[phone]/lb-tablet/ui/dist/assets/img/icons/apps/Apps.jpg,_REVIEW_THIRD_PARTY/phone/lb-tablet/ui/dist/assets/img/icons/apps/Apps.jpg,21376,third-party-license-review
server/[phone]/lb-tablet/ui/dist/assets/img/icons/apps/Settings.jpg,_REVIEW_THIRD_PARTY/phone/lb-tablet/ui/dist/assets/img/icons/apps/Settings.jpg,22332,third-party-license-review
server/[phone]/lb-tablet/ui/dist/assets/img/icons/apps/Ambulance.png,_REVIEW_THIRD_PARTY/phone/lb-tablet/ui/dist/assets/img/icons/apps/Ambulance.png,11984,third-party-license-review
server/[phone]/lb-tablet/ui/dist/assets/img/icons/apps/Mechanic.png,_REVIEW_THIRD_PARTY/phone/lb-tablet/ui/dist/assets/img/icons/apps/Mechanic.png,14992,third-party-license-review
server/[phone]/lb-tablet/ui/dist/assets/img/icons/apps/VoiceMemo.jpg,_REVIEW_THIRD_PARTY/phone/lb-tablet/ui/dist/assets/img/icons/apps/VoiceMemo.jpg,16815,third-party-license-review
server/[phone]/lb-tablet/ui/dist/assets/img/icons/apps/Photos.jpg,_REVIEW_THIRD_PARTY/phone/lb-tablet/ui/dist/assets/img/icons/apps/Photos.jpg,20942,third-party-license-review
server/[phone]/lb-tablet/ui/dist/assets/img/icons/apps/unkown.png,_REVIEW_THIRD_PARTY/phone/lb-tablet/ui/dist/assets/img/icons/apps/unkown.png,25609,third-party-license-review
server/[phone]/lb-tablet/ui/dist/assets/img/icons/apps/Maps.jpg,_REVIEW_THIRD_PARTY/phone/lb-tablet/ui/dist/assets/img/icons/apps/Maps.jpg,22704,third-party-license-review
server/[phone]/lb-tablet/ui/dist/assets/img/icons/apps/Notes.jpg,_REVIEW_THIRD_PARTY/phone/lb-tablet/ui/dist/assets/img/icons/apps/Notes.jpg,14166,third-party-license-review
server/[phone]/lb-tablet/ui/dist/assets/img/icons/apps/Fire.png,_REVIEW_THIRD_PARTY/phone/lb-tablet/ui/dist/assets/img/icons/apps/Fire.png,18156,third-party-license-review
server/[phone]/lb-tablet/ui/dist/assets/img/icons/apps/Camera.jpg,_REVIEW_THIRD_PARTY/phone/lb-tablet/ui/dist/assets/img/icons/apps/Camera.jpg,15091,third-party-license-review
server/[phone]/lb-tablet/ui/dist/assets/img/icons/apps/Clock.jpg,_REVIEW_THIRD_PARTY/phone/lb-tablet/ui/dist/assets/img/icons/apps/Clock.jpg,21832,third-party-license-review
server/[phone]/lb-tablet/ui/dist/assets/img/icons/apps/Police.png,_REVIEW_THIRD_PARTY/phone/lb-tablet/ui/dist/assets/img/icons/apps/Police.png,13574,third-party-license-review
server/[phone]/lb-tablet/ui/dist/assets/img/icons/apps/Registration.jpg,_REVIEW_THIRD_PARTY/phone/lb-tablet/ui/dist/assets/img/icons/apps/Registration.jpg,36796,third-party-license-review
server/[phone]/lb-tablet/ui/dist/assets/img/icons/apps/Mail.jpg,_REVIEW_THIRD_PARTY/phone/lb-tablet/ui/dist/assets/img/icons/apps/Mail.jpg,20721,third-party-license-review
server/[phone]/lb-tablet/ui/dist/assets/img/icons/apps/Browser.jpg,_REVIEW_THIRD_PARTY/phone/lb-tablet/ui/dist/assets/img/icons/apps/Browser.jpg,21795,third-party-license-review
server/[phone]/lb-tablet/ui/dist/assets/img/icons/apps/Calculator.jpg,_REVIEW_THIRD_PARTY/phone/lb-tablet/ui/dist/assets/img/icons/apps/Calculator.jpg,17653,third-party-license-review
server/[phone]/lb-tablet/ui/dist/assets/img/icons/apps/Services.jpg,_REVIEW_THIRD_PARTY/phone/lb-tablet/ui/dist/assets/img/icons/apps/Services.jpg,27159,third-party-license-review
server/[phone]/lb-tablet/ui/dist/assets/img/icons/weapon-placeholder-light.svg,_REVIEW_THIRD_PARTY/phone/lb-tablet/ui/dist/assets/img/icons/weapon-placeholder-light.svg,724,third-party-license-review
server/[phone]/lb-tablet/ui/dist/assets/img/icons/property-placeholder-light.svg,_REVIEW_THIRD_PARTY/phone/lb-tablet/ui/dist/assets/img/icons/property-placeholder-light.svg,2038,third-party-license-review
server/[phone]/lb-tablet/ui/dist/assets/img/icons/unknown-placeholder-dark.svg,_REVIEW_THIRD_PARTY/phone/lb-tablet/ui/dist/assets/img/icons/unknown-placeholder-dark.svg,831,third-party-license-review
server/[phone]/lb-tablet/ui/dist/assets/img/icons/avatar-placeholder-dark.svg,_REVIEW_THIRD_PARTY/phone/lb-tablet/ui/dist/assets/img/icons/avatar-placeholder-dark.svg,553,third-party-license-review
server/[phone]/lb-tablet/ui/dist/assets/img/icons/maps/pin.svg,_REVIEW_THIRD_PARTY/phone/lb-tablet/ui/dist/assets/img/icons/maps/pin.svg,194,third-party-license-review
server/[phone]/lb-tablet/ui/dist/assets/img/icons/maps/mappin.png,_REVIEW_THIRD_PARTY/phone/lb-tablet/ui/dist/assets/img/icons/maps/mappin.png,15682,third-party-license-review
server/[phone]/lb-tablet/ui/dist/assets/img/dark-mode-placeholder.webp,_REVIEW_THIRD_PARTY/phone/lb-tablet/ui/dist/assets/img/dark-mode-placeholder.webp,66940,third-party-license-review
server/[phone]/lb-tablet/ui/dist/assets/img/logo.svg,_REVIEW_THIRD_PARTY/phone/lb-tablet/ui/dist/assets/img/logo.svg,1176,third-party-license-review
server/[phone]/lb-tablet/ui/dist/assets/img/maps/placeholder_cayo_game.webp,_REVIEW_THIRD_PARTY/phone/lb-tablet/ui/dist/assets/img/maps/placeholder_cayo_game.webp,20360,third-party-license-review
server/[phone]/lb-tablet/ui/dist/assets/img/maps/placeholder_cayo_print.webp,_REVIEW_THIRD_PARTY/phone/lb-tablet/ui/dist/assets/img/maps/placeholder_cayo_print.webp,19268,third-party-license-review
server/[phone]/lb-tablet/ui/dist/assets/img/maps/placeholder_santos_render.webp,_REVIEW_THIRD_PARTY/phone/lb-tablet/ui/dist/assets/img/maps/placeholder_santos_render.webp,76874,third-party-license-review
server/[phone]/lb-tablet/ui/dist/assets/img/maps/placeholder_cayo_render.webp,_REVIEW_THIRD_PARTY/phone/lb-tablet/ui/dist/assets/img/maps/placeholder_cayo_render.webp,25802,third-party-license-review
server/[phone]/lb-tablet/ui/dist/assets/img/maps/placeholder_santos_game.webp,_REVIEW_THIRD_PARTY/phone/lb-tablet/ui/dist/assets/img/maps/placeholder_santos_game.webp,72220,third-party-license-review
server/[phone]/lb-tablet/ui/dist/assets/img/maps/placeholder_santos_print.webp,_REVIEW_THIRD_PARTY/phone/lb-tablet/ui/dist/assets/img/maps/placeholder_santos_print.webp,53186,third-party-license-review
server/[phone]/lb-tablet/inventoryitem.webp,_REVIEW_THIRD_PARTY/phone/lb-tablet/inventoryitem.webp,9044,third-party-license-review
server/[phone]/lb-tablet/inventoryitem.png,_REVIEW_THIRD_PARTY/phone/lb-tablet/inventoryitem.png,128338,third-party-license-review
server/[phone]/lb-phone/ui/dist/assets/sound/notifications/5.mp3,_REVIEW_THIRD_PARTY/phone/lb-phone/ui/dist/assets/sound/notifications/5.mp3,17516,third-party-license-review
server/[phone]/lb-phone/ui/dist/assets/sound/notifications/2.mp3,_REVIEW_THIRD_PARTY/phone/lb-phone/ui/dist/assets/sound/notifications/2.mp3,65871,third-party-license-review
server/[phone]/lb-phone/ui/dist/assets/sound/notifications/4.mp3,_REVIEW_THIRD_PARTY/phone/lb-phone/ui/dist/assets/sound/notifications/4.mp3,17806,third-party-license-review
server/[phone]/lb-phone/ui/dist/assets/sound/notifications/7.mp3,_REVIEW_THIRD_PARTY/phone/lb-phone/ui/dist/assets/sound/notifications/7.mp3,31724,third-party-license-review
server/[phone]/lb-phone/ui/dist/assets/sound/notifications/8.mp3,_REVIEW_THIRD_PARTY/phone/lb-phone/ui/dist/assets/sound/notifications/8.mp3,29091,third-party-license-review
server/[phone]/lb-phone/ui/dist/assets/sound/notifications/3.mp3,_REVIEW_THIRD_PARTY/phone/lb-phone/ui/dist/assets/sound/notifications/3.mp3,65871,third-party-license-review
server/[phone]/lb-phone/ui/dist/assets/sound/notifications/1.mp3,_REVIEW_THIRD_PARTY/phone/lb-phone/ui/dist/assets/sound/notifications/1.mp3,34106,third-party-license-review
server/[phone]/lb-phone/ui/dist/assets/sound/notifications/6.mp3,_REVIEW_THIRD_PARTY/phone/lb-phone/ui/dist/assets/sound/notifications/6.mp3,19052,third-party-license-review
server/[phone]/lb-phone/ui/dist/assets/sound/other/callBusy.mp3,_REVIEW_THIRD_PARTY/phone/lb-phone/ui/dist/assets/sound/other/callBusy.mp3,95137,third-party-license-review
server/[phone]/lb-phone/ui/dist/assets/sound/other/calling.mp3,_REVIEW_THIRD_PARTY/phone/lb-phone/ui/dist/assets/sound/other/calling.mp3,189673,third-party-license-review
server/[phone]/lb-phone/ui/dist/assets/sound/other/facetimeCalling.mp3,_REVIEW_THIRD_PARTY/phone/lb-phone/ui/dist/assets/sound/other/facetimeCalling.mp3,487686,third-party-license-review
server/[phone]/lb-phone/ui/dist/assets/sound/other/voicemail/numbers/5.mp3,_REVIEW_THIRD_PARTY/phone/lb-phone/ui/dist/assets/sound/other/voicemail/numbers/5.mp3,3490,third-party-license-review
server/[phone]/lb-phone/ui/dist/assets/sound/other/voicemail/numbers/2.mp3,_REVIEW_THIRD_PARTY/phone/lb-phone/ui/dist/assets/sound/other/voicemail/numbers/2.mp3,2914,third-party-license-review
server/[phone]/lb-phone/ui/dist/assets/sound/other/voicemail/numbers/9.mp3,_REVIEW_THIRD_PARTY/phone/lb-phone/ui/dist/assets/sound/other/voicemail/numbers/9.mp3,3419,third-party-license-review
server/[phone]/lb-phone/ui/dist/assets/sound/other/voicemail/numbers/0.mp3,_REVIEW_THIRD_PARTY/phone/lb-phone/ui/dist/assets/sound/other/voicemail/numbers/0.mp3,3454,third-party-license-review
server/[phone]/lb-phone/ui/dist/assets/sound/other/voicemail/numbers/4.mp3,_REVIEW_THIRD_PARTY/phone/lb-phone/ui/dist/assets/sound/other/voicemail/numbers/4.mp3,3382,third-party-license-review
server/[phone]/lb-phone/ui/dist/assets/sound/other/voicemail/numbers/7.mp3,_REVIEW_THIRD_PARTY/phone/lb-phone/ui/dist/assets/sound/other/voicemail/numbers/7.mp3,3346,third-party-license-review
server/[phone]/lb-phone/ui/dist/assets/sound/other/voicemail/numbers/8.mp3,_REVIEW_THIRD_PARTY/phone/lb-phone/ui/dist/assets/sound/other/voicemail/numbers/8.mp3,3022,third-party-license-review
server/[phone]/lb-phone/ui/dist/assets/sound/other/voicemail/numbers/3.mp3,_REVIEW_THIRD_PARTY/phone/lb-phone/ui/dist/assets/sound/other/voicemail/numbers/3.mp3,3670,third-party-license-review
server/[phone]/lb-phone/ui/dist/assets/sound/other/voicemail/numbers/1.mp3,_REVIEW_THIRD_PARTY/phone/lb-phone/ui/dist/assets/sound/other/voicemail/numbers/1.mp3,2266,third-party-license-review
server/[phone]/lb-phone/ui/dist/assets/sound/other/voicemail/numbers/6.mp3,_REVIEW_THIRD_PARTY/phone/lb-phone/ui/dist/assets/sound/other/voicemail/numbers/6.mp3,4174,third-party-license-review
server/[phone]/lb-phone/ui/dist/assets/sound/other/voicemail/part-1.mp3,_REVIEW_THIRD_PARTY/phone/lb-phone/ui/dist/assets/sound/other/voicemail/part-1.mp3,19048,third-party-license-review
server/[phone]/lb-phone/ui/dist/assets/sound/other/voicemail/part-2.mp3,_REVIEW_THIRD_PARTY/phone/lb-phone/ui/dist/assets/sound/other/voicemail/part-2.mp3,40540,third-party-license-review
server/[phone]/lb-phone/ui/dist/assets/sound/other/mute.mp3,_REVIEW_THIRD_PARTY/phone/lb-phone/ui/dist/assets/sound/other/mute.mp3,3761,third-party-license-review
server/[phone]/lb-phone/ui/dist/assets/sound/other/vibrate.mp3,_REVIEW_THIRD_PARTY/phone/lb-phone/ui/dist/assets/sound/other/vibrate.mp3,13697,third-party-license-review
server/[phone]/lb-phone/ui/dist/assets/sound/other/unmute.mp3,_REVIEW_THIRD_PARTY/phone/lb-phone/ui/dist/assets/sound/other/unmute.mp3,2925,third-party-license-review
server/[phone]/lb-phone/ui/dist/assets/sound/other/cameraShutter.mp3,_REVIEW_THIRD_PARTY/phone/lb-phone/ui/dist/assets/sound/other/cameraShutter.mp3,13374,third-party-license-review
server/[phone]/lb-phone/ui/dist/assets/sound/other/endCallFacetime.mp3,_REVIEW_THIRD_PARTY/phone/lb-phone/ui/dist/assets/sound/other/endCallFacetime.mp3,14628,third-party-license-review
server/[phone]/lb-phone/ui/dist/assets/sound/other/alarm.mp3,_REVIEW_THIRD_PARTY/phone/lb-phone/ui/dist/assets/sound/other/alarm.mp3,27001,third-party-license-review
server/[phone]/lb-phone/ui/dist/assets/sound/other/endCall.mp3,_REVIEW_THIRD_PARTY/phone/lb-phone/ui/dist/assets/sound/other/endCall.mp3,14647,third-party-license-review
server/[phone]/lb-phone/ui/dist/assets/sound/ringtones/19.mp3,_REVIEW_THIRD_PARTY/phone/lb-phone/ui/dist/assets/sound/ringtones/19.mp3,38636,third-party-license-review
server/[phone]/lb-phone/ui/dist/assets/sound/ringtones/10.mp3,_REVIEW_THIRD_PARTY/phone/lb-phone/ui/dist/assets/sound/ringtones/10.mp3,34524,third-party-license-review
server/[phone]/lb-phone/ui/dist/assets/sound/ringtones/23.mp3,_REVIEW_THIRD_PARTY/phone/lb-phone/ui/dist/assets/sound/ringtones/23.mp3,60438,third-party-license-review
server/[phone]/lb-phone/ui/dist/assets/sound/ringtones/24.mp3,_REVIEW_THIRD_PARTY/phone/lb-phone/ui/dist/assets/sound/ringtones/24.mp3,32016,third-party-license-review
server/[phone]/lb-phone/ui/dist/assets/sound/ringtones/13.mp3,_REVIEW_THIRD_PARTY/phone/lb-phone/ui/dist/assets/sound/ringtones/13.mp3,56676,third-party-license-review
server/[phone]/lb-phone/ui/dist/assets/sound/ringtones/15.mp3,_REVIEW_THIRD_PARTY/phone/lb-phone/ui/dist/assets/sound/ringtones/15.mp3,77992,third-party-license-review
server/[phone]/lb-phone/ui/dist/assets/sound/ringtones/7.mp3,_REVIEW_THIRD_PARTY/phone/lb-phone/ui/dist/assets/sound/ringtones/7.mp3,30188,third-party-license-review
server/[phone]/lb-phone/ui/dist/assets/sound/ringtones/17.mp3,_REVIEW_THIRD_PARTY/phone/lb-phone/ui/dist/assets/sound/ringtones/17.mp3,27001,third-party-license-review
server/[phone]/lb-phone/ui/dist/assets/sound/ringtones/21.mp3,_REVIEW_THIRD_PARTY/phone/lb-phone/ui/dist/assets/sound/ringtones/21.mp3,40172,third-party-license-review
server/[phone]/lb-phone/ui/dist/assets/sound/ringtones/1.mp3,_REVIEW_THIRD_PARTY/phone/lb-phone/ui/dist/assets/sound/ringtones/1.mp3,31598,third-party-license-review
server/[phone]/lb-phone/ui/dist/assets/fonts/lockscreen/Nunito-Black.ttf,_REVIEW_THIRD_PARTY/phone/lb-phone/ui/dist/assets/fonts/lockscreen/Nunito-Black.ttf,132032,third-party-license-review
server/[phone]/lb-phone/ui/dist/assets/fonts/lockscreen/Library3am.otf,_REVIEW_THIRD_PARTY/phone/lb-phone/ui/dist/assets/fonts/lockscreen/Library3am.otf,34668,third-party-license-review
server/[phone]/lb-phone/ui/dist/assets/fonts/lockscreen/ProtestGuerrilla.ttf,_REVIEW_THIRD_PARTY/phone/lb-phone/ui/dist/assets/fonts/lockscreen/ProtestGuerrilla.ttf,84512,third-party-license-review
server/[phone]/lb-phone/ui/dist/assets/fonts/lockscreen/Gloock.ttf,_REVIEW_THIRD_PARTY/phone/lb-phone/ui/dist/assets/fonts/lockscreen/Gloock.ttf,95156,third-party-license-review
server/[phone]/lb-phone/ui/dist/assets/fonts/lockscreen/Nunito-Medium.ttf,_REVIEW_THIRD_PARTY/phone/lb-phone/ui/dist/assets/fonts/lockscreen/Nunito-Medium.ttf,132304,third-party-license-review
server/[phone]/lb-phone/ui/dist/assets/fonts/lockscreen/AbrilFatface.ttf,_REVIEW_THIRD_PARTY/phone/lb-phone/ui/dist/assets/fonts/lockscreen/AbrilFatface.ttf,58448,third-party-license-review
server/[phone]/lb-phone/ui/dist/assets/fonts/lockscreen/Limelight.ttf,_REVIEW_THIRD_PARTY/phone/lb-phone/ui/dist/assets/fonts/lockscreen/Limelight.ttf,128852,third-party-license-review
server/[phone]/lb-phone/ui/dist/assets/fonts/lockscreen/Monoton.ttf,_REVIEW_THIRD_PARTY/phone/lb-phone/ui/dist/assets/fonts/lockscreen/Monoton.ttf,49908,third-party-license-review
server/[phone]/lb-phone/ui/dist/assets/img/cryptogradient.png,_REVIEW_THIRD_PARTY/phone/lb-phone/ui/dist/assets/img/cryptogradient.png,29580,third-party-license-review
server/[phone]/lb-phone/ui/dist/assets/img/backgrounds/default/cloud7.jpg,_REVIEW_THIRD_PARTY/phone/lb-phone/ui/dist/assets/img/backgrounds/default/cloud7.jpg,44289,third-party-license-review
server/[phone]/lb-phone/ui/dist/assets/img/backgrounds/default/cloud5.jpg,_REVIEW_THIRD_PARTY/phone/lb-phone/ui/dist/assets/img/backgrounds/default/cloud5.jpg,36308,third-party-license-review
server/[phone]/lb-phone/ui/dist/assets/img/backgrounds/default/Lift.jpg,_REVIEW_THIRD_PARTY/phone/lb-phone/ui/dist/assets/img/backgrounds/default/Lift.jpg,121658,third-party-license-review
server/[phone]/lb-phone/ui/dist/assets/img/backgrounds/default/wallpaper6.jpg,_REVIEW_THIRD_PARTY/phone/lb-phone/ui/dist/assets/img/backgrounds/default/wallpaper6.jpg,94431,third-party-license-review
server/[phone]/lb-phone/ui/dist/assets/img/backgrounds/default/mountain_05.jpg,_REVIEW_THIRD_PARTY/phone/lb-phone/ui/dist/assets/img/backgrounds/default/mountain_05.jpg,208947,third-party-license-review
server/[phone]/lb-phone/ui/dist/assets/img/backgrounds/default/desert_04.jpg,_REVIEW_THIRD_PARTY/phone/lb-phone/ui/dist/assets/img/backgrounds/default/desert_04.jpg,44892,third-party-license-review
server/[phone]/lb-phone/ui/dist/assets/img/backgrounds/default/Globe.jpg,_REVIEW_THIRD_PARTY/phone/lb-phone/ui/dist/assets/img/backgrounds/default/Globe.jpg,181294,third-party-license-review
server/[phone]/lb-phone/ui/dist/assets/img/backgrounds/default/wallpaper19.jpg,_REVIEW_THIRD_PARTY/phone/lb-phone/ui/dist/assets/img/backgrounds/default/wallpaper19.jpg,76242,third-party-license-review
server/[phone]/lb-phone/ui/dist/assets/img/backgrounds/default/wallpaper12.jpg,_REVIEW_THIRD_PARTY/phone/lb-phone/ui/dist/assets/img/backgrounds/default/wallpaper12.jpg,62613,third-party-license-review
server/[phone]/lb-phone/ui/dist/assets/img/backgrounds/default/wallpaper8.jpg,_REVIEW_THIRD_PARTY/phone/lb-phone/ui/dist/assets/img/backgrounds/default/wallpaper8.jpg,137432,third-party-license-review
server/[phone]/lb-phone/ui/dist/assets/img/backgrounds/default/wallpaper.jpg,_REVIEW_THIRD_PARTY/phone/lb-phone/ui/dist/assets/img/backgrounds/default/wallpaper.jpg,62344,third-party-license-review
server/[phone]/lb-phone/ui/dist/assets/img/backgrounds/default/mountain_06.jpg,_REVIEW_THIRD_PARTY/phone/lb-phone/ui/dist/assets/img/backgrounds/default/mountain_06.jpg,51245,third-party-license-review
server/[phone]/lb-phone/ui/dist/assets/img/backgrounds/default/wheel2.jpg,_REVIEW_THIRD_PARTY/phone/lb-phone/ui/dist/assets/img/backgrounds/default/wheel2.jpg,147158,third-party-license-review
server/[phone]/lb-phone/ui/dist/assets/img/backgrounds/default/desert_01.jpg,_REVIEW_THIRD_PARTY/phone/lb-phone/ui/dist/assets/img/backgrounds/default/desert_01.jpg,66167,third-party-license-review
server/[phone]/lb-phone/ui/dist/assets/img/backgrounds/default/cloud11.jpg,_REVIEW_THIRD_PARTY/phone/lb-phone/ui/dist/assets/img/backgrounds/default/cloud11.jpg,68265,third-party-license-review
server/[phone]/lb-phone/ui/dist/assets/img/backgrounds/default/cloud4.jpg,_REVIEW_THIRD_PARTY/phone/lb-phone/ui/dist/assets/img/backgrounds/default/cloud4.jpg,158207,third-party-license-review
server/[phone]/lb-phone/ui/dist/assets/img/backgrounds/default/pier.jpg,_REVIEW_THIRD_PARTY/phone/lb-phone/ui/dist/assets/img/backgrounds/default/pier.jpg,220665,third-party-license-review
server/[phone]/lb-phone/ui/dist/assets/img/backgrounds/default/Wheel.jpg,_REVIEW_THIRD_PARTY/phone/lb-phone/ui/dist/assets/img/backgrounds/default/Wheel.jpg,125496,third-party-license-review
server/[phone]/lb-phone/ui/dist/assets/img/backgrounds/default/wallpaper10.jpg,_REVIEW_THIRD_PARTY/phone/lb-phone/ui/dist/assets/img/backgrounds/default/wallpaper10.jpg,76082,third-party-license-review
server/[phone]/lb-phone/ui/dist/assets/img/backgrounds/default/wallpaper17.jpg,_REVIEW_THIRD_PARTY/phone/lb-phone/ui/dist/assets/img/backgrounds/default/wallpaper17.jpg,58850,third-party-license-review
server/[phone]/lb-phone/ui/dist/assets/img/backgrounds/default/wallpaper7.jpg,_REVIEW_THIRD_PARTY/phone/lb-phone/ui/dist/assets/img/backgrounds/default/wallpaper7.jpg,88573,third-party-license-review
server/[phone]/lb-phone/ui/dist/assets/img/backgrounds/default/thunder.jpg,_REVIEW_THIRD_PARTY/phone/lb-phone/ui/dist/assets/img/backgrounds/default/thunder.jpg,16681,third-party-license-review
server/[phone]/lb-phone/ui/dist/assets/img/backgrounds/default/cloud2.jpg,_REVIEW_THIRD_PARTY/phone/lb-phone/ui/dist/assets/img/backgrounds/default/cloud2.jpg,54927,third-party-license-review
server/[phone]/lb-phone/ui/dist/assets/img/backgrounds/default/cloud6.jpg,_REVIEW_THIRD_PARTY/phone/lb-phone/ui/dist/assets/img/backgrounds/default/cloud6.jpg,71732,third-party-license-review
server/[phone]/lb-phone/ui/dist/assets/img/backgrounds/default/rose.jpg,_REVIEW_THIRD_PARTY/phone/lb-phone/ui/dist/assets/img/backgrounds/default/rose.jpg,117877,third-party-license-review
server/[phone]/lb-phone/ui/dist/assets/img/backgrounds/default/wallpaper14.jpg,_REVIEW_THIRD_PARTY/phone/lb-phone/ui/dist/assets/img/backgrounds/default/wallpaper14.jpg,68528,third-party-license-review
server/[phone]/lb-phone/ui/dist/assets/img/backgrounds/default/wallpaper2.jpg,_REVIEW_THIRD_PARTY/phone/lb-phone/ui/dist/assets/img/backgrounds/default/wallpaper2.jpg,85106,third-party-license-review
server/[phone]/lb-phone/ui/dist/assets/img/backgrounds/default/wallpaper9.jpg,_REVIEW_THIRD_PARTY/phone/lb-phone/ui/dist/assets/img/backgrounds/default/wallpaper9.jpg,84164,third-party-license-review
server/[phone]/lb-phone/ui/dist/assets/img/backgrounds/default/desert_05.jpg,_REVIEW_THIRD_PARTY/phone/lb-phone/ui/dist/assets/img/backgrounds/default/desert_05.jpg,75576,third-party-license-review
server/[phone]/lb-phone/ui/dist/assets/img/backgrounds/default/wallpaper13.jpg,_REVIEW_THIRD_PARTY/phone/lb-phone/ui/dist/assets/img/backgrounds/default/wallpaper13.jpg,35553,third-party-license-review
server/[phone]/lb-phone/ui/dist/assets/img/backgrounds/default/wallpaper5.jpg,_REVIEW_THIRD_PARTY/phone/lb-phone/ui/dist/assets/img/backgrounds/default/wallpaper5.jpg,89829,third-party-license-review
server/[phone]/lb-phone/ui/dist/assets/img/backgrounds/default/wallpaper3.jpg,_REVIEW_THIRD_PARTY/phone/lb-phone/ui/dist/assets/img/backgrounds/default/wallpaper3.jpg,45425,third-party-license-review
server/[phone]/lb-phone/ui/dist/assets/img/backgrounds/default/wallpaper18.jpg,_REVIEW_THIRD_PARTY/phone/lb-phone/ui/dist/assets/img/backgrounds/default/wallpaper18.jpg,41530,third-party-license-review
server/[phone]/lb-phone/ui/dist/assets/img/backgrounds/default/desert_03.jpg,_REVIEW_THIRD_PARTY/phone/lb-phone/ui/dist/assets/img/backgrounds/default/desert_03.jpg,49181,third-party-license-review
server/[phone]/lb-phone/ui/dist/assets/img/backgrounds/default/mountain_07.jpg,_REVIEW_THIRD_PARTY/phone/lb-phone/ui/dist/assets/img/backgrounds/default/mountain_07.jpg,49855,third-party-license-review
server/[phone]/lb-phone/ui/dist/assets/img/backgrounds/default/apps/garage/1.jpg,_REVIEW_THIRD_PARTY/phone/lb-phone/ui/dist/assets/img/backgrounds/default/apps/garage/1.jpg,481893,third-party-license-review
server/[phone]/lb-phone/ui/dist/assets/img/backgrounds/default/apps/garage/2.jpg,_REVIEW_THIRD_PARTY/phone/lb-phone/ui/dist/assets/img/backgrounds/default/apps/garage/2.jpg,58515,third-party-license-review
server/[phone]/lb-phone/ui/dist/assets/img/backgrounds/default/apps/weather/sunset.jpg,_REVIEW_THIRD_PARTY/phone/lb-phone/ui/dist/assets/img/backgrounds/default/apps/weather/sunset.jpg,9317,third-party-license-review
server/[phone]/lb-phone/ui/dist/assets/img/backgrounds/default/apps/weather/sunny.jpg,_REVIEW_THIRD_PARTY/phone/lb-phone/ui/dist/assets/img/backgrounds/default/apps/weather/sunny.jpg,26343,third-party-license-review
server/[phone]/lb-phone/ui/dist/assets/img/backgrounds/default/apps/weather/snow.jpg,_REVIEW_THIRD_PARTY/phone/lb-phone/ui/dist/assets/img/backgrounds/default/apps/weather/snow.jpg,59879,third-party-license-review
server/[phone]/lb-phone/ui/dist/assets/img/backgrounds/default/apps/weather/cloudy 2.jpg,_REVIEW_THIRD_PARTY/phone/lb-phone/ui/dist/assets/img/backgrounds/default/apps/weather/cloudy 2.jpg,16181,third-party-license-review
server/[phone]/lb-phone/ui/dist/assets/img/backgrounds/default/apps/weather/rain.jpg,_REVIEW_THIRD_PARTY/phone/lb-phone/ui/dist/assets/img/backgrounds/default/apps/weather/rain.jpg,57053,third-party-license-review
server/[phone]/lb-phone/ui/dist/assets/img/backgrounds/default/apps/weather/night 2.jpg,_REVIEW_THIRD_PARTY/phone/lb-phone/ui/dist/assets/img/backgrounds/default/apps/weather/night 2.jpg,33537,third-party-license-review
server/[phone]/lb-phone/ui/dist/assets/img/backgrounds/default/apps/weather/night.jpg,_REVIEW_THIRD_PARTY/phone/lb-phone/ui/dist/assets/img/backgrounds/default/apps/weather/night.jpg,58273,third-party-license-review
server/[phone]/lb-phone/ui/dist/assets/img/backgrounds/default/apps/weather/cloudy.jpg,_REVIEW_THIRD_PARTY/phone/lb-phone/ui/dist/assets/img/backgrounds/default/apps/weather/cloudy.jpg,60464,third-party-license-review
server/[phone]/lb-phone/ui/dist/assets/img/backgrounds/default/apps/home/1.jpg,_REVIEW_THIRD_PARTY/phone/lb-phone/ui/dist/assets/img/backgrounds/default/apps/home/1.jpg,52057,third-party-license-review
server/[phone]/lb-phone/ui/dist/assets/img/backgrounds/default/apps/home/3.jpg,_REVIEW_THIRD_PARTY/phone/lb-phone/ui/dist/assets/img/backgrounds/default/apps/home/3.jpg,46904,third-party-license-review
server/[phone]/lb-phone/ui/dist/assets/img/backgrounds/default/apps/home/2.jpg,_REVIEW_THIRD_PARTY/phone/lb-phone/ui/dist/assets/img/backgrounds/default/apps/home/2.jpg,42255,third-party-license-review
server/[phone]/lb-phone/ui/dist/assets/img/backgrounds/default/apps/home/5.jpg,_REVIEW_THIRD_PARTY/phone/lb-phone/ui/dist/assets/img/backgrounds/default/apps/home/5.jpg,64386,third-party-license-review
server/[phone]/lb-phone/ui/dist/assets/img/backgrounds/default/apps/home/4.jpg,_REVIEW_THIRD_PARTY/phone/lb-phone/ui/dist/assets/img/backgrounds/default/apps/home/4.jpg,56930,third-party-license-review
server/[phone]/lb-phone/ui/dist/assets/img/backgrounds/default/default.jpg,_REVIEW_THIRD_PARTY/phone/lb-phone/ui/dist/assets/img/backgrounds/default/default.jpg,50650,third-party-license-review
server/[phone]/lb-phone/ui/dist/assets/img/backgrounds/default/wallpaper15.jpg,_REVIEW_THIRD_PARTY/phone/lb-phone/ui/dist/assets/img/backgrounds/default/wallpaper15.jpg,37949,third-party-license-review
server/[phone]/lb-phone/ui/dist/assets/img/backgrounds/default/cactus.jpg,_REVIEW_THIRD_PARTY/phone/lb-phone/ui/dist/assets/img/backgrounds/default/cactus.jpg,140310,third-party-license-review
server/[phone]/lb-phone/ui/dist/assets/img/backgrounds/default/desert_02.jpg,_REVIEW_THIRD_PARTY/phone/lb-phone/ui/dist/assets/img/backgrounds/default/desert_02.jpg,60397,third-party-license-review
server/[phone]/lb-phone/ui/dist/assets/img/backgrounds/default/mountain_01.jpg,_REVIEW_THIRD_PARTY/phone/lb-phone/ui/dist/assets/img/backgrounds/default/mountain_01.jpg,161568,third-party-license-review
server/[phone]/lb-phone/ui/dist/assets/img/backgrounds/default/Moon.jpg,_REVIEW_THIRD_PARTY/phone/lb-phone/ui/dist/assets/img/backgrounds/default/Moon.jpg,184293,third-party-license-review
server/[phone]/lb-phone/ui/dist/assets/img/backgrounds/default/wallpaper20.jpg,_REVIEW_THIRD_PARTY/phone/lb-phone/ui/dist/assets/img/backgrounds/default/wallpaper20.jpg,36345,third-party-license-review
server/[phone]/lb-phone/ui/dist/assets/img/backgrounds/default/cloud3.jpg,_REVIEW_THIRD_PARTY/phone/lb-phone/ui/dist/assets/img/backgrounds/default/cloud3.jpg,84779,third-party-license-review
server/[phone]/lb-phone/ui/dist/assets/img/backgrounds/default/rose2.jpg,_REVIEW_THIRD_PARTY/phone/lb-phone/ui/dist/assets/img/backgrounds/default/rose2.jpg,131580,third-party-license-review
server/[phone]/lb-phone/ui/dist/assets/img/backgrounds/default/cloud10.jpg,_REVIEW_THIRD_PARTY/phone/lb-phone/ui/dist/assets/img/backgrounds/default/cloud10.jpg,47067,third-party-license-review
server/[phone]/lb-phone/ui/dist/assets/img/backgrounds/default/Boat.jpg,_REVIEW_THIRD_PARTY/phone/lb-phone/ui/dist/assets/img/backgrounds/default/Boat.jpg,118146,third-party-license-review
server/[phone]/lb-phone/ui/dist/assets/img/backgrounds/default/GlobeNight.jpg,_REVIEW_THIRD_PARTY/phone/lb-phone/ui/dist/assets/img/backgrounds/default/GlobeNight.jpg,73845,third-party-license-review
server/[phone]/lb-phone/ui/dist/assets/img/backgrounds/default/cloud9.jpg,_REVIEW_THIRD_PARTY/phone/lb-phone/ui/dist/assets/img/backgrounds/default/cloud9.jpg,97756,third-party-license-review
server/[phone]/lb-phone/ui/dist/assets/img/backgrounds/default/cloud.jpg,_REVIEW_THIRD_PARTY/phone/lb-phone/ui/dist/assets/img/backgrounds/default/cloud.jpg,140874,third-party-license-review
server/[phone]/lb-phone/ui/dist/assets/img/backgrounds/default/cloud8.jpg,_REVIEW_THIRD_PARTY/phone/lb-phone/ui/dist/assets/img/backgrounds/default/cloud8.jpg,48514,third-party-license-review
server/[phone]/lb-phone/ui/dist/assets/img/backgrounds/default/wallpaper16.jpg,_REVIEW_THIRD_PARTY/phone/lb-phone/ui/dist/assets/img/backgrounds/default/wallpaper16.jpg,74725,third-party-license-review
server/[phone]/lb-phone/ui/dist/assets/img/backgrounds/default/mountain_02.jpg,_REVIEW_THIRD_PARTY/phone/lb-phone/ui/dist/assets/img/backgrounds/default/mountain_02.jpg,210039,third-party-license-review
server/[phone]/lb-phone/ui/dist/assets/img/backgrounds/default/yacht.jpg,_REVIEW_THIRD_PARTY/phone/lb-phone/ui/dist/assets/img/backgrounds/default/yacht.jpg,309857,third-party-license-review
server/[phone]/lb-phone/ui/dist/assets/img/backgrounds/default/wallpaper11.jpg,_REVIEW_THIRD_PARTY/phone/lb-phone/ui/dist/assets/img/backgrounds/default/wallpaper11.jpg,78442,third-party-license-review
server/[phone]/lb-phone/ui/dist/assets/img/backgrounds/default/police.jpg,_REVIEW_THIRD_PARTY/phone/lb-phone/ui/dist/assets/img/backgrounds/default/police.jpg,153025,third-party-license-review
server/[phone]/lb-phone/ui/dist/assets/img/backgrounds/default/cloud12.jpg,_REVIEW_THIRD_PARTY/phone/lb-phone/ui/dist/assets/img/backgrounds/default/cloud12.jpg,44895,third-party-license-review
server/[phone]/lb-phone/ui/dist/assets/img/backgrounds/default/mountain_04.jpg,_REVIEW_THIRD_PARTY/phone/lb-phone/ui/dist/assets/img/backgrounds/default/mountain_04.jpg,331218,third-party-license-review
server/[phone]/lb-phone/ui/dist/assets/img/backgrounds/default/rose3.jpg,_REVIEW_THIRD_PARTY/phone/lb-phone/ui/dist/assets/img/backgrounds/default/rose3.jpg,87773,third-party-license-review
server/[phone]/lb-phone/ui/dist/assets/img/backgrounds/default/wallpaper4.jpg,_REVIEW_THIRD_PARTY/phone/lb-phone/ui/dist/assets/img/backgrounds/default/wallpaper4.jpg,45591,third-party-license-review
server/[phone]/lb-phone/ui/dist/assets/img/backgrounds/default/mountain_03.jpg,_REVIEW_THIRD_PARTY/phone/lb-phone/ui/dist/assets/img/backgrounds/default/mountain_03.jpg,137620,third-party-license-review
server/[phone]/lb-phone/ui/dist/assets/img/backgrounds/default/underwater.jpg,_REVIEW_THIRD_PARTY/phone/lb-phone/ui/dist/assets/img/backgrounds/default/underwater.jpg,148946,third-party-license-review
server/[phone]/lb-phone/ui/dist/assets/img/backgrounds/default/wallpaper21.jpg,_REVIEW_THIRD_PARTY/phone/lb-phone/ui/dist/assets/img/backgrounds/default/wallpaper21.jpg,39638,third-party-license-review
server/[phone]/lb-phone/ui/dist/assets/img/no-pfp.png,_REVIEW_THIRD_PARTY/phone/lb-phone/ui/dist/assets/img/no-pfp.png,3094,third-party-license-review
server/[phone]/lb-phone/ui/dist/assets/img/avatar-placeholder-light.svg,_REVIEW_THIRD_PARTY/phone/lb-phone/ui/dist/assets/img/avatar-placeholder-light.svg,897,third-party-license-review
server/[phone]/lb-phone/ui/dist/assets/img/lbos.webp,_REVIEW_THIRD_PARTY/phone/lb-phone/ui/dist/assets/img/lbos.webp,9808,third-party-license-review
server/[phone]/lb-phone/ui/dist/assets/img/light-mode-placeholder.webp,_REVIEW_THIRD_PARTY/phone/lb-phone/ui/dist/assets/img/light-mode-placeholder.webp,36844,third-party-license-review
server/[phone]/lb-phone/ui/dist/assets/img/blacklogo.png,_REVIEW_THIRD_PARTY/phone/lb-phone/ui/dist/assets/img/blacklogo.png,6385,third-party-license-review
server/[phone]/lb-phone/ui/dist/assets/img/transparent-logo.svg,_REVIEW_THIRD_PARTY/phone/lb-phone/ui/dist/assets/img/transparent-logo.svg,4414,third-party-license-review
server/[phone]/lb-phone/ui/dist/assets/img/icons/picker.png,_REVIEW_THIRD_PARTY/phone/lb-phone/ui/dist/assets/img/icons/picker.png,432402,third-party-license-review
server/[phone]/lb-phone/ui/dist/assets/img/icons/setup/faceUnlock.png,_REVIEW_THIRD_PARTY/phone/lb-phone/ui/dist/assets/img/icons/setup/faceUnlock.png,9611,third-party-license-review
server/[phone]/lb-phone/ui/dist/assets/img/icons/setup/theme.svg,_REVIEW_THIRD_PARTY/phone/lb-phone/ui/dist/assets/img/icons/setup/theme.svg,1806,third-party-license-review
server/[phone]/lb-phone/ui/dist/assets/img/icons/setup/lock.svg,_REVIEW_THIRD_PARTY/phone/lb-phone/ui/dist/assets/img/icons/setup/lock.svg,842,third-party-license-review
server/[phone]/lb-phone/ui/dist/assets/img/icons/appstore/appimages/Music/2.webp,_REVIEW_THIRD_PARTY/phone/lb-phone/ui/dist/assets/img/icons/appstore/appimages/Music/2.webp,9084,third-party-license-review
server/[phone]/lb-phone/ui/dist/assets/img/icons/appstore/appimages/Music/1.webp,_REVIEW_THIRD_PARTY/phone/lb-phone/ui/dist/assets/img/icons/appstore/appimages/Music/1.webp,9572,third-party-license-review
server/[phone]/lb-phone/ui/dist/assets/img/icons/appstore/appimages/DarkChat/3.webp,_REVIEW_THIRD_PARTY/phone/lb-phone/ui/dist/assets/img/icons/appstore/appimages/DarkChat/3.webp,13456,third-party-license-review
server/[phone]/lb-phone/ui/dist/assets/img/icons/appstore/appimages/DarkChat/2.webp,_REVIEW_THIRD_PARTY/phone/lb-phone/ui/dist/assets/img/icons/appstore/appimages/DarkChat/2.webp,14008,third-party-license-review
server/[phone]/lb-phone/ui/dist/assets/img/icons/appstore/appimages/DarkChat/4.webp,_REVIEW_THIRD_PARTY/phone/lb-phone/ui/dist/assets/img/icons/appstore/appimages/DarkChat/4.webp,10212,third-party-license-review
server/[phone]/lb-phone/ui/dist/assets/img/icons/appstore/appimages/DarkChat/1.webp,_REVIEW_THIRD_PARTY/phone/lb-phone/ui/dist/assets/img/icons/appstore/appimages/DarkChat/1.webp,11692,third-party-license-review
server/[phone]/lb-phone/ui/dist/assets/img/icons/appstore/appimages/Instagram/5.webp,_REVIEW_THIRD_PARTY/phone/lb-phone/ui/dist/assets/img/icons/appstore/appimages/Instagram/5.webp,39340,third-party-license-review
server/[phone]/lb-phone/ui/dist/assets/img/icons/appstore/appimages/Instagram/3.webp,_REVIEW_THIRD_PARTY/phone/lb-phone/ui/dist/assets/img/icons/appstore/appimages/Instagram/3.webp,61550,third-party-license-review
server/[phone]/lb-phone/ui/dist/assets/img/icons/appstore/appimages/Instagram/7.webp,_REVIEW_THIRD_PARTY/phone/lb-phone/ui/dist/assets/img/icons/appstore/appimages/Instagram/7.webp,27168,third-party-license-review
server/[phone]/lb-phone/ui/dist/assets/img/icons/appstore/appimages/Instagram/6.webp,_REVIEW_THIRD_PARTY/phone/lb-phone/ui/dist/assets/img/icons/appstore/appimages/Instagram/6.webp,27032,third-party-license-review
server/[phone]/lb-phone/ui/dist/assets/img/icons/appstore/appimages/Instagram/2.webp,_REVIEW_THIRD_PARTY/phone/lb-phone/ui/dist/assets/img/icons/appstore/appimages/Instagram/2.webp,56954,third-party-license-review
server/[phone]/lb-phone/ui/dist/assets/img/icons/appstore/appimages/Instagram/4.webp,_REVIEW_THIRD_PARTY/phone/lb-phone/ui/dist/assets/img/icons/appstore/appimages/Instagram/4.webp,39504,third-party-license-review
server/[phone]/lb-phone/ui/dist/assets/img/icons/appstore/appimages/Instagram/1.webp,_REVIEW_THIRD_PARTY/phone/lb-phone/ui/dist/assets/img/icons/appstore/appimages/Instagram/1.webp,49732,third-party-license-review
server/[phone]/lb-phone/ui/dist/assets/img/icons/appstore/appimages/TikTok/1.webp,_REVIEW_THIRD_PARTY/phone/lb-phone/ui/dist/assets/img/icons/appstore/appimages/TikTok/1.webp,62526,third-party-license-review
server/[phone]/lb-phone/ui/dist/assets/img/icons/appstore/appimages/Crypto/2.webp,_REVIEW_THIRD_PARTY/phone/lb-phone/ui/dist/assets/img/icons/appstore/appimages/Crypto/2.webp,33882,third-party-license-review
server/[phone]/lb-phone/ui/dist/assets/img/icons/appstore/appimages/Crypto/1.webp,_REVIEW_THIRD_PARTY/phone/lb-phone/ui/dist/assets/img/icons/appstore/appimages/Crypto/1.webp,35326,third-party-license-review
server/[phone]/lb-phone/ui/dist/assets/img/icons/appstore/appimages/YellowPages/2.webp,_REVIEW_THIRD_PARTY/phone/lb-phone/ui/dist/assets/img/icons/appstore/appimages/YellowPages/2.webp,37248,third-party-license-review
server/[phone]/lb-phone/ui/dist/assets/img/icons/appstore/appimages/YellowPages/1.webp,_REVIEW_THIRD_PARTY/phone/lb-phone/ui/dist/assets/img/icons/appstore/appimages/YellowPages/1.webp,39924,third-party-license-review
server/[phone]/lb-phone/ui/dist/assets/img/icons/appstore/appimages/MarketPlace/3.webp,_REVIEW_THIRD_PARTY/phone/lb-phone/ui/dist/assets/img/icons/appstore/appimages/MarketPlace/3.webp,56560,third-party-license-review
server/[phone]/lb-phone/ui/dist/assets/img/icons/appstore/appimages/MarketPlace/2.webp,_REVIEW_THIRD_PARTY/phone/lb-phone/ui/dist/assets/img/icons/appstore/appimages/MarketPlace/2.webp,48438,third-party-license-review
server/[phone]/lb-phone/ui/dist/assets/img/icons/appstore/appimages/MarketPlace/4.webp,_REVIEW_THIRD_PARTY/phone/lb-phone/ui/dist/assets/img/icons/appstore/appimages/MarketPlace/4.webp,61592,third-party-license-review
server/[phone]/lb-phone/ui/dist/assets/img/icons/appstore/appimages/MarketPlace/1.webp,_REVIEW_THIRD_PARTY/phone/lb-phone/ui/dist/assets/img/icons/appstore/appimages/MarketPlace/1.webp,50498,third-party-license-review
server/[phone]/lb-phone/ui/dist/assets/img/icons/appstore/appimages/Twitter/5.webp,_REVIEW_THIRD_PARTY/phone/lb-phone/ui/dist/assets/img/icons/appstore/appimages/Twitter/5.webp,12452,third-party-license-review
server/[phone]/lb-phone/ui/dist/assets/img/icons/appstore/appimages/Twitter/3.webp,_REVIEW_THIRD_PARTY/phone/lb-phone/ui/dist/assets/img/icons/appstore/appimages/Twitter/3.webp,34256,third-party-license-review
server/[phone]/lb-phone/ui/dist/assets/img/icons/appstore/appimages/Twitter/7.webp,_REVIEW_THIRD_PARTY/phone/lb-phone/ui/dist/assets/img/icons/appstore/appimages/Twitter/7.webp,20856,third-party-license-review
server/[phone]/lb-phone/ui/dist/assets/img/icons/appstore/appimages/Twitter/6.webp,_REVIEW_THIRD_PARTY/phone/lb-phone/ui/dist/assets/img/icons/appstore/appimages/Twitter/6.webp,11498,third-party-license-review
server/[phone]/lb-phone/ui/dist/assets/img/icons/appstore/appimages/Twitter/2.webp,_REVIEW_THIRD_PARTY/phone/lb-phone/ui/dist/assets/img/icons/appstore/appimages/Twitter/2.webp,26520,third-party-license-review
server/[phone]/lb-phone/ui/dist/assets/img/icons/appstore/appimages/Twitter/4.webp,_REVIEW_THIRD_PARTY/phone/lb-phone/ui/dist/assets/img/icons/appstore/appimages/Twitter/4.webp,35750,third-party-license-review
server/[phone]/lb-phone/ui/dist/assets/img/icons/appstore/appimages/Twitter/1.webp,_REVIEW_THIRD_PARTY/phone/lb-phone/ui/dist/assets/img/icons/appstore/appimages/Twitter/1.webp,25492,third-party-license-review
server/[phone]/lb-phone/ui/dist/assets/img/icons/appstore/appimages/Twitter/8.webp,_REVIEW_THIRD_PARTY/phone/lb-phone/ui/dist/assets/img/icons/appstore/appimages/Twitter/8.webp,20816,third-party-license-review
server/[phone]/lb-phone/ui/dist/assets/img/icons/appstore/appimages/Tinder/5.webp,_REVIEW_THIRD_PARTY/phone/lb-phone/ui/dist/assets/img/icons/appstore/appimages/Tinder/5.webp,16060,third-party-license-review
server/[phone]/lb-phone/ui/dist/assets/img/icons/appstore/appimages/Tinder/3.webp,_REVIEW_THIRD_PARTY/phone/lb-phone/ui/dist/assets/img/icons/appstore/appimages/Tinder/3.webp,38346,third-party-license-review
server/[phone]/lb-phone/ui/dist/assets/img/icons/appstore/appimages/Tinder/2.webp,_REVIEW_THIRD_PARTY/phone/lb-phone/ui/dist/assets/img/icons/appstore/appimages/Tinder/2.webp,30596,third-party-license-review
server/[phone]/lb-phone/ui/dist/assets/img/icons/appstore/appimages/Tinder/4.webp,_REVIEW_THIRD_PARTY/phone/lb-phone/ui/dist/assets/img/icons/appstore/appimages/Tinder/4.webp,15922,third-party-license-review
server/[phone]/lb-phone/ui/dist/assets/img/icons/appstore/appimages/Tinder/1.webp,_REVIEW_THIRD_PARTY/phone/lb-phone/ui/dist/assets/img/icons/appstore/appimages/Tinder/1.webp,45372,third-party-license-review
server/[phone]/lb-phone/ui/dist/assets/img/icons/weather/rain.png,_REVIEW_THIRD_PARTY/phone/lb-phone/ui/dist/assets/img/icons/weather/rain.png,3420,third-party-license-review
server/[phone]/lb-phone/ui/dist/assets/img/icons/weather/drizzle.png,_REVIEW_THIRD_PARTY/phone/lb-phone/ui/dist/assets/img/icons/weather/drizzle.png,3053,third-party-license-review
server/[phone]/lb-phone/ui/dist/assets/img/icons/weather/thunder.png,_REVIEW_THIRD_PARTY/phone/lb-phone/ui/dist/assets/img/icons/weather/thunder.png,2922,third-party-license-review
server/[phone]/lb-phone/ui/dist/assets/img/icons/weather/snow.png,_REVIEW_THIRD_PARTY/phone/lb-phone/ui/dist/assets/img/icons/weather/snow.png,4984,third-party-license-review
server/[phone]/lb-phone/ui/dist/assets/img/icons/weather/windy.png,_REVIEW_THIRD_PARTY/phone/lb-phone/ui/dist/assets/img/icons/weather/windy.png,3557,third-party-license-review
server/[phone]/lb-phone/ui/dist/assets/img/icons/weather/cloudy.png,_REVIEW_THIRD_PARTY/phone/lb-phone/ui/dist/assets/img/icons/weather/cloudy.png,2097,third-party-license-review
server/[phone]/lb-phone/ui/dist/assets/img/icons/weather/tornado.png,_REVIEW_THIRD_PARTY/phone/lb-phone/ui/dist/assets/img/icons/weather/tornado.png,3570,third-party-license-review
server/[phone]/lb-phone/ui/dist/assets/img/icons/weather/sunny.png,_REVIEW_THIRD_PARTY/phone/lb-phone/ui/dist/assets/img/icons/weather/sunny.png,2350,third-party-license-review
server/[phone]/lb-phone/ui/dist/assets/img/icons/weather/fog.png,_REVIEW_THIRD_PARTY/phone/lb-phone/ui/dist/assets/img/icons/weather/fog.png,2448,third-party-license-review
server/[phone]/lb-phone/ui/dist/assets/img/icons/weather/wind.png,_REVIEW_THIRD_PARTY/phone/lb-phone/ui/dist/assets/img/icons/weather/wind.png,3602,third-party-license-review
server/[phone]/lb-phone/ui/dist/assets/img/icons/weather/partly-cloudy-sunny.png,_REVIEW_THIRD_PARTY/phone/lb-phone/ui/dist/assets/img/icons/weather/partly-cloudy-sunny.png,3101,third-party-license-review
server/[phone]/lb-phone/ui/dist/assets/img/icons/weather/night.png,_REVIEW_THIRD_PARTY/phone/lb-phone/ui/dist/assets/img/icons/weather/night.png,3699,third-party-license-review
server/[phone]/lb-phone/ui/dist/assets/img/icons/weather/partly-cloudy-night.png,_REVIEW_THIRD_PARTY/phone/lb-phone/ui/dist/assets/img/icons/weather/partly-cloudy-night.png,3294,third-party-license-review
server/[phone]/lb-phone/ui/dist/assets/img/icons/weather/heavy-rain.png,_REVIEW_THIRD_PARTY/phone/lb-phone/ui/dist/assets/img/icons/weather/heavy-rain.png,3689,third-party-license-review
server/[phone]/lb-phone/ui/dist/assets/img/icons/music/unknown.png,_REVIEW_THIRD_PARTY/phone/lb-phone/ui/dist/assets/img/icons/music/unknown.png,724,third-party-license-review
server/[phone]/lb-phone/ui/dist/assets/img/icons/apps/Cryptopng.png,_REVIEW_THIRD_PARTY/phone/lb-phone/ui/dist/assets/img/icons/apps/Cryptopng.png,19910,third-party-license-review
server/[phone]/lb-phone/ui/dist/assets/img/icons/apps/Music.jpg,_REVIEW_THIRD_PARTY/phone/lb-phone/ui/dist/assets/img/icons/apps/Music.jpg,19926,third-party-license-review
server/[phone]/lb-phone/ui/dist/assets/img/icons/apps/Settings.jpg,_REVIEW_THIRD_PARTY/phone/lb-phone/ui/dist/assets/img/icons/apps/Settings.jpg,22332,third-party-license-review
server/[phone]/lb-phone/ui/dist/assets/img/icons/apps/Weather.jpg,_REVIEW_THIRD_PARTY/phone/lb-phone/ui/dist/assets/img/icons/apps/Weather.jpg,19609,third-party-license-review
server/[phone]/lb-phone/ui/dist/assets/img/icons/apps/Garage.jpg,_REVIEW_THIRD_PARTY/phone/lb-phone/ui/dist/assets/img/icons/apps/Garage.jpg,19706,third-party-license-review
server/[phone]/lb-phone/ui/dist/assets/img/icons/apps/AppStore.jpg,_REVIEW_THIRD_PARTY/phone/lb-phone/ui/dist/assets/img/icons/apps/AppStore.jpg,21376,third-party-license-review
server/[phone]/lb-phone/ui/dist/assets/img/icons/apps/Messages.jpg,_REVIEW_THIRD_PARTY/phone/lb-phone/ui/dist/assets/img/icons/apps/Messages.jpg,16974,third-party-license-review
server/[phone]/lb-phone/ui/dist/assets/img/icons/apps/Phone.jpg,_REVIEW_THIRD_PARTY/phone/lb-phone/ui/dist/assets/img/icons/apps/Phone.jpg,17240,third-party-license-review
server/[phone]/lb-phone/ui/dist/assets/img/icons/apps/FaceTime.jpg,_REVIEW_THIRD_PARTY/phone/lb-phone/ui/dist/assets/img/icons/apps/FaceTime.jpg,16003,third-party-license-review
server/[phone]/lb-phone/ui/dist/assets/img/icons/apps/VoiceMemo.jpg,_REVIEW_THIRD_PARTY/phone/lb-phone/ui/dist/assets/img/icons/apps/VoiceMemo.jpg,16815,third-party-license-review
server/[phone]/lb-phone/ui/dist/assets/img/icons/apps/YellowPages.jpg,_REVIEW_THIRD_PARTY/phone/lb-phone/ui/dist/assets/img/icons/apps/YellowPages.jpg,23277,third-party-license-review
server/[phone]/lb-phone/ui/dist/assets/img/icons/apps/Wallet.jpg,_REVIEW_THIRD_PARTY/phone/lb-phone/ui/dist/assets/img/icons/apps/Wallet.jpg,17096,third-party-license-review
server/[phone]/lb-phone/ui/dist/assets/img/icons/apps/Photos.jpg,_REVIEW_THIRD_PARTY/phone/lb-phone/ui/dist/assets/img/icons/apps/Photos.jpg,20942,third-party-license-review
server/[phone]/lb-phone/ui/dist/assets/img/icons/apps/Crypto.jpg,_REVIEW_THIRD_PARTY/phone/lb-phone/ui/dist/assets/img/icons/apps/Crypto.jpg,18173,third-party-license-review
server/[phone]/lb-phone/ui/dist/assets/img/icons/apps/unkown.png,_REVIEW_THIRD_PARTY/phone/lb-phone/ui/dist/assets/img/icons/apps/unkown.png,25609,third-party-license-review
server/[phone]/lb-phone/ui/dist/assets/img/icons/apps/Trendy.jpg,_REVIEW_THIRD_PARTY/phone/lb-phone/ui/dist/assets/img/icons/apps/Trendy.jpg,17681,third-party-license-review
server/[phone]/lb-phone/ui/dist/assets/img/icons/apps/Home.jpg,_REVIEW_THIRD_PARTY/phone/lb-phone/ui/dist/assets/img/icons/apps/Home.jpg,16486,third-party-license-review
server/[phone]/lb-phone/ui/dist/assets/img/icons/apps/Health.jpg,_REVIEW_THIRD_PARTY/phone/lb-phone/ui/dist/assets/img/icons/apps/Health.jpg,13961,third-party-license-review
server/[phone]/lb-phone/ui/dist/assets/img/icons/apps/Maps.jpg,_REVIEW_THIRD_PARTY/phone/lb-phone/ui/dist/assets/img/icons/apps/Maps.jpg,22704,third-party-license-review
server/[phone]/lb-phone/ui/dist/assets/img/icons/apps/Notes.jpg,_REVIEW_THIRD_PARTY/phone/lb-phone/ui/dist/assets/img/icons/apps/Notes.jpg,14166,third-party-license-review
server/[phone]/lb-phone/ui/dist/assets/img/icons/apps/Safari.jpg,_REVIEW_THIRD_PARTY/phone/lb-phone/ui/dist/assets/img/icons/apps/Safari.jpg,21795,third-party-license-review
server/[phone]/lb-phone/ui/dist/assets/img/icons/apps/Birdy.jpg,_REVIEW_THIRD_PARTY/phone/lb-phone/ui/dist/assets/img/icons/apps/Birdy.jpg,16803,third-party-license-review
server/[phone]/lb-phone/ui/dist/assets/img/icons/apps/Racing.jpg,_REVIEW_THIRD_PARTY/phone/lb-phone/ui/dist/assets/img/icons/apps/Racing.jpg,10803,third-party-license-review
server/[phone]/lb-phone/ui/dist/assets/img/icons/apps/Camera.jpg,_REVIEW_THIRD_PARTY/phone/lb-phone/ui/dist/assets/img/icons/apps/Camera.jpg,15091,third-party-license-review
server/[phone]/lb-phone/ui/dist/assets/img/icons/apps/InstaPic.jpg,_REVIEW_THIRD_PARTY/phone/lb-phone/ui/dist/assets/img/icons/apps/InstaPic.jpg,18185,third-party-license-review
server/[phone]/lb-phone/ui/dist/assets/img/icons/apps/MarketPlace.jpg,_REVIEW_THIRD_PARTY/phone/lb-phone/ui/dist/assets/img/icons/apps/MarketPlace.jpg,17573,third-party-license-review
server/[phone]/lb-phone/ui/dist/assets/img/icons/apps/Clock.jpg,_REVIEW_THIRD_PARTY/phone/lb-phone/ui/dist/assets/img/icons/apps/Clock.jpg,21832,third-party-license-review
server/[phone]/lb-phone/ui/dist/assets/img/icons/apps/DarkChat.jpg,_REVIEW_THIRD_PARTY/phone/lb-phone/ui/dist/assets/img/icons/apps/DarkChat.jpg,13906,third-party-license-review
server/[phone]/lb-phone/ui/dist/assets/img/icons/apps/Mail.jpg,_REVIEW_THIRD_PARTY/phone/lb-phone/ui/dist/assets/img/icons/apps/Mail.jpg,20721,third-party-license-review
server/[phone]/lb-phone/ui/dist/assets/img/icons/apps/Spark.jpg,_REVIEW_THIRD_PARTY/phone/lb-phone/ui/dist/assets/img/icons/apps/Spark.jpg,17518,third-party-license-review
server/[phone]/lb-phone/ui/dist/assets/img/icons/apps/Browser.jpg,_REVIEW_THIRD_PARTY/phone/lb-phone/ui/dist/assets/img/icons/apps/Browser.jpg,21795,third-party-license-review
server/[phone]/lb-phone/ui/dist/assets/img/icons/apps/Calculator.jpg,_REVIEW_THIRD_PARTY/phone/lb-phone/ui/dist/assets/img/icons/apps/Calculator.jpg,17653,third-party-license-review
server/[phone]/lb-phone/ui/dist/assets/img/icons/apps/Services.jpg,_REVIEW_THIRD_PARTY/phone/lb-phone/ui/dist/assets/img/icons/apps/Services.jpg,27159,third-party-license-review
server/[phone]/lb-phone/ui/dist/assets/img/icons/messages/gallery.png,_REVIEW_THIRD_PARTY/phone/lb-phone/ui/dist/assets/img/icons/messages/gallery.png,1698,third-party-license-review
server/[phone]/lb-phone/ui/dist/assets/img/icons/twitter/banner.png,_REVIEW_THIRD_PARTY/phone/lb-phone/ui/dist/assets/img/icons/twitter/banner.png,11999,third-party-license-review
server/[phone]/lb-phone/ui/dist/assets/img/icons/twitter/heart.svg,_REVIEW_THIRD_PARTY/phone/lb-phone/ui/dist/assets/img/icons/twitter/heart.svg,1162,third-party-license-review
server/[phone]/lb-phone/ui/dist/assets/img/icons/twitter/logo.png,_REVIEW_THIRD_PARTY/phone/lb-phone/ui/dist/assets/img/icons/twitter/logo.png,33297,third-party-license-review
server/[phone]/lb-phone/ui/dist/assets/img/icons/crypto/coins/lbc.webp,_REVIEW_THIRD_PARTY/phone/lb-phone/ui/dist/assets/img/icons/crypto/coins/lbc.webp,2676,third-party-license-review
server/[phone]/lb-phone/ui/dist/assets/img/icons/tinder/logo-white.svg,_REVIEW_THIRD_PARTY/phone/lb-phone/ui/dist/assets/img/icons/tinder/logo-white.svg,1780,third-party-license-review
server/[phone]/lb-phone/ui/dist/assets/img/icons/tinder/match.png,_REVIEW_THIRD_PARTY/phone/lb-phone/ui/dist/assets/img/icons/tinder/match.png,95158,third-party-license-review
server/[phone]/lb-phone/ui/dist/assets/img/icons/tinder/logo.svg,_REVIEW_THIRD_PARTY/phone/lb-phone/ui/dist/assets/img/icons/tinder/logo.svg,2044,third-party-license-review
server/[phone]/lb-phone/ui/dist/assets/img/icons/warning.png,_REVIEW_THIRD_PARTY/phone/lb-phone/ui/dist/assets/img/icons/warning.png,70454,third-party-license-review
server/[phone]/lb-phone/ui/dist/assets/img/icons/danger.png,_REVIEW_THIRD_PARTY/phone/lb-phone/ui/dist/assets/img/icons/danger.png,72100,third-party-license-review
server/[phone]/lb-phone/ui/dist/assets/img/icons/instagram/StoryCircle.svg,_REVIEW_THIRD_PARTY/phone/lb-phone/ui/dist/assets/img/icons/instagram/StoryCircle.svg,462,third-party-license-review
server/[phone]/lb-phone/ui/dist/assets/img/icons/instagram/LiveCircle.svg,_REVIEW_THIRD_PARTY/phone/lb-phone/ui/dist/assets/img/icons/instagram/LiveCircle.svg,1235,third-party-license-review
server/[phone]/lb-phone/ui/dist/assets/img/icons/instagram/icon.svg,_REVIEW_THIRD_PARTY/phone/lb-phone/ui/dist/assets/img/icons/instagram/icon.svg,418,third-party-license-review
server/[phone]/lb-phone/ui/dist/assets/img/icons/instagram/Verified.svg,_REVIEW_THIRD_PARTY/phone/lb-phone/ui/dist/assets/img/icons/instagram/Verified.svg,546,third-party-license-review
server/[phone]/lb-phone/ui/dist/assets/img/icons/instagram/logo.png,_REVIEW_THIRD_PARTY/phone/lb-phone/ui/dist/assets/img/icons/instagram/logo.png,57397,third-party-license-review
server/[phone]/lb-phone/ui/dist/assets/img/icons/maps/pin.svg,_REVIEW_THIRD_PARTY/phone/lb-phone/ui/dist/assets/img/icons/maps/pin.svg,194,third-party-license-review
server/[phone]/lb-phone/ui/dist/assets/img/icons/maps/mappin.png,_REVIEW_THIRD_PARTY/phone/lb-phone/ui/dist/assets/img/icons/maps/mappin.png,15682,third-party-license-review
server/[phone]/lb-phone/ui/dist/assets/img/dark-mode-placeholder.webp,_REVIEW_THIRD_PARTY/phone/lb-phone/ui/dist/assets/img/dark-mode-placeholder.webp,34540,third-party-license-review
server/[phone]/lb-phone/ui/dist/assets/img/placeholder-dark.svg,_REVIEW_THIRD_PARTY/phone/lb-phone/ui/dist/assets/img/placeholder-dark.svg,1524,third-party-license-review
server/[phone]/lb-phone/ui/dist/assets/img/avatar-placeholder-dark.svg,_REVIEW_THIRD_PARTY/phone/lb-phone/ui/dist/assets/img/avatar-placeholder-dark.svg,899,third-party-license-review
server/[phone]/lb-phone/ui/dist/assets/img/placeholder-light.svg,_REVIEW_THIRD_PARTY/phone/lb-phone/ui/dist/assets/img/placeholder-light.svg,1524,third-party-license-review
server/[phone]/lb-phone/ui/dist/assets/img/card.png,_REVIEW_THIRD_PARTY/phone/lb-phone/ui/dist/assets/img/card.png,78504,third-party-license-review
server/[phone]/lb-phone/phone.png,_REVIEW_THIRD_PARTY/phone/lb-phone/phone.png,113896,third-party-license-review
server/[phone]/hex_lb_radioapp/dist/img/phone_funk/bg.png,_REVIEW_THIRD_PARTY/phone/hex_lb_radioapp/dist/img/phone_funk/bg.png,275109,third-party-license-review
server/[phone]/hex_lb_radioapp/dist/css/fonts/SFPRODISPLAYSEMIBOLDITALIC.OTF,_REVIEW_THIRD_PARTY/phone/hex_lb_radioapp/dist/css/fonts/SFPRODISPLAYSEMIBOLDITALIC.OTF,159876,third-party-license-review
server/[phone]/hex_lb_radioapp/dist/css/fonts/SFPRODISPLAYHEAVYITALIC.OTF,_REVIEW_THIRD_PARTY/phone/hex_lb_radioapp/dist/css/fonts/SFPRODISPLAYHEAVYITALIC.OTF,159628,third-party-license-review
server/[phone]/hex_lb_radioapp/dist/css/fonts/SFPRODISPLAYBLACKITALIC.OTF,_REVIEW_THIRD_PARTY/phone/hex_lb_radioapp/dist/css/fonts/SFPRODISPLAYBLACKITALIC.OTF,146416,third-party-license-review
server/[phone]/hex_lb_radioapp/dist/css/fonts/SFPRODISPLAYTHINITALIC.OTF,_REVIEW_THIRD_PARTY/phone/hex_lb_radioapp/dist/css/fonts/SFPRODISPLAYTHINITALIC.OTF,157916,third-party-license-review
server/[phone]/hex_lb_radioapp/dist/css/fonts/SFPRODISPLAYBOLD.OTF,_REVIEW_THIRD_PARTY/phone/hex_lb_radioapp/dist/css/fonts/SFPRODISPLAYBOLD.OTF,334728,third-party-license-review
server/[phone]/hex_lb_radioapp/dist/css/fonts/SFPRODISPLAYULTRALIGHTITALIC.OTF,_REVIEW_THIRD_PARTY/phone/hex_lb_radioapp/dist/css/fonts/SFPRODISPLAYULTRALIGHTITALIC.OTF,156760,third-party-license-review
server/[phone]/hex_lb_radioapp/dist/css/fonts/SFPRODISPLAYMEDIUM.OTF,_REVIEW_THIRD_PARTY/phone/hex_lb_radioapp/dist/css/fonts/SFPRODISPLAYMEDIUM.OTF,335512,third-party-license-review
server/[phone]/hex_lb_radioapp/dist/css/fonts/SFPRODISPLAYREGULAR.OTF,_REVIEW_THIRD_PARTY/phone/hex_lb_radioapp/dist/css/fonts/SFPRODISPLAYREGULAR.OTF,298944,third-party-license-review
server/[phone]/hex_lb_radioapp/dist/css/fonts/SFPRODISPLAYLIGHTITALIC.OTF,_REVIEW_THIRD_PARTY/phone/hex_lb_radioapp/dist/css/fonts/SFPRODISPLAYLIGHTITALIC.OTF,158892,third-party-license-review
server/[phone]/hex_lb_dispatchapp/dist/img/phone_dispatch/doj.png,_REVIEW_THIRD_PARTY/phone/hex_lb_dispatchapp/dist/img/phone_dispatch/doj.png,30285,third-party-license-review
server/[phone]/hex_lb_dispatchapp/dist/img/phone_dispatch/police.png,_REVIEW_THIRD_PARTY/phone/hex_lb_dispatchapp/dist/img/phone_dispatch/police.png,351383,third-party-license-review
server/[phone]/hex_lb_dispatchapp/dist/img/phone_dispatch/bg.png,_REVIEW_THIRD_PARTY/phone/hex_lb_dispatchapp/dist/img/phone_dispatch/bg.png,123690,third-party-license-review
server/[phone]/hex_lb_dispatchapp/dist/img/phone_dispatch/lsc.png,_REVIEW_THIRD_PARTY/phone/hex_lb_dispatchapp/dist/img/phone_dispatch/lsc.png,219013,third-party-license-review
server/[phone]/hex_lb_dispatchapp/dist/img/phone_dispatch/ambulance.png,_REVIEW_THIRD_PARTY/phone/hex_lb_dispatchapp/dist/img/phone_dispatch/ambulance.png,263146,third-party-license-review
server/[phone]/hex_lb_dispatchapp/dist/img/phone_dispatch/sheriff.png,_REVIEW_THIRD_PARTY/phone/hex_lb_dispatchapp/dist/img/phone_dispatch/sheriff.png,401636,third-party-license-review
server/[phone]/hex_lb_dispatchapp/dist/img/phone_dispatch/fib.png,_REVIEW_THIRD_PARTY/phone/hex_lb_dispatchapp/dist/img/phone_dispatch/fib.png,131315,third-party-license-review
