source_path,cdn_path,bytes,category,jsdelivr_url_template
server/[timeline]/timeline_deathscreen/html/assets/fonts/Purista-Medium.ttf,resources/timeline_deathscreen/html/assets/fonts/Purista-Medium.ttf,46808,timeline-owned-candidate,https://cdn.jsdelivr.net/gh/<GITHUB_USER>/timeline@main/resources/timeline_deathscreen/html/assets/fonts/Purista-Medium.ttf
server/[timeline]/timeline_deathscreen/html/assets/fonts/Purista-SemiBold.ttf,resources/timeline_deathscreen/html/assets/fonts/Purista-SemiBold.ttf,46152,timeline-owned-candidate,https://cdn.jsdelivr.net/gh/<GITHUB_USER>/timeline@main/resources/timeline_deathscreen/html/assets/fonts/Purista-SemiBold.ttf
server/[timeline]/timeline_deathscreen/html/assets/fonts/Purista-BoldItalic.ttf,resources/timeline_deathscreen/html/assets/fonts/Purista-BoldItalic.ttf,47276,timeline-owned-candidate,https://cdn.jsdelivr.net/gh/<GITHUB_USER>/timeline@main/resources/timeline_deathscreen/html/assets/fonts/Purista-BoldItalic.ttf
server/[timeline]/timeline_deathscreen/html/assets/fonts/Purista-Bold.ttf,resources/timeline_deathscreen/html/assets/fonts/Purista-Bold.ttf,44428,timeline-owned-candidate,https://cdn.jsdelivr.net/gh/<GITHUB_USER>/timeline@main/resources/timeline_deathscreen/html/assets/fonts/Purista-Bold.ttf
server/[timeline]/timeline_deathscreen/html/assets/fonts/Purista-Light.ttf,resources/timeline_deathscreen/html/assets/fonts/Purista-Light.ttf,46064,timeline-owned-candidate,https://cdn.jsdelivr.net/gh/<GITHUB_USER>/timeline@main/resources/timeline_deathscreen/html/assets/fonts/Purista-Light.ttf
server/[timeline]/timeline_deathscreen/html/assets/js/script.js,resources/timeline_deathscreen/html/assets/js/script.js,72784,timeline-owned-candidate,https://cdn.jsdelivr.net/gh/<GITHUB_USER>/timeline@main/resources/timeline_deathscreen/html/assets/js/script.js
server/[timeline]/timeline_deathscreen/html/assets/images/body.png,resources/timeline_deathscreen/html/assets/images/body.png,3596619,timeline-owned-candidate,https://cdn.jsdelivr.net/gh/<GITHUB_USER>/timeline@main/resources/timeline_deathscreen/html/assets/images/body.png
server/[timeline]/timeline_deathscreen/html/assets/images/big_skull.png,resources/timeline_deathscreen/html/assets/images/big_skull.png,24659,timeline-owned-candidate,https://cdn.jsdelivr.net/gh/<GITHUB_USER>/timeline@main/resources/timeline_deathscreen/html/assets/images/big_skull.png
server/[timeline]/timeline_deathscreen/html/assets/images/button_bg.png,resources/timeline_deathscreen/html/assets/images/button_bg.png,2146,timeline-owned-candidate,https://cdn.jsdelivr.net/gh/<GITHUB_USER>/timeline@main/resources/timeline_deathscreen/html/assets/images/button_bg.png
server/[timeline]/timeline_deathscreen/html/assets/images/background.png,resources/timeline_deathscreen/html/assets/images/background.png,1111598,timeline-owned-candidate,https://cdn.jsdelivr.net/gh/<GITHUB_USER>/timeline@main/resources/timeline_deathscreen/html/assets/images/background.png
server/[timeline]/timeline_deathscreen/html/assets/images/box_key.png,resources/timeline_deathscreen/html/assets/images/box_key.png,2657,timeline-owned-candidate,https://cdn.jsdelivr.net/gh/<GITHUB_USER>/timeline@main/resources/timeline_deathscreen/html/assets/images/box_key.png
server/[timeline]/timeline_deathscreen/html/assets/images/small_skull.png,resources/timeline_deathscreen/html/assets/images/small_skull.png,3606,timeline-owned-candidate,https://cdn.jsdelivr.net/gh/<GITHUB_USER>/timeline@main/resources/timeline_deathscreen/html/assets/images/small_skull.png
server/[timeline]/timeline_deathscreen/html/assets/css/style.css,resources/timeline_deathscreen/html/assets/css/style.css,0,timeline-owned-candidate,https://cdn.jsdelivr.net/gh/<GITHUB_USER>/timeline@main/resources/timeline_deathscreen/html/assets/css/style.css
server/[timeline]/timeline_deathscreen/html/assets/css/fonts.css,resources/timeline_deathscreen/html/assets/css/fonts.css,444,timeline-owned-candidate,https://cdn.jsdelivr.net/gh/<GITHUB_USER>/timeline@main/resources/timeline_deathscreen/html/assets/css/fonts.css
server/[timeline]/timeline_gameplay/html/assets/svg/banking/bank.svg,resources/timeline_gameplay/html/assets/svg/banking/bank.svg,125299,timeline-owned-candidate,https://cdn.jsdelivr.net/gh/<GITHUB_USER>/timeline@main/resources/timeline_gameplay/html/assets/svg/banking/bank.svg
server/[timeline]/timeline_gameplay/html/assets/svg/banking/einzahlen.svg,resources/timeline_gameplay/html/assets/svg/banking/einzahlen.svg,69904,timeline-owned-candidate,https://cdn.jsdelivr.net/gh/<GITHUB_USER>/timeline@main/resources/timeline_gameplay/html/assets/svg/banking/einzahlen.svg
server/[timeline]/timeline_gameplay/html/assets/svg/banking/auszahlen.svg,resources/timeline_gameplay/html/assets/svg/banking/auszahlen.svg,123803,timeline-owned-candidate,https://cdn.jsdelivr.net/gh/<GITHUB_USER>/timeline@main/resources/timeline_gameplay/html/assets/svg/banking/auszahlen.svg
server/[timeline]/timeline_gameplay/html/assets/svg/banking/card.svg,resources/timeline_gameplay/html/assets/svg/banking/card.svg,5692966,timeline-owned-candidate,https://cdn.jsdelivr.net/gh/<GITHUB_USER>/timeline@main/resources/timeline_gameplay/html/assets/svg/banking/card.svg
server/[timeline]/timeline_gameplay/html/assets/svg/banking/transaction.svg,resources/timeline_gameplay/html/assets/svg/banking/transaction.svg,166579,timeline-owned-candidate,https://cdn.jsdelivr.net/gh/<GITHUB_USER>/timeline@main/resources/timeline_gameplay/html/assets/svg/banking/transaction.svg
server/[timeline]/timeline_gameplay/html/assets/svg/banking/close.svg,resources/timeline_gameplay/html/assets/svg/banking/close.svg,1885,timeline-owned-candidate,https://cdn.jsdelivr.net/gh/<GITHUB_USER>/timeline@main/resources/timeline_gameplay/html/assets/svg/banking/close.svg
server/[timeline]/timeline_gameplay/html/assets/svg/fuel/linear.svg,resources/timeline_gameplay/html/assets/svg/fuel/linear.svg,1184,timeline-owned-candidate,https://cdn.jsdelivr.net/gh/<GITHUB_USER>/timeline@main/resources/timeline_gameplay/html/assets/svg/fuel/linear.svg
server/[timeline]/timeline_gameplay/html/assets/svg/fuel/close.svg,resources/timeline_gameplay/html/assets/svg/fuel/close.svg,1894,timeline-owned-candidate,https://cdn.jsdelivr.net/gh/<GITHUB_USER>/timeline@main/resources/timeline_gameplay/html/assets/svg/fuel/close.svg
server/[timeline]/timeline_gameplay/html/assets/svg/revivestation/medic.svg,resources/timeline_gameplay/html/assets/svg/revivestation/medic.svg,1268,timeline-owned-candidate,https://cdn.jsdelivr.net/gh/<GITHUB_USER>/timeline@main/resources/timeline_gameplay/html/assets/svg/revivestation/medic.svg
server/[timeline]/timeline_gameplay/html/assets/svg/revivestation/doctor.svg,resources/timeline_gameplay/html/assets/svg/revivestation/doctor.svg,131461,timeline-owned-candidate,https://cdn.jsdelivr.net/gh/<GITHUB_USER>/timeline@main/resources/timeline_gameplay/html/assets/svg/revivestation/doctor.svg
server/[timeline]/timeline_gameplay/html/assets/svg/revivestation/hospital.svg,resources/timeline_gameplay/html/assets/svg/revivestation/hospital.svg,86024,timeline-owned-candidate,https://cdn.jsdelivr.net/gh/<GITHUB_USER>/timeline@main/resources/timeline_gameplay/html/assets/svg/revivestation/hospital.svg
server/[timeline]/timeline_gameplay/html/assets/svg/revivestation/close.svg,resources/timeline_gameplay/html/assets/svg/revivestation/close.svg,1894,timeline-owned-candidate,https://cdn.jsdelivr.net/gh/<GITHUB_USER>/timeline@main/resources/timeline_gameplay/html/assets/svg/revivestation/close.svg
server/[timeline]/timeline_gameplay/html/assets/svg/rental/clock.svg,resources/timeline_gameplay/html/assets/svg/rental/clock.svg,1947,timeline-owned-candidate,https://cdn.jsdelivr.net/gh/<GITHUB_USER>/timeline@main/resources/timeline_gameplay/html/assets/svg/rental/clock.svg
server/[timeline]/timeline_gameplay/html/assets/svg/rental/arrow-backward.svg,resources/timeline_gameplay/html/assets/svg/rental/arrow-backward.svg,1033,timeline-owned-candidate,https://cdn.jsdelivr.net/gh/<GITHUB_USER>/timeline@main/resources/timeline_gameplay/html/assets/svg/rental/arrow-backward.svg
server/[timeline]/timeline_gameplay/html/assets/svg/rental/arrow-forward.svg,resources/timeline_gameplay/html/assets/svg/rental/arrow-forward.svg,1067,timeline-owned-candidate,https://cdn.jsdelivr.net/gh/<GITHUB_USER>/timeline@main/resources/timeline_gameplay/html/assets/svg/rental/arrow-forward.svg
server/[timeline]/timeline_gameplay/html/assets/svg/rental/close.svg,resources/timeline_gameplay/html/assets/svg/rental/close.svg,1885,timeline-owned-candidate,https://cdn.jsdelivr.net/gh/<GITHUB_USER>/timeline@main/resources/timeline_gameplay/html/assets/svg/rental/close.svg
server/[timeline]/timeline_gameplay/html/assets/svg/scoreboard/rectangle.svg,resources/timeline_gameplay/html/assets/svg/scoreboard/rectangle.svg,1139,timeline-owned-candidate,https://cdn.jsdelivr.net/gh/<GITHUB_USER>/timeline@main/resources/timeline_gameplay/html/assets/svg/scoreboard/rectangle.svg
server/[timeline]/timeline_gameplay/html/assets/fonts/Akrobat-ExtraBold.otf,resources/timeline_gameplay/html/assets/fonts/Akrobat-ExtraBold.otf,59140,timeline-owned-candidate,https://cdn.jsdelivr.net/gh/<GITHUB_USER>/timeline@main/resources/timeline_gameplay/html/assets/fonts/Akrobat-ExtraBold.otf
server/[timeline]/timeline_gameplay/html/assets/fonts/Akrobat-Bold.otf,resources/timeline_gameplay/html/assets/fonts/Akrobat-Bold.otf,58156,timeline-owned-candidate,https://cdn.jsdelivr.net/gh/<GITHUB_USER>/timeline@main/resources/timeline_gameplay/html/assets/fonts/Akrobat-Bold.otf
server/[timeline]/timeline_gameplay/html/assets/fonts/Akrobat-Regular.otf,resources/timeline_gameplay/html/assets/fonts/Akrobat-Regular.otf,55176,timeline-owned-candidate,https://cdn.jsdelivr.net/gh/<GITHUB_USER>/timeline@main/resources/timeline_gameplay/html/assets/fonts/Akrobat-Regular.otf
server/[timeline]/timeline_gameplay/html/assets/fonts/Akrobat-Light.otf,resources/timeline_gameplay/html/assets/fonts/Akrobat-Light.otf,56676,timeline-owned-candidate,https://cdn.jsdelivr.net/gh/<GITHUB_USER>/timeline@main/resources/timeline_gameplay/html/assets/fonts/Akrobat-Light.otf
server/[timeline]/timeline_gameplay/html/assets/fonts/Akrobat-SemiBold.otf,resources/timeline_gameplay/html/assets/fonts/Akrobat-SemiBold.otf,57912,timeline-owned-candidate,https://cdn.jsdelivr.net/gh/<GITHUB_USER>/timeline@main/resources/timeline_gameplay/html/assets/fonts/Akrobat-SemiBold.otf
server/[timeline]/timeline_gameplay/html/assets/fonts/Akrobat-Black.otf,resources/timeline_gameplay/html/assets/fonts/Akrobat-Black.otf,57600,timeline-owned-candidate,https://cdn.jsdelivr.net/gh/<GITHUB_USER>/timeline@main/resources/timeline_gameplay/html/assets/fonts/Akrobat-Black.otf
server/[timeline]/timeline_gameplay/html/assets/fonts/MrDafoe-Regular.ttf,resources/timeline_gameplay/html/assets/fonts/MrDafoe-Regular.ttf,47976,timeline-owned-candidate,https://cdn.jsdelivr.net/gh/<GITHUB_USER>/timeline@main/resources/timeline_gameplay/html/assets/fonts/MrDafoe-Regular.ttf
server/[timeline]/timeline_gameplay/html/assets/fonts/Akrobat-Thin.otf,resources/timeline_gameplay/html/assets/fonts/Akrobat-Thin.otf,53784,timeline-owned-candidate,https://cdn.jsdelivr.net/gh/<GITHUB_USER>/timeline@main/resources/timeline_gameplay/html/assets/fonts/Akrobat-Thin.otf
server/[timeline]/timeline_gameplay/html/assets/fonts/Akrobat-ExtraLight.otf,resources/timeline_gameplay/html/assets/fonts/Akrobat-ExtraLight.otf,56980,timeline-owned-candidate,https://cdn.jsdelivr.net/gh/<GITHUB_USER>/timeline@main/resources/timeline_gameplay/html/assets/fonts/Akrobat-ExtraLight.otf
server/[timeline]/timeline_gameplay/html/assets/js/script.js,resources/timeline_gameplay/html/assets/js/script.js,42030,timeline-owned-candidate,https://cdn.jsdelivr.net/gh/<GITHUB_USER>/timeline@main/resources/timeline_gameplay/html/assets/js/script.js
server/[timeline]/timeline_gameplay/html/assets/img/fuel/time.png,resources/timeline_gameplay/html/assets/img/fuel/time.png,14029,timeline-owned-candidate,https://cdn.jsdelivr.net/gh/<GITHUB_USER>/timeline@main/resources/timeline_gameplay/html/assets/img/fuel/time.png
server/[timeline]/timeline_gameplay/html/assets/img/deathscreen/shadows.png,resources/timeline_gameplay/html/assets/img/deathscreen/shadows.png,2217328,timeline-owned-candidate,https://cdn.jsdelivr.net/gh/<GITHUB_USER>/timeline@main/resources/timeline_gameplay/html/assets/img/deathscreen/shadows.png
server/[timeline]/timeline_gameplay/html/assets/img/deathscreen/lns.png,resources/timeline_gameplay/html/assets/img/deathscreen/lns.png,12061,timeline-owned-candidate,https://cdn.jsdelivr.net/gh/<GITHUB_USER>/timeline@main/resources/timeline_gameplay/html/assets/img/deathscreen/lns.png
server/[timeline]/timeline_gameplay/html/assets/img/deathscreen/grid.png,resources/timeline_gameplay/html/assets/img/deathscreen/grid.png,63961,timeline-owned-candidate,https://cdn.jsdelivr.net/gh/<GITHUB_USER>/timeline@main/resources/timeline_gameplay/html/assets/img/deathscreen/grid.png
server/[timeline]/timeline_gameplay/html/assets/img/deathscreen/pnts.png,resources/timeline_gameplay/html/assets/img/deathscreen/pnts.png,1002025,timeline-owned-candidate,https://cdn.jsdelivr.net/gh/<GITHUB_USER>/timeline@main/resources/timeline_gameplay/html/assets/img/deathscreen/pnts.png
server/[timeline]/timeline_gameplay/html/assets/img/deathscreen/logo.png,resources/timeline_gameplay/html/assets/img/deathscreen/logo.png,115575,timeline-owned-candidate,https://cdn.jsdelivr.net/gh/<GITHUB_USER>/timeline@main/resources/timeline_gameplay/html/assets/img/deathscreen/logo.png
server/[timeline]/timeline_gameplay/html/assets/img/deathscreen/btn.png,resources/timeline_gameplay/html/assets/img/deathscreen/btn.png,1027,timeline-owned-candidate,https://cdn.jsdelivr.net/gh/<GITHUB_USER>/timeline@main/resources/timeline_gameplay/html/assets/img/deathscreen/btn.png
server/[timeline]/timeline_gameplay/html/assets/img/deathscreen/bxtm.png,resources/timeline_gameplay/html/assets/img/deathscreen/bxtm.png,5402,timeline-owned-candidate,https://cdn.jsdelivr.net/gh/<GITHUB_USER>/timeline@main/resources/timeline_gameplay/html/assets/img/deathscreen/bxtm.png
server/[timeline]/timeline_gameplay/html/assets/img/rental/tornado4.png,resources/timeline_gameplay/html/assets/img/rental/tornado4.png,308730,timeline-owned-candidate,https://cdn.jsdelivr.net/gh/<GITHUB_USER>/timeline@main/resources/timeline_gameplay/html/assets/img/rental/tornado4.png
server/[timeline]/timeline_gameplay/html/assets/img/rental/car.png,resources/timeline_gameplay/html/assets/img/rental/car.png,133500,timeline-owned-candidate,https://cdn.jsdelivr.net/gh/<GITHUB_USER>/timeline@main/resources/timeline_gameplay/html/assets/img/rental/car.png
server/[timeline]/timeline_gameplay/html/assets/img/rental/regina.png,resources/timeline_gameplay/html/assets/img/rental/regina.png,185452,timeline-owned-candidate,https://cdn.jsdelivr.net/gh/<GITHUB_USER>/timeline@main/resources/timeline_gameplay/html/assets/img/rental/regina.png
server/[timeline]/timeline_gameplay/html/assets/img/rental/rebel.png,resources/timeline_gameplay/html/assets/img/rental/rebel.png,351893,timeline-owned-candidate,https://cdn.jsdelivr.net/gh/<GITHUB_USER>/timeline@main/resources/timeline_gameplay/html/assets/img/rental/rebel.png
server/[timeline]/timeline_gameplay/html/assets/img/rental/cogcabrio.png,resources/timeline_gameplay/html/assets/img/rental/cogcabrio.png,265351,timeline-owned-candidate,https://cdn.jsdelivr.net/gh/<GITHUB_USER>/timeline@main/resources/timeline_gameplay/html/assets/img/rental/cogcabrio.png
server/[timeline]/timeline_gameplay/html/assets/img/scoreboard/doj.png,resources/timeline_gameplay/html/assets/img/scoreboard/doj.png,3616,timeline-owned-candidate,https://cdn.jsdelivr.net/gh/<GITHUB_USER>/timeline@main/resources/timeline_gameplay/html/assets/img/scoreboard/doj.png
server/[timeline]/timeline_gameplay/html/assets/img/scoreboard/police.png,resources/timeline_gameplay/html/assets/img/scoreboard/police.png,4523,timeline-owned-candidate,https://cdn.jsdelivr.net/gh/<GITHUB_USER>/timeline@main/resources/timeline_gameplay/html/assets/img/scoreboard/police.png
server/[timeline]/timeline_gameplay/html/assets/img/scoreboard/medic.png,resources/timeline_gameplay/html/assets/img/scoreboard/medic.png,3090,timeline-owned-candidate,https://cdn.jsdelivr.net/gh/<GITHUB_USER>/timeline@main/resources/timeline_gameplay/html/assets/img/scoreboard/medic.png
server/[timeline]/timeline_gameplay/html/assets/img/scoreboard/redline.png,resources/timeline_gameplay/html/assets/img/scoreboard/redline.png,345840,timeline-owned-candidate,https://cdn.jsdelivr.net/gh/<GITHUB_USER>/timeline@main/resources/timeline_gameplay/html/assets/img/scoreboard/redline.png
server/[timeline]/timeline_gameplay/html/assets/img/scoreboard/bennys.png,resources/timeline_gameplay/html/assets/img/scoreboard/bennys.png,4760,timeline-owned-candidate,https://cdn.jsdelivr.net/gh/<GITHUB_USER>/timeline@main/resources/timeline_gameplay/html/assets/img/scoreboard/bennys.png
server/[timeline]/timeline_gameplay/html/assets/img/scoreboard/fib.png,resources/timeline_gameplay/html/assets/img/scoreboard/fib.png,4146,timeline-owned-candidate,https://cdn.jsdelivr.net/gh/<GITHUB_USER>/timeline@main/resources/timeline_gameplay/html/assets/img/scoreboard/fib.png
server/[timeline]/timeline_gameplay/html/assets/css/style.css,resources/timeline_gameplay/html/assets/css/style.css,39811,timeline-owned-candidate,https://cdn.jsdelivr.net/gh/<GITHUB_USER>/timeline@main/resources/timeline_gameplay/html/assets/css/style.css
server/[timeline]/timeline_hud/html/assets/fonts/Arame-Regular.ttf,resources/timeline_hud/html/assets/fonts/Arame-Regular.ttf,30020,timeline-owned-candidate,https://cdn.jsdelivr.net/gh/<GITHUB_USER>/timeline@main/resources/timeline_hud/html/assets/fonts/Arame-Regular.ttf
server/[timeline]/timeline_hud/html/assets/fonts/Arame.ttf,resources/timeline_hud/html/assets/fonts/Arame.ttf,52544,timeline-owned-candidate,https://cdn.jsdelivr.net/gh/<GITHUB_USER>/timeline@main/resources/timeline_hud/html/assets/fonts/Arame.ttf
server/[timeline]/timeline_hud/html/assets/fonts/RBNo31-BlackItalic.ttf,resources/timeline_hud/html/assets/fonts/RBNo31-BlackItalic.ttf,67124,timeline-owned-candidate,https://cdn.jsdelivr.net/gh/<GITHUB_USER>/timeline@main/resources/timeline_hud/html/assets/fonts/RBNo31-BlackItalic.ttf
server/[timeline]/timeline_hud/html/assets/fonts/Purista-Medium.ttf,resources/timeline_hud/html/assets/fonts/Purista-Medium.ttf,46808,timeline-owned-candidate,https://cdn.jsdelivr.net/gh/<GITHUB_USER>/timeline@main/resources/timeline_hud/html/assets/fonts/Purista-Medium.ttf
server/[timeline]/timeline_hud/html/assets/fonts/Purista-SemiBold.ttf,resources/timeline_hud/html/assets/fonts/Purista-SemiBold.ttf,46152,timeline-owned-candidate,https://cdn.jsdelivr.net/gh/<GITHUB_USER>/timeline@main/resources/timeline_hud/html/assets/fonts/Purista-SemiBold.ttf
server/[timeline]/timeline_hud/html/assets/fonts/Purista-BoldItalic.ttf,resources/timeline_hud/html/assets/fonts/Purista-BoldItalic.ttf,47276,timeline-owned-candidate,https://cdn.jsdelivr.net/gh/<GITHUB_USER>/timeline@main/resources/timeline_hud/html/assets/fonts/Purista-BoldItalic.ttf
server/[timeline]/timeline_hud/html/assets/fonts/Purista-Bold.ttf,resources/timeline_hud/html/assets/fonts/Purista-Bold.ttf,44428,timeline-owned-candidate,https://cdn.jsdelivr.net/gh/<GITHUB_USER>/timeline@main/resources/timeline_hud/html/assets/fonts/Purista-Bold.ttf
server/[timeline]/timeline_hud/html/assets/fonts/Purista-Light.ttf,resources/timeline_hud/html/assets/fonts/Purista-Light.ttf,46064,timeline-owned-candidate,https://cdn.jsdelivr.net/gh/<GITHUB_USER>/timeline@main/resources/timeline_hud/html/assets/fonts/Purista-Light.ttf
server/[timeline]/timeline_hud/html/assets/js/shared/vue2.min.js,resources/timeline_hud/html/assets/js/shared/vue2.min.js,107302,timeline-owned-candidate,https://cdn.jsdelivr.net/gh/<GITHUB_USER>/timeline@main/resources/timeline_hud/html/assets/js/shared/vue2.min.js
server/[timeline]/timeline_hud/html/assets/js/shared/jquery.min.js,resources/timeline_hud/html/assets/js/shared/jquery.min.js,89037,timeline-owned-candidate,https://cdn.jsdelivr.net/gh/<GITHUB_USER>/timeline@main/resources/timeline_hud/html/assets/js/shared/jquery.min.js
server/[timeline]/timeline_hud/html/assets/js/script.js,resources/timeline_hud/html/assets/js/script.js,102997,timeline-owned-candidate,https://cdn.jsdelivr.net/gh/<GITHUB_USER>/timeline@main/resources/timeline_hud/html/assets/js/script.js
server/[timeline]/timeline_hud/html/assets/images/status_bg.png,resources/timeline_hud/html/assets/images/status_bg.png,26288,timeline-owned-candidate,https://cdn.jsdelivr.net/gh/<GITHUB_USER>/timeline@main/resources/timeline_hud/html/assets/images/status_bg.png
server/[timeline]/timeline_hud/html/assets/images/lifeinvader.png,resources/timeline_hud/html/assets/images/lifeinvader.png,2268,timeline-owned-candidate,https://cdn.jsdelivr.net/gh/<GITHUB_USER>/timeline@main/resources/timeline_hud/html/assets/images/lifeinvader.png
server/[timeline]/timeline_hud/html/assets/images/pannel_food.png,resources/timeline_hud/html/assets/images/pannel_food.png,19510,timeline-owned-candidate,https://cdn.jsdelivr.net/gh/<GITHUB_USER>/timeline@main/resources/timeline_hud/html/assets/images/pannel_food.png
server/[timeline]/timeline_hud/html/assets/images/message_bg.png,resources/timeline_hud/html/assets/images/message_bg.png,608,timeline-owned-candidate,https://cdn.jsdelivr.net/gh/<GITHUB_USER>/timeline@main/resources/timeline_hud/html/assets/images/message_bg.png
server/[timeline]/timeline_hud/html/assets/images/ebox.png,resources/timeline_hud/html/assets/images/ebox.png,7442,timeline-owned-candidate,https://cdn.jsdelivr.net/gh/<GITHUB_USER>/timeline@main/resources/timeline_hud/html/assets/images/ebox.png
server/[timeline]/timeline_hud/html/assets/images/info_bg.png,resources/timeline_hud/html/assets/images/info_bg.png,2420,timeline-owned-candidate,https://cdn.jsdelivr.net/gh/<GITHUB_USER>/timeline@main/resources/timeline_hud/html/assets/images/info_bg.png
server/[timeline]/timeline_hud/html/assets/images/fs_speedo.png,resources/timeline_hud/html/assets/images/fs_speedo.png,26522,timeline-owned-candidate,https://cdn.jsdelivr.net/gh/<GITHUB_USER>/timeline@main/resources/timeline_hud/html/assets/images/fs_speedo.png
server/[timeline]/timeline_hud/html/assets/images/bx_selected.png,resources/timeline_hud/html/assets/images/bx_selected.png,5005,timeline-owned-candidate,https://cdn.jsdelivr.net/gh/<GITHUB_USER>/timeline@main/resources/timeline_hud/html/assets/images/bx_selected.png
server/[timeline]/timeline_hud/html/assets/images/food_box.png,resources/timeline_hud/html/assets/images/food_box.png,8673,timeline-owned-candidate,https://cdn.jsdelivr.net/gh/<GITHUB_USER>/timeline@main/resources/timeline_hud/html/assets/images/food_box.png
server/[timeline]/timeline_hud/html/assets/images/suc_bg.png,resources/timeline_hud/html/assets/images/suc_bg.png,2490,timeline-owned-candidate,https://cdn.jsdelivr.net/gh/<GITHUB_USER>/timeline@main/resources/timeline_hud/html/assets/images/suc_bg.png
server/[timeline]/timeline_hud/html/assets/images/water_box.png,resources/timeline_hud/html/assets/images/water_box.png,8720,timeline-owned-candidate,https://cdn.jsdelivr.net/gh/<GITHUB_USER>/timeline@main/resources/timeline_hud/html/assets/images/water_box.png
server/[timeline]/timeline_hud/html/assets/images/bg_chat.png,resources/timeline_hud/html/assets/images/bg_chat.png,29433,timeline-owned-candidate,https://cdn.jsdelivr.net/gh/<GITHUB_USER>/timeline@main/resources/timeline_hud/html/assets/images/bg_chat.png
server/[timeline]/timeline_hud/html/assets/images/sc_food.png,resources/timeline_hud/html/assets/images/sc_food.png,23978,timeline-owned-candidate,https://cdn.jsdelivr.net/gh/<GITHUB_USER>/timeline@main/resources/timeline_hud/html/assets/images/sc_food.png
server/[timeline]/timeline_hud/html/assets/images/sc_speed.png,resources/timeline_hud/html/assets/images/sc_speed.png,21675,timeline-owned-candidate,https://cdn.jsdelivr.net/gh/<GITHUB_USER>/timeline@main/resources/timeline_hud/html/assets/images/sc_speed.png
server/[timeline]/timeline_hud/html/assets/images/restart_bg.png,resources/timeline_hud/html/assets/images/restart_bg.png,690,timeline-owned-candidate,https://cdn.jsdelivr.net/gh/<GITHUB_USER>/timeline@main/resources/timeline_hud/html/assets/images/restart_bg.png
server/[timeline]/timeline_hud/html/assets/images/decorspid.png,resources/timeline_hud/html/assets/images/decorspid.png,79855,timeline-owned-candidate,https://cdn.jsdelivr.net/gh/<GITHUB_USER>/timeline@main/resources/timeline_hud/html/assets/images/decorspid.png
server/[timeline]/timeline_hud/html/assets/images/announce_bg.png,resources/timeline_hud/html/assets/images/announce_bg.png,655,timeline-owned-candidate,https://cdn.jsdelivr.net/gh/<GITHUB_USER>/timeline@main/resources/timeline_hud/html/assets/images/announce_bg.png
server/[timeline]/timeline_hud/html/assets/images/item.png,resources/timeline_hud/html/assets/images/item.png,1111,timeline-owned-candidate,https://cdn.jsdelivr.net/gh/<GITHUB_USER>/timeline@main/resources/timeline_hud/html/assets/images/item.png
server/[timeline]/timeline_hud/html/assets/images/reciept.png,resources/timeline_hud/html/assets/images/reciept.png,959,timeline-owned-candidate,https://cdn.jsdelivr.net/gh/<GITHUB_USER>/timeline@main/resources/timeline_hud/html/assets/images/reciept.png
server/[timeline]/timeline_hud/html/assets/images/bg_farming.png,resources/timeline_hud/html/assets/images/bg_farming.png,35163,timeline-owned-candidate,https://cdn.jsdelivr.net/gh/<GITHUB_USER>/timeline@main/resources/timeline_hud/html/assets/images/bg_farming.png
server/[timeline]/timeline_hud/html/assets/images/fs_food.png,resources/timeline_hud/html/assets/images/fs_food.png,19848,timeline-owned-candidate,https://cdn.jsdelivr.net/gh/<GITHUB_USER>/timeline@main/resources/timeline_hud/html/assets/images/fs_food.png
server/[timeline]/timeline_hud/html/assets/images/event_bg.png,resources/timeline_hud/html/assets/images/event_bg.png,786,timeline-owned-candidate,https://cdn.jsdelivr.net/gh/<GITHUB_USER>/timeline@main/resources/timeline_hud/html/assets/images/event_bg.png
server/[timeline]/timeline_hud/html/assets/images/gangwar_bg.png,resources/timeline_hud/html/assets/images/gangwar_bg.png,945,timeline-owned-candidate,https://cdn.jsdelivr.net/gh/<GITHUB_USER>/timeline@main/resources/timeline_hud/html/assets/images/gangwar_bg.png
server/[timeline]/timeline_hud/html/assets/images/pannel_water.png,resources/timeline_hud/html/assets/images/pannel_water.png,20038,timeline-owned-candidate,https://cdn.jsdelivr.net/gh/<GITHUB_USER>/timeline@main/resources/timeline_hud/html/assets/images/pannel_water.png
server/[timeline]/timeline_hud/html/assets/images/logo.png,resources/timeline_hud/html/assets/images/logo.png,204180,timeline-owned-candidate,https://cdn.jsdelivr.net/gh/<GITHUB_USER>/timeline@main/resources/timeline_hud/html/assets/images/logo.png
server/[timeline]/timeline_hud/html/assets/images/hud_set.png,resources/timeline_hud/html/assets/images/hud_set.png,719257,timeline-owned-candidate,https://cdn.jsdelivr.net/gh/<GITHUB_USER>/timeline@main/resources/timeline_hud/html/assets/images/hud_set.png
server/[timeline]/timeline_hud/html/assets/images/line_speedo.png,resources/timeline_hud/html/assets/images/line_speedo.png,4241,timeline-owned-candidate,https://cdn.jsdelivr.net/gh/<GITHUB_USER>/timeline@main/resources/timeline_hud/html/assets/images/line_speedo.png
server/[timeline]/timeline_hud/html/assets/images/error_bg.png,resources/timeline_hud/html/assets/images/error_bg.png,2348,timeline-owned-candidate,https://cdn.jsdelivr.net/gh/<GITHUB_USER>/timeline@main/resources/timeline_hud/html/assets/images/error_bg.png
server/[timeline]/timeline_hud/html/assets/css/style.css,resources/timeline_hud/html/assets/css/style.css,78886,timeline-owned-candidate,https://cdn.jsdelivr.net/gh/<GITHUB_USER>/timeline@main/resources/timeline_hud/html/assets/css/style.css
server/[timeline]/timeline_hud/html/assets/css/fonts.css,resources/timeline_hud/html/assets/css/fonts.css,610,timeline-owned-candidate,https://cdn.jsdelivr.net/gh/<GITHUB_USER>/timeline@main/resources/timeline_hud/html/assets/css/fonts.css
server/[timeline]/timeline_banking/html/assets/fonts/Purista-Medium.ttf,resources/timeline_banking/html/assets/fonts/Purista-Medium.ttf,46808,timeline-owned-candidate,https://cdn.jsdelivr.net/gh/<GITHUB_USER>/timeline@main/resources/timeline_banking/html/assets/fonts/Purista-Medium.ttf
server/[timeline]/timeline_banking/html/assets/fonts/Purista-SemiBold.ttf,resources/timeline_banking/html/assets/fonts/Purista-SemiBold.ttf,46152,timeline-owned-candidate,https://cdn.jsdelivr.net/gh/<GITHUB_USER>/timeline@main/resources/timeline_banking/html/assets/fonts/Purista-SemiBold.ttf
server/[timeline]/timeline_banking/html/assets/fonts/Purista-BoldItalic.ttf,resources/timeline_banking/html/assets/fonts/Purista-BoldItalic.ttf,47276,timeline-owned-candidate,https://cdn.jsdelivr.net/gh/<GITHUB_USER>/timeline@main/resources/timeline_banking/html/assets/fonts/Purista-BoldItalic.ttf
server/[timeline]/timeline_banking/html/assets/fonts/Purista-Bold.ttf,resources/timeline_banking/html/assets/fonts/Purista-Bold.ttf,44428,timeline-owned-candidate,https://cdn.jsdelivr.net/gh/<GITHUB_USER>/timeline@main/resources/timeline_banking/html/assets/fonts/Purista-Bold.ttf
server/[timeline]/timeline_banking/html/assets/fonts/Purista-Light.ttf,resources/timeline_banking/html/assets/fonts/Purista-Light.ttf,46064,timeline-owned-candidate,https://cdn.jsdelivr.net/gh/<GITHUB_USER>/timeline@main/resources/timeline_banking/html/assets/fonts/Purista-Light.ttf
server/[timeline]/timeline_banking/html/assets/js/script.js,resources/timeline_banking/html/assets/js/script.js,7480,timeline-owned-candidate,https://cdn.jsdelivr.net/gh/<GITHUB_USER>/timeline@main/resources/timeline_banking/html/assets/js/script.js
server/[timeline]/timeline_banking/html/assets/images/trs_bg.png,resources/timeline_banking/html/assets/images/trs_bg.png,2390,timeline-owned-candidate,https://cdn.jsdelivr.net/gh/<GITHUB_USER>/timeline@main/resources/timeline_banking/html/assets/images/trs_bg.png
server/[timeline]/timeline_banking/html/assets/images/mazebank.png,resources/timeline_banking/html/assets/images/mazebank.png,416,timeline-owned-candidate,https://cdn.jsdelivr.net/gh/<GITHUB_USER>/timeline@main/resources/timeline_banking/html/assets/images/mazebank.png
server/[timeline]/timeline_banking/html/assets/images/amount_bg.png,resources/timeline_banking/html/assets/images/amount_bg.png,3045,timeline-owned-candidate,https://cdn.jsdelivr.net/gh/<GITHUB_USER>/timeline@main/resources/timeline_banking/html/assets/images/amount_bg.png
server/[timeline]/timeline_banking/html/assets/images/trans_bg.png,resources/timeline_banking/html/assets/images/trans_bg.png,19443,timeline-owned-candidate,https://cdn.jsdelivr.net/gh/<GITHUB_USER>/timeline@main/resources/timeline_banking/html/assets/images/trans_bg.png
server/[timeline]/timeline_banking/html/assets/images/header_box.png,resources/timeline_banking/html/assets/images/header_box.png,2839,timeline-owned-candidate,https://cdn.jsdelivr.net/gh/<GITHUB_USER>/timeline@main/resources/timeline_banking/html/assets/images/header_box.png
server/[timeline]/timeline_banking/html/assets/images/button_bg.png,resources/timeline_banking/html/assets/images/button_bg.png,15117,timeline-owned-candidate,https://cdn.jsdelivr.net/gh/<GITHUB_USER>/timeline@main/resources/timeline_banking/html/assets/images/button_bg.png
server/[timeline]/timeline_banking/html/assets/images/close_button.png,resources/timeline_banking/html/assets/images/close_button.png,1351,timeline-owned-candidate,https://cdn.jsdelivr.net/gh/<GITHUB_USER>/timeline@main/resources/timeline_banking/html/assets/images/close_button.png
server/[timeline]/timeline_banking/html/assets/images/bankingcard.png,resources/timeline_banking/html/assets/images/bankingcard.png,59790,timeline-owned-candidate,https://cdn.jsdelivr.net/gh/<GITHUB_USER>/timeline@main/resources/timeline_banking/html/assets/images/bankingcard.png
server/[timeline]/timeline_banking/html/assets/images/amountred_bg.png,resources/timeline_banking/html/assets/images/amountred_bg.png,3357,timeline-owned-candidate,https://cdn.jsdelivr.net/gh/<GITHUB_USER>/timeline@main/resources/timeline_banking/html/assets/images/amountred_bg.png
server/[timeline]/timeline_banking/html/assets/images/header_background.png,resources/timeline_banking/html/assets/images/header_background.png,4801,timeline-owned-candidate,https://cdn.jsdelivr.net/gh/<GITHUB_USER>/timeline@main/resources/timeline_banking/html/assets/images/header_background.png
server/[timeline]/timeline_banking/html/assets/images/input_bg.png,resources/timeline_banking/html/assets/images/input_bg.png,13416,timeline-owned-candidate,https://cdn.jsdelivr.net/gh/<GITHUB_USER>/timeline@main/resources/timeline_banking/html/assets/images/input_bg.png
server/[timeline]/timeline_banking/html/assets/images/lines.png,resources/timeline_banking/html/assets/images/lines.png,1026,timeline-owned-candidate,https://cdn.jsdelivr.net/gh/<GITHUB_USER>/timeline@main/resources/timeline_banking/html/assets/images/lines.png
server/[timeline]/timeline_banking/html/assets/images/background.png,resources/timeline_banking/html/assets/images/background.png,847292,timeline-owned-candidate,https://cdn.jsdelivr.net/gh/<GITHUB_USER>/timeline@main/resources/timeline_banking/html/assets/images/background.png
server/[timeline]/timeline_banking/html/assets/css/style.css,resources/timeline_banking/html/assets/css/style.css,16899,timeline-owned-candidate,https://cdn.jsdelivr.net/gh/<GITHUB_USER>/timeline@main/resources/timeline_banking/html/assets/css/style.css
server/[timeline]/timeline_banking/html/assets/css/fonts.css,resources/timeline_banking/html/assets/css/fonts.css,425,timeline-owned-candidate,https://cdn.jsdelivr.net/gh/<GITHUB_USER>/timeline@main/resources/timeline_banking/html/assets/css/fonts.css
server/[timeline]/timeline_adminmenu/html/assets/index-BlTjnUA_.js,resources/timeline_adminmenu/html/assets/index-BlTjnUA_.js,101816,timeline-owned-candidate,https://cdn.jsdelivr.net/gh/<GITHUB_USER>/timeline@main/resources/timeline_adminmenu/html/assets/index-BlTjnUA_.js
server/[timeline]/timeline_adminmenu/html/assets/playerpage_bg-C9C6_dpw.png,resources/timeline_adminmenu/html/assets/playerpage_bg-C9C6_dpw.png,896962,timeline-owned-candidate,https://cdn.jsdelivr.net/gh/<GITHUB_USER>/timeline@main/resources/timeline_adminmenu/html/assets/playerpage_bg-C9C6_dpw.png
server/[timeline]/timeline_adminmenu/html/assets/fonts/Arame.ttf,resources/timeline_adminmenu/html/assets/fonts/Arame.ttf,52544,timeline-owned-candidate,https://cdn.jsdelivr.net/gh/<GITHUB_USER>/timeline@main/resources/timeline_adminmenu/html/assets/fonts/Arame.ttf
server/[timeline]/timeline_adminmenu/html/assets/fonts/Gilroy-Light.ttf,resources/timeline_adminmenu/html/assets/fonts/Gilroy-Light.ttf,147128,timeline-owned-candidate,https://cdn.jsdelivr.net/gh/<GITHUB_USER>/timeline@main/resources/timeline_adminmenu/html/assets/fonts/Gilroy-Light.ttf
server/[timeline]/timeline_adminmenu/html/assets/fonts/Ephesis-Regular.ttf,resources/timeline_adminmenu/html/assets/fonts/Ephesis-Regular.ttf,141456,timeline-owned-candidate,https://cdn.jsdelivr.net/gh/<GITHUB_USER>/timeline@main/resources/timeline_adminmenu/html/assets/fonts/Ephesis-Regular.ttf
server/[timeline]/timeline_adminmenu/html/assets/fonts/Nekst-Bold.ttf,resources/timeline_adminmenu/html/assets/fonts/Nekst-Bold.ttf,154844,timeline-owned-candidate,https://cdn.jsdelivr.net/gh/<GITHUB_USER>/timeline@main/resources/timeline_adminmenu/html/assets/fonts/Nekst-Bold.ttf
server/[timeline]/timeline_adminmenu/html/assets/fonts/Gilroy-Bold.ttf,resources/timeline_adminmenu/html/assets/fonts/Gilroy-Bold.ttf,83456,timeline-owned-candidate,https://cdn.jsdelivr.net/gh/<GITHUB_USER>/timeline@main/resources/timeline_adminmenu/html/assets/fonts/Gilroy-Bold.ttf
server/[timeline]/timeline_adminmenu/html/assets/fonts/Purista-Medium.ttf,resources/timeline_adminmenu/html/assets/fonts/Purista-Medium.ttf,46808,timeline-owned-candidate,https://cdn.jsdelivr.net/gh/<GITHUB_USER>/timeline@main/resources/timeline_adminmenu/html/assets/fonts/Purista-Medium.ttf
server/[timeline]/timeline_adminmenu/html/assets/fonts/Nekst-Light.ttf,resources/timeline_adminmenu/html/assets/fonts/Nekst-Light.ttf,125008,timeline-owned-candidate,https://cdn.jsdelivr.net/gh/<GITHUB_USER>/timeline@main/resources/timeline_adminmenu/html/assets/fonts/Nekst-Light.ttf
server/[timeline]/timeline_adminmenu/html/assets/fonts/Arame-Bold.ttf,resources/timeline_adminmenu/html/assets/fonts/Arame-Bold.ttf,50900,timeline-owned-candidate,https://cdn.jsdelivr.net/gh/<GITHUB_USER>/timeline@main/resources/timeline_adminmenu/html/assets/fonts/Arame-Bold.ttf
server/[timeline]/timeline_adminmenu/html/assets/fonts/Nekst-Medium.ttf,resources/timeline_adminmenu/html/assets/fonts/Nekst-Medium.ttf,126376,timeline-owned-candidate,https://cdn.jsdelivr.net/gh/<GITHUB_USER>/timeline@main/resources/timeline_adminmenu/html/assets/fonts/Nekst-Medium.ttf
server/[timeline]/timeline_adminmenu/html/assets/fonts/Nekst-Black.ttf,resources/timeline_adminmenu/html/assets/fonts/Nekst-Black.ttf,131832,timeline-owned-candidate,https://cdn.jsdelivr.net/gh/<GITHUB_USER>/timeline@main/resources/timeline_adminmenu/html/assets/fonts/Nekst-Black.ttf
server/[timeline]/timeline_adminmenu/html/assets/fonts/Purista-SemiBold.ttf,resources/timeline_adminmenu/html/assets/fonts/Purista-SemiBold.ttf,46152,timeline-owned-candidate,https://cdn.jsdelivr.net/gh/<GITHUB_USER>/timeline@main/resources/timeline_adminmenu/html/assets/fonts/Purista-SemiBold.ttf
server/[timeline]/timeline_adminmenu/html/assets/fonts/Gilroy-Regular.ttf,resources/timeline_adminmenu/html/assets/fonts/Gilroy-Regular.ttf,145148,timeline-owned-candidate,https://cdn.jsdelivr.net/gh/<GITHUB_USER>/timeline@main/resources/timeline_adminmenu/html/assets/fonts/Gilroy-Regular.ttf
server/[timeline]/timeline_adminmenu/html/assets/fonts/Purista-BoldItalic.ttf,resources/timeline_adminmenu/html/assets/fonts/Purista-BoldItalic.ttf,47276,timeline-owned-candidate,https://cdn.jsdelivr.net/gh/<GITHUB_USER>/timeline@main/resources/timeline_adminmenu/html/assets/fonts/Purista-BoldItalic.ttf
server/[timeline]/timeline_adminmenu/html/assets/fonts/Purista-Bold.ttf,resources/timeline_adminmenu/html/assets/fonts/Purista-Bold.ttf,44428,timeline-owned-candidate,https://cdn.jsdelivr.net/gh/<GITHUB_USER>/timeline@main/resources/timeline_adminmenu/html/assets/fonts/Purista-Bold.ttf
server/[timeline]/timeline_adminmenu/html/assets/fonts/Purista-Light.ttf,resources/timeline_adminmenu/html/assets/fonts/Purista-Light.ttf,46064,timeline-owned-candidate,https://cdn.jsdelivr.net/gh/<GITHUB_USER>/timeline@main/resources/timeline_adminmenu/html/assets/fonts/Purista-Light.ttf
server/[timeline]/timeline_adminmenu/html/assets/fonts/Arame-Thin.ttf,resources/timeline_adminmenu/html/assets/fonts/Arame-Thin.ttf,53876,timeline-owned-candidate,https://cdn.jsdelivr.net/gh/<GITHUB_USER>/timeline@main/resources/timeline_adminmenu/html/assets/fonts/Arame-Thin.ttf
server/[timeline]/timeline_adminmenu/html/assets/fonts/Gilroy-Medium.ttf,resources/timeline_adminmenu/html/assets/fonts/Gilroy-Medium.ttf,143724,timeline-owned-candidate,https://cdn.jsdelivr.net/gh/<GITHUB_USER>/timeline@main/resources/timeline_adminmenu/html/assets/fonts/Gilroy-Medium.ttf
server/[timeline]/timeline_adminmenu/html/assets/fonts/Gilroy-SemiBold.ttf,resources/timeline_adminmenu/html/assets/fonts/Gilroy-SemiBold.ttf,139820,timeline-owned-candidate,https://cdn.jsdelivr.net/gh/<GITHUB_USER>/timeline@main/resources/timeline_adminmenu/html/assets/fonts/Gilroy-SemiBold.ttf
server/[timeline]/timeline_adminmenu/html/assets/fonts/ArameMono.ttf,resources/timeline_adminmenu/html/assets/fonts/ArameMono.ttf,47808,timeline-owned-candidate,https://cdn.jsdelivr.net/gh/<GITHUB_USER>/timeline@main/resources/timeline_adminmenu/html/assets/fonts/ArameMono.ttf
server/[timeline]/timeline_adminmenu/html/assets/index-BYDC8ciR.css,resources/timeline_adminmenu/html/assets/index-BYDC8ciR.css,22932,timeline-owned-candidate,https://cdn.jsdelivr.net/gh/<GITHUB_USER>/timeline@main/resources/timeline_adminmenu/html/assets/index-BYDC8ciR.css
server/[timeline]/timeline_adminmenu/html/assets/img/menu-dialog.png,resources/timeline_adminmenu/html/assets/img/menu-dialog.png,29365,timeline-owned-candidate,https://cdn.jsdelivr.net/gh/<GITHUB_USER>/timeline@main/resources/timeline_adminmenu/html/assets/img/menu-dialog.png
server/[timeline]/timeline_adminmenu/html/assets/img/info.svg,resources/timeline_adminmenu/html/assets/img/info.svg,918,timeline-owned-candidate,https://cdn.jsdelivr.net/gh/<GITHUB_USER>/timeline@main/resources/timeline_adminmenu/html/assets/img/info.svg
server/[timeline]/timeline_adminmenu/html/assets/img/ids.svg,resources/timeline_adminmenu/html/assets/img/ids.svg,935,timeline-owned-candidate,https://cdn.jsdelivr.net/gh/<GITHUB_USER>/timeline@main/resources/timeline_adminmenu/html/assets/img/ids.svg
server/[timeline]/timeline_adminmenu/html/assets/img/skull.svg,resources/timeline_adminmenu/html/assets/img/skull.svg,3760,timeline-owned-candidate,https://cdn.jsdelivr.net/gh/<GITHUB_USER>/timeline@main/resources/timeline_adminmenu/html/assets/img/skull.svg
server/[timeline]/timeline_adminmenu/html/assets/img/helicopter.svg,resources/timeline_adminmenu/html/assets/img/helicopter.svg,1222,timeline-owned-candidate,https://cdn.jsdelivr.net/gh/<GITHUB_USER>/timeline@main/resources/timeline_adminmenu/html/assets/img/helicopter.svg
server/[timeline]/timeline_adminmenu/html/assets/img/banner.png,resources/timeline_adminmenu/html/assets/img/banner.png,831905,timeline-owned-candidate,https://cdn.jsdelivr.net/gh/<GITHUB_USER>/timeline@main/resources/timeline_adminmenu/html/assets/img/banner.png
server/[timeline]/timeline_adminmenu/html/assets/img/ban.svg,resources/timeline_adminmenu/html/assets/img/ban.svg,666,timeline-owned-candidate,https://cdn.jsdelivr.net/gh/<GITHUB_USER>/timeline@main/resources/timeline_adminmenu/html/assets/img/ban.svg
server/[timeline]/timeline_adminmenu/html/assets/img/bike.svg,resources/timeline_adminmenu/html/assets/img/bike.svg,1931,timeline-owned-candidate,https://cdn.jsdelivr.net/gh/<GITHUB_USER>/timeline@main/resources/timeline_adminmenu/html/assets/img/bike.svg
server/[timeline]/timeline_adminmenu/html/assets/img/boat.svg,resources/timeline_adminmenu/html/assets/img/boat.svg,1510,timeline-owned-candidate,https://cdn.jsdelivr.net/gh/<GITHUB_USER>/timeline@main/resources/timeline_adminmenu/html/assets/img/boat.svg
server/[timeline]/timeline_adminmenu/html/assets/img/car.svg,resources/timeline_adminmenu/html/assets/img/car.svg,1504,timeline-owned-candidate,https://cdn.jsdelivr.net/gh/<GITHUB_USER>/timeline@main/resources/timeline_adminmenu/html/assets/img/car.svg
server/[timeline]/timeline_adminmenu/html/assets/img/walking.svg,resources/timeline_adminmenu/html/assets/img/walking.svg,1627,timeline-owned-candidate,https://cdn.jsdelivr.net/gh/<GITHUB_USER>/timeline@main/resources/timeline_adminmenu/html/assets/img/walking.svg
server/[timeline]/timeline_adminmenu/html/assets/img/actions.svg,resources/timeline_adminmenu/html/assets/img/actions.svg,1055,timeline-owned-candidate,https://cdn.jsdelivr.net/gh/<GITHUB_USER>/timeline@main/resources/timeline_adminmenu/html/assets/img/actions.svg
server/[timeline]/timeline_adminmenu/html/assets/kill-B0LPR8_K.svg,resources/timeline_adminmenu/html/assets/kill-B0LPR8_K.svg,17326,timeline-owned-candidate,https://cdn.jsdelivr.net/gh/<GITHUB_USER>/timeline@main/resources/timeline_adminmenu/html/assets/kill-B0LPR8_K.svg
server/[timeline]/timeline_adminmenu/html/assets/css/base.css,resources/timeline_adminmenu/html/assets/css/base.css,1696,timeline-owned-candidate,https://cdn.jsdelivr.net/gh/<GITHUB_USER>/timeline@main/resources/timeline_adminmenu/html/assets/css/base.css
server/[timeline]/timeline_adminmenu/html/assets/css/style.css,resources/timeline_adminmenu/html/assets/css/style.css,22920,timeline-owned-candidate,https://cdn.jsdelivr.net/gh/<GITHUB_USER>/timeline@main/resources/timeline_adminmenu/html/assets/css/style.css
server/[timeline]/timeline_adminmenu/html/assets/css/fonts.css,resources/timeline_adminmenu/html/assets/css/fonts.css,1425,timeline-owned-candidate,https://cdn.jsdelivr.net/gh/<GITHUB_USER>/timeline@main/resources/timeline_adminmenu/html/assets/css/fonts.css
server/[timeline]/timeline_adminmenu/html/app.js,resources/timeline_adminmenu/html/app.js,36054,timeline-owned-candidate,https://cdn.jsdelivr.net/gh/<GITHUB_USER>/timeline@main/resources/timeline_adminmenu/html/app.js
server/[timeline]/timeline_marry/html/assets/sound/effects.mp3,resources/timeline_marry/html/assets/sound/effects.mp3,620807,timeline-owned-candidate,https://cdn.jsdelivr.net/gh/<GITHUB_USER>/timeline@main/resources/timeline_marry/html/assets/sound/effects.mp3
server/[timeline]/timeline_marry/html/assets/fonts/Gilroy-Bold.ttf,resources/timeline_marry/html/assets/fonts/Gilroy-Bold.ttf,83456,timeline-owned-candidate,https://cdn.jsdelivr.net/gh/<GITHUB_USER>/timeline@main/resources/timeline_marry/html/assets/fonts/Gilroy-Bold.ttf
server/[timeline]/timeline_marry/html/assets/fonts/Gilroy-Semibold.ttf,resources/timeline_marry/html/assets/fonts/Gilroy-Semibold.ttf,83948,timeline-owned-candidate,https://cdn.jsdelivr.net/gh/<GITHUB_USER>/timeline@main/resources/timeline_marry/html/assets/fonts/Gilroy-Semibold.ttf
server/[timeline]/timeline_marry/html/assets/fonts/Collonse-Bold.ttf,resources/timeline_marry/html/assets/fonts/Collonse-Bold.ttf,46764,timeline-owned-candidate,https://cdn.jsdelivr.net/gh/<GITHUB_USER>/timeline@main/resources/timeline_marry/html/assets/fonts/Collonse-Bold.ttf
server/[timeline]/timeline_marry/html/assets/fonts/Gilroy-Medium.ttf,resources/timeline_marry/html/assets/fonts/Gilroy-Medium.ttf,84564,timeline-owned-candidate,https://cdn.jsdelivr.net/gh/<GITHUB_USER>/timeline@main/resources/timeline_marry/html/assets/fonts/Gilroy-Medium.ttf
server/[timeline]/timeline_marry/html/assets/js/script.js,resources/timeline_marry/html/assets/js/script.js,8450,timeline-owned-candidate,https://cdn.jsdelivr.net/gh/<GITHUB_USER>/timeline@main/resources/timeline_marry/html/assets/js/script.js
server/[timeline]/timeline_marry/html/assets/img/logo.png,resources/timeline_marry/html/assets/img/logo.png,383355,timeline-owned-candidate,https://cdn.jsdelivr.net/gh/<GITHUB_USER>/timeline@main/resources/timeline_marry/html/assets/img/logo.png
server/[timeline]/timeline_marry/html/assets/css/config.css,resources/timeline_marry/html/assets/css/config.css,759,timeline-owned-candidate,https://cdn.jsdelivr.net/gh/<GITHUB_USER>/timeline@main/resources/timeline_marry/html/assets/css/config.css
server/[timeline]/timeline_marry/html/assets/css/fonts.css,resources/timeline_marry/html/assets/css/fonts.css,200,timeline-owned-candidate,https://cdn.jsdelivr.net/gh/<GITHUB_USER>/timeline@main/resources/timeline_marry/html/assets/css/fonts.css
server/[timeline]/timeline_idcard/html/style.css,resources/timeline_idcard/html/style.css,2051,timeline-owned-candidate,https://cdn.jsdelivr.net/gh/<GITHUB_USER>/timeline@main/resources/timeline_idcard/html/style.css
server/[timeline]/timeline_idcard/html/script.js,resources/timeline_idcard/html/script.js,1051,timeline-owned-candidate,https://cdn.jsdelivr.net/gh/<GITHUB_USER>/timeline@main/resources/timeline_idcard/html/script.js
server/[timeline]/timeline_idcard/html/images/bg.png,resources/timeline_idcard/html/images/bg.png,156800,timeline-owned-candidate,https://cdn.jsdelivr.net/gh/<GITHUB_USER>/timeline@main/resources/timeline_idcard/html/images/bg.png
server/[timeline-extensions]/timeline_fishing/html/assets/fonts/Rajdhani-Medium.ttf,resources/timeline_fishing/html/assets/fonts/Rajdhani-Medium.ttf,384348,timeline-owned-candidate,https://cdn.jsdelivr.net/gh/<GITHUB_USER>/timeline@main/resources/timeline_fishing/html/assets/fonts/Rajdhani-Medium.ttf
server/[timeline-extensions]/timeline_fishing/html/assets/fonts/Rajdhani-Regular.ttf,resources/timeline_fishing/html/assets/fonts/Rajdhani-Regular.ttf,377860,timeline-owned-candidate,https://cdn.jsdelivr.net/gh/<GITHUB_USER>/timeline@main/resources/timeline_fishing/html/assets/fonts/Rajdhani-Regular.ttf
server/[timeline-extensions]/timeline_fishing/html/assets/fonts/Arame.ttf,resources/timeline_fishing/html/assets/fonts/Arame.ttf,52544,timeline-owned-candidate,https://cdn.jsdelivr.net/gh/<GITHUB_USER>/timeline@main/resources/timeline_fishing/html/assets/fonts/Arame.ttf
server/[timeline-extensions]/timeline_fishing/html/assets/fonts/PinkSans.ttf,resources/timeline_fishing/html/assets/fonts/PinkSans.ttf,80304,timeline-owned-candidate,https://cdn.jsdelivr.net/gh/<GITHUB_USER>/timeline@main/resources/timeline_fishing/html/assets/fonts/PinkSans.ttf
server/[timeline-extensions]/timeline_fishing/html/assets/fonts/Rajdhani-Bold.ttf,resources/timeline_fishing/html/assets/fonts/Rajdhani-Bold.ttf,400680,timeline-owned-candidate,https://cdn.jsdelivr.net/gh/<GITHUB_USER>/timeline@main/resources/timeline_fishing/html/assets/fonts/Rajdhani-Bold.ttf
server/[timeline-extensions]/timeline_fishing/html/assets/fonts/Rajdhani-SemiBold.ttf,resources/timeline_fishing/html/assets/fonts/Rajdhani-SemiBold.ttf,390340,timeline-owned-candidate,https://cdn.jsdelivr.net/gh/<GITHUB_USER>/timeline@main/resources/timeline_fishing/html/assets/fonts/Rajdhani-SemiBold.ttf
server/[timeline-extensions]/timeline_fishing/html/assets/icons/stats.svg,resources/timeline_fishing/html/assets/icons/stats.svg,2155,timeline-owned-candidate,https://cdn.jsdelivr.net/gh/<GITHUB_USER>/timeline@main/resources/timeline_fishing/html/assets/icons/stats.svg
server/[timeline-extensions]/timeline_fishing/html/assets/icons/fish.svg,resources/timeline_fishing/html/assets/icons/fish.svg,1566,timeline-owned-candidate,https://cdn.jsdelivr.net/gh/<GITHUB_USER>/timeline@main/resources/timeline_fishing/html/assets/icons/fish.svg
server/[timeline-extensions]/timeline_fishing/html/assets/icons/buy_nav.svg,resources/timeline_fishing/html/assets/icons/buy_nav.svg,2542,timeline-owned-candidate,https://cdn.jsdelivr.net/gh/<GITHUB_USER>/timeline@main/resources/timeline_fishing/html/assets/icons/buy_nav.svg
server/[timeline-extensions]/timeline_fishing/html/assets/icons/sell_nav.svg,resources/timeline_fishing/html/assets/icons/sell_nav.svg,3136,timeline-owned-candidate,https://cdn.jsdelivr.net/gh/<GITHUB_USER>/timeline@main/resources/timeline_fishing/html/assets/icons/sell_nav.svg
server/[timeline-extensions]/timeline_fishing/html/assets/icons/info.svg,resources/timeline_fishing/html/assets/icons/info.svg,786,timeline-owned-candidate,https://cdn.jsdelivr.net/gh/<GITHUB_USER>/timeline@main/resources/timeline_fishing/html/assets/icons/info.svg
server/[timeline-extensions]/timeline_fishing/html/assets/icons/check.svg,resources/timeline_fishing/html/assets/icons/check.svg,806,timeline-owned-candidate,https://cdn.jsdelivr.net/gh/<GITHUB_USER>/timeline@main/resources/timeline_fishing/html/assets/icons/check.svg
server/[timeline-extensions]/timeline_fishing/html/assets/icons/overview_nav.svg,resources/timeline_fishing/html/assets/icons/overview_nav.svg,2173,timeline-owned-candidate,https://cdn.jsdelivr.net/gh/<GITHUB_USER>/timeline@main/resources/timeline_fishing/html/assets/icons/overview_nav.svg
server/[timeline-extensions]/timeline_fishing/html/assets/icons/chevron.svg,resources/timeline_fishing/html/assets/icons/chevron.svg,614,timeline-owned-candidate,https://cdn.jsdelivr.net/gh/<GITHUB_USER>/timeline@main/resources/timeline_fishing/html/assets/icons/chevron.svg
server/[timeline-extensions]/timeline_fishing/html/assets/icons/rank_silver.svg,resources/timeline_fishing/html/assets/icons/rank_silver.svg,2738,timeline-owned-candidate,https://cdn.jsdelivr.net/gh/<GITHUB_USER>/timeline@main/resources/timeline_fishing/html/assets/icons/rank_silver.svg
server/[timeline-extensions]/timeline_fishing/html/assets/icons/rank_bronze.svg,resources/timeline_fishing/html/assets/icons/rank_bronze.svg,2737,timeline-owned-candidate,https://cdn.jsdelivr.net/gh/<GITHUB_USER>/timeline@main/resources/timeline_fishing/html/assets/icons/rank_bronze.svg
server/[timeline-extensions]/timeline_fishing/html/assets/icons/close.svg,resources/timeline_fishing/html/assets/icons/close.svg,1541,timeline-owned-candidate,https://cdn.jsdelivr.net/gh/<GITHUB_USER>/timeline@main/resources/timeline_fishing/html/assets/icons/close.svg
server/[timeline-extensions]/timeline_fishing/html/assets/icons/rank_gold.svg,resources/timeline_fishing/html/assets/icons/rank_gold.svg,2738,timeline-owned-candidate,https://cdn.jsdelivr.net/gh/<GITHUB_USER>/timeline@main/resources/timeline_fishing/html/assets/icons/rank_gold.svg
server/[timeline-extensions]/timeline_fishing/html/assets/icons/product.svg,resources/timeline_fishing/html/assets/icons/product.svg,884,timeline-owned-candidate,https://cdn.jsdelivr.net/gh/<GITHUB_USER>/timeline@main/resources/timeline_fishing/html/assets/icons/product.svg
server/[timeline-extensions]/timeline_fishing/html/assets/images/bg.png,resources/timeline_fishing/html/assets/images/bg.png,156800,timeline-owned-candidate,https://cdn.jsdelivr.net/gh/<GITHUB_USER>/timeline@main/resources/timeline_fishing/html/assets/images/bg.png
server/[timeline-extensions]/timeline_fishing/html/assets/css/style.css,resources/timeline_fishing/html/assets/css/style.css,3441,timeline-owned-candidate,https://cdn.jsdelivr.net/gh/<GITHUB_USER>/timeline@main/resources/timeline_fishing/html/assets/css/style.css
server/[timeline-extensions]/timeline_fishing/html/assets/css/fonts.css,resources/timeline_fishing/html/assets/css/fonts.css,554,timeline-owned-candidate,https://cdn.jsdelivr.net/gh/<GITHUB_USER>/timeline@main/resources/timeline_fishing/html/assets/css/fonts.css
server/[timeline-extensions]/timeline_fishing/html/assets/imgs/barsch.png,resources/timeline_fishing/html/assets/imgs/barsch.png,10359,timeline-owned-candidate,https://cdn.jsdelivr.net/gh/<GITHUB_USER>/timeline@main/resources/timeline_fishing/html/assets/imgs/barsch.png
server/[timeline-extensions]/timeline_fishing/html/assets/imgs/lachs.png,resources/timeline_fishing/html/assets/imgs/lachs.png,11847,timeline-owned-candidate,https://cdn.jsdelivr.net/gh/<GITHUB_USER>/timeline@main/resources/timeline_fishing/html/assets/imgs/lachs.png
server/[timeline-extensions]/timeline_fishing/html/assets/imgs/supervipangel.png,resources/timeline_fishing/html/assets/imgs/supervipangel.png,11289,timeline-owned-candidate,https://cdn.jsdelivr.net/gh/<GITHUB_USER>/timeline@main/resources/timeline_fishing/html/assets/imgs/supervipangel.png
server/[timeline-extensions]/timeline_fishing/html/assets/imgs/vipangel.png,resources/timeline_fishing/html/assets/imgs/vipangel.png,11278,timeline-owned-candidate,https://cdn.jsdelivr.net/gh/<GITHUB_USER>/timeline@main/resources/timeline_fishing/html/assets/imgs/vipangel.png
server/[timeline-extensions]/timeline_fishing/html/assets/imgs/koeder.png,resources/timeline_fishing/html/assets/imgs/koeder.png,7589,timeline-owned-candidate,https://cdn.jsdelivr.net/gh/<GITHUB_USER>/timeline@main/resources/timeline_fishing/html/assets/imgs/koeder.png
server/[timeline-extensions]/timeline_fishing/html/assets/imgs/angel.png,resources/timeline_fishing/html/assets/imgs/angel.png,11014,timeline-owned-candidate,https://cdn.jsdelivr.net/gh/<GITHUB_USER>/timeline@main/resources/timeline_fishing/html/assets/imgs/angel.png
server/[timeline-extensions]/timeline_fishing/html/assets/imgs/vipkoeder.png,resources/timeline_fishing/html/assets/imgs/vipkoeder.png,257660,timeline-owned-candidate,https://cdn.jsdelivr.net/gh/<GITHUB_USER>/timeline@main/resources/timeline_fishing/html/assets/imgs/vipkoeder.png
server/[timeline-extensions]/timeline_fishing/html/assets/imgs/bg.png,resources/timeline_fishing/html/assets/imgs/bg.png,156800,timeline-owned-candidate,https://cdn.jsdelivr.net/gh/<GITHUB_USER>/timeline@main/resources/timeline_fishing/html/assets/imgs/bg.png
server/[timeline-extensions]/timeline_fishing/html/assets/imgs/profile.png,resources/timeline_fishing/html/assets/imgs/profile.png,11555,timeline-owned-candidate,https://cdn.jsdelivr.net/gh/<GITHUB_USER>/timeline@main/resources/timeline_fishing/html/assets/imgs/profile.png
server/[timeline-extensions]/timeline_fishing/html/assets/imgs/demofish.png,resources/timeline_fishing/html/assets/imgs/demofish.png,14656,timeline-owned-candidate,https://cdn.jsdelivr.net/gh/<GITHUB_USER>/timeline@main/resources/timeline_fishing/html/assets/imgs/demofish.png
server/[timeline-extensions]/timeline_fishing/html/assets/imgs/goldfisch.png,resources/timeline_fishing/html/assets/imgs/goldfisch.png,10819,timeline-owned-candidate,https://cdn.jsdelivr.net/gh/<GITHUB_USER>/timeline@main/resources/timeline_fishing/html/assets/imgs/goldfisch.png
server/[timeline-extensions]/timeline_fishing/html/style.css,resources/timeline_fishing/html/style.css,8876,timeline-owned-candidate,https://cdn.jsdelivr.net/gh/<GITHUB_USER>/timeline@main/resources/timeline_fishing/html/style.css
server/[timeline-extensions]/timeline_fishing/html/script.js,resources/timeline_fishing/html/script.js,9621,timeline-owned-candidate,https://cdn.jsdelivr.net/gh/<GITHUB_USER>/timeline@main/resources/timeline_fishing/html/script.js
server/[timeline-extensions]/timeline_lootdrop/html/style.css,resources/timeline_lootdrop/html/style.css,3216,timeline-owned-candidate,https://cdn.jsdelivr.net/gh/<GITHUB_USER>/timeline@main/resources/timeline_lootdrop/html/style.css
server/[timeline-extensions]/timeline_lootdrop/html/fonts/Rajdhani-Medium.ttf,resources/timeline_lootdrop/html/fonts/Rajdhani-Medium.ttf,384348,timeline-owned-candidate,https://cdn.jsdelivr.net/gh/<GITHUB_USER>/timeline@main/resources/timeline_lootdrop/html/fonts/Rajdhani-Medium.ttf
server/[timeline-extensions]/timeline_lootdrop/html/fonts/RevxNeueSemiBold.ttf,resources/timeline_lootdrop/html/fonts/RevxNeueSemiBold.ttf,110196,timeline-owned-candidate,https://cdn.jsdelivr.net/gh/<GITHUB_USER>/timeline@main/resources/timeline_lootdrop/html/fonts/RevxNeueSemiBold.ttf
server/[timeline-extensions]/timeline_lootdrop/html/fonts/RevxNeueRegular.ttf,resources/timeline_lootdrop/html/fonts/RevxNeueRegular.ttf,110676,timeline-owned-candidate,https://cdn.jsdelivr.net/gh/<GITHUB_USER>/timeline@main/resources/timeline_lootdrop/html/fonts/RevxNeueRegular.ttf
server/[timeline-extensions]/timeline_lootdrop/html/fonts/Rajdhani-Regular.ttf,resources/timeline_lootdrop/html/fonts/Rajdhani-Regular.ttf,377860,timeline-owned-candidate,https://cdn.jsdelivr.net/gh/<GITHUB_USER>/timeline@main/resources/timeline_lootdrop/html/fonts/Rajdhani-Regular.ttf
server/[timeline-extensions]/timeline_lootdrop/html/fonts/Binaria-Black.ttf,resources/timeline_lootdrop/html/fonts/Binaria-Black.ttf,120660,timeline-owned-candidate,https://cdn.jsdelivr.net/gh/<GITHUB_USER>/timeline@main/resources/timeline_lootdrop/html/fonts/Binaria-Black.ttf
server/[timeline-extensions]/timeline_lootdrop/html/fonts/Binaria-BlackItalic.ttf,resources/timeline_lootdrop/html/fonts/Binaria-BlackItalic.ttf,121140,timeline-owned-candidate,https://cdn.jsdelivr.net/gh/<GITHUB_USER>/timeline@main/resources/timeline_lootdrop/html/fonts/Binaria-BlackItalic.ttf
server/[timeline-extensions]/timeline_lootdrop/html/fonts/Binaria-Medium.ttf,resources/timeline_lootdrop/html/fonts/Binaria-Medium.ttf,118296,timeline-owned-candidate,https://cdn.jsdelivr.net/gh/<GITHUB_USER>/timeline@main/resources/timeline_lootdrop/html/fonts/Binaria-Medium.ttf
server/[timeline-extensions]/timeline_lootdrop/html/fonts/agencyfb_reg.ttf,resources/timeline_lootdrop/html/fonts/agencyfb_reg.ttf,57280,timeline-owned-candidate,https://cdn.jsdelivr.net/gh/<GITHUB_USER>/timeline@main/resources/timeline_lootdrop/html/fonts/agencyfb_reg.ttf
server/[timeline-extensions]/timeline_lootdrop/html/fonts/atomic.otf,resources/timeline_lootdrop/html/fonts/atomic.otf,2621160,timeline-owned-candidate,https://cdn.jsdelivr.net/gh/<GITHUB_USER>/timeline@main/resources/timeline_lootdrop/html/fonts/atomic.otf
server/[timeline-extensions]/timeline_lootdrop/html/fonts/PinkSans.ttf,resources/timeline_lootdrop/html/fonts/PinkSans.ttf,80304,timeline-owned-candidate,https://cdn.jsdelivr.net/gh/<GITHUB_USER>/timeline@main/resources/timeline_lootdrop/html/fonts/PinkSans.ttf
server/[timeline-extensions]/timeline_lootdrop/html/fonts/RevxNeueBlack.ttf,resources/timeline_lootdrop/html/fonts/RevxNeueBlack.ttf,116476,timeline-owned-candidate,https://cdn.jsdelivr.net/gh/<GITHUB_USER>/timeline@main/resources/timeline_lootdrop/html/fonts/RevxNeueBlack.ttf
server/[timeline-extensions]/timeline_lootdrop/html/fonts/Binaria-BoldItalic.ttf,resources/timeline_lootdrop/html/fonts/Binaria-BoldItalic.ttf,119556,timeline-owned-candidate,https://cdn.jsdelivr.net/gh/<GITHUB_USER>/timeline@main/resources/timeline_lootdrop/html/fonts/Binaria-BoldItalic.ttf
server/[timeline-extensions]/timeline_lootdrop/html/fonts/Rajdhani-Bold.ttf,resources/timeline_lootdrop/html/fonts/Rajdhani-Bold.ttf,400680,timeline-owned-candidate,https://cdn.jsdelivr.net/gh/<GITHUB_USER>/timeline@main/resources/timeline_lootdrop/html/fonts/Rajdhani-Bold.ttf
server/[timeline-extensions]/timeline_lootdrop/html/fonts/Binaria-Bold.ttf,resources/timeline_lootdrop/html/fonts/Binaria-Bold.ttf,120668,timeline-owned-candidate,https://cdn.jsdelivr.net/gh/<GITHUB_USER>/timeline@main/resources/timeline_lootdrop/html/fonts/Binaria-Bold.ttf
server/[timeline-extensions]/timeline_lootdrop/html/fonts/RevxNeueMedium.ttf,resources/timeline_lootdrop/html/fonts/RevxNeueMedium.ttf,110520,timeline-owned-candidate,https://cdn.jsdelivr.net/gh/<GITHUB_USER>/timeline@main/resources/timeline_lootdrop/html/fonts/RevxNeueMedium.ttf
server/[timeline-extensions]/timeline_lootdrop/html/fonts/agencyfb_bold.ttf,resources/timeline_lootdrop/html/fonts/agencyfb_bold.ttf,59012,timeline-owned-candidate,https://cdn.jsdelivr.net/gh/<GITHUB_USER>/timeline@main/resources/timeline_lootdrop/html/fonts/agencyfb_bold.ttf
server/[timeline-extensions]/timeline_lootdrop/html/fonts/Rajdhani-SemiBold.ttf,resources/timeline_lootdrop/html/fonts/Rajdhani-SemiBold.ttf,390340,timeline-owned-candidate,https://cdn.jsdelivr.net/gh/<GITHUB_USER>/timeline@main/resources/timeline_lootdrop/html/fonts/Rajdhani-SemiBold.ttf
server/[timeline-extensions]/timeline_lootdrop/html/fonts/RevxNeueBold.ttf,resources/timeline_lootdrop/html/fonts/RevxNeueBold.ttf,110012,timeline-owned-candidate,https://cdn.jsdelivr.net/gh/<GITHUB_USER>/timeline@main/resources/timeline_lootdrop/html/fonts/RevxNeueBold.ttf
server/[timeline-extensions]/timeline_lootdrop/html/script.js,resources/timeline_lootdrop/html/script.js,2364,timeline-owned-candidate,https://cdn.jsdelivr.net/gh/<GITHUB_USER>/timeline@main/resources/timeline_lootdrop/html/script.js
server/[timeline-extensions]/timeline_lootdrop/html/img/player.png,resources/timeline_lootdrop/html/img/player.png,17271,timeline-owned-candidate,https://cdn.jsdelivr.net/gh/<GITHUB_USER>/timeline@main/resources/timeline_lootdrop/html/img/player.png
server/[timeline-extensions]/timeline_lootdrop/html/img/kill.png,resources/timeline_lootdrop/html/img/kill.png,17598,timeline-owned-candidate,https://cdn.jsdelivr.net/gh/<GITHUB_USER>/timeline@main/resources/timeline_lootdrop/html/img/kill.png
server/[timeline-extensions]/timeline_lootdrop/html/img/clock.png,resources/timeline_lootdrop/html/img/clock.png,26066,timeline-owned-candidate,https://cdn.jsdelivr.net/gh/<GITHUB_USER>/timeline@main/resources/timeline_lootdrop/html/img/clock.png
server/[timeline-extensions]/timeline_lifeinvader/frontend/style.css,resources/timeline_lifeinvader/frontend/style.css,8749,timeline-owned-candidate,https://cdn.jsdelivr.net/gh/<GITHUB_USER>/timeline@main/resources/timeline_lifeinvader/frontend/style.css
server/[timeline-extensions]/timeline_lifeinvader/frontend/fonts/Arame.ttf,resources/timeline_lifeinvader/frontend/fonts/Arame.ttf,52544,timeline-owned-candidate,https://cdn.jsdelivr.net/gh/<GITHUB_USER>/timeline@main/resources/timeline_lifeinvader/frontend/fonts/Arame.ttf
server/[timeline-extensions]/timeline_lifeinvader/frontend/script.js,resources/timeline_lifeinvader/frontend/script.js,4002,timeline-owned-candidate,https://cdn.jsdelivr.net/gh/<GITHUB_USER>/timeline@main/resources/timeline_lifeinvader/frontend/script.js
server/[timeline-extensions]/timeline_lifeinvader/frontend/images/bg.png,resources/timeline_lifeinvader/frontend/images/bg.png,156800,timeline-owned-candidate,https://cdn.jsdelivr.net/gh/<GITHUB_USER>/timeline@main/resources/timeline_lifeinvader/frontend/images/bg.png
server/[timeline-extensions]/timeline_tuner/html/assets/fonts/Rajdhani-Medium.ttf,resources/timeline_tuner/html/assets/fonts/Rajdhani-Medium.ttf,384348,timeline-owned-candidate,https://cdn.jsdelivr.net/gh/<GITHUB_USER>/timeline@main/resources/timeline_tuner/html/assets/fonts/Rajdhani-Medium.ttf
server/[timeline-extensions]/timeline_tuner/html/assets/fonts/Rajdhani-Regular.ttf,resources/timeline_tuner/html/assets/fonts/Rajdhani-Regular.ttf,377860,timeline-owned-candidate,https://cdn.jsdelivr.net/gh/<GITHUB_USER>/timeline@main/resources/timeline_tuner/html/assets/fonts/Rajdhani-Regular.ttf
server/[timeline-extensions]/timeline_tuner/html/assets/fonts/PinkSans.ttf,resources/timeline_tuner/html/assets/fonts/PinkSans.ttf,80304,timeline-owned-candidate,https://cdn.jsdelivr.net/gh/<GITHUB_USER>/timeline@main/resources/timeline_tuner/html/assets/fonts/PinkSans.ttf
server/[timeline-extensions]/timeline_tuner/html/assets/fonts/Rajdhani-Bold.ttf,resources/timeline_tuner/html/assets/fonts/Rajdhani-Bold.ttf,400680,timeline-owned-candidate,https://cdn.jsdelivr.net/gh/<GITHUB_USER>/timeline@main/resources/timeline_tuner/html/assets/fonts/Rajdhani-Bold.ttf
server/[timeline-extensions]/timeline_tuner/html/assets/fonts/Rajdhani-SemiBold.ttf,resources/timeline_tuner/html/assets/fonts/Rajdhani-SemiBold.ttf,390340,timeline-owned-candidate,https://cdn.jsdelivr.net/gh/<GITHUB_USER>/timeline@main/resources/timeline_tuner/html/assets/fonts/Rajdhani-SemiBold.ttf
server/[timeline-extensions]/timeline_tuner/html/assets/images/bg.png,resources/timeline_tuner/html/assets/images/bg.png,2143938,timeline-owned-candidate,https://cdn.jsdelivr.net/gh/<GITHUB_USER>/timeline@main/resources/timeline_tuner/html/assets/images/bg.png
server/[timeline-extensions]/timeline_tuner/html/assets/css/style.css,resources/timeline_tuner/html/assets/css/style.css,5536,timeline-owned-candidate,https://cdn.jsdelivr.net/gh/<GITHUB_USER>/timeline@main/resources/timeline_tuner/html/assets/css/style.css
server/[timeline-extensions]/timeline_tuner/html/assets/css/fonts.css,resources/timeline_tuner/html/assets/css/fonts.css,446,timeline-owned-candidate,https://cdn.jsdelivr.net/gh/<GITHUB_USER>/timeline@main/resources/timeline_tuner/html/assets/css/fonts.css
server/[timeline-extensions]/timeline_tuner/html/fonts/Arame.ttf,resources/timeline_tuner/html/fonts/Arame.ttf,52544,timeline-owned-candidate,https://cdn.jsdelivr.net/gh/<GITHUB_USER>/timeline@main/resources/timeline_tuner/html/fonts/Arame.ttf
server/[timeline-extensions]/timeline_tuner/html/script.js,resources/timeline_tuner/html/script.js,17131,timeline-owned-candidate,https://cdn.jsdelivr.net/gh/<GITHUB_USER>/timeline@main/resources/timeline_tuner/html/script.js
server/[timeline-extensions]/timeline_tuner/html/img/AirFilter.png,resources/timeline_tuner/html/img/AirFilter.png,2180,timeline-owned-candidate,https://cdn.jsdelivr.net/gh/<GITHUB_USER>/timeline@main/resources/timeline_tuner/html/img/AirFilter.png
server/[timeline-extensions]/timeline_tuner/html/img/Dashboard.png,resources/timeline_tuner/html/img/Dashboard.png,4740,timeline-owned-candidate,https://cdn.jsdelivr.net/gh/<GITHUB_USER>/timeline@main/resources/timeline_tuner/html/img/Dashboard.png
server/[timeline-extensions]/timeline_tuner/html/img/PlateHolder.png,resources/timeline_tuner/html/img/PlateHolder.png,21075,timeline-owned-candidate,https://cdn.jsdelivr.net/gh/<GITHUB_USER>/timeline@main/resources/timeline_tuner/html/img/PlateHolder.png
server/[timeline-extensions]/timeline_tuner/html/img/Turbo.png,resources/timeline_tuner/html/img/Turbo.png,42824,timeline-owned-candidate,https://cdn.jsdelivr.net/gh/<GITHUB_USER>/timeline@main/resources/timeline_tuner/html/img/Turbo.png
server/[timeline-extensions]/timeline_tuner/html/img/Hydraulic.png,resources/timeline_tuner/html/img/Hydraulic.png,1255,timeline-owned-candidate,https://cdn.jsdelivr.net/gh/<GITHUB_USER>/timeline@main/resources/timeline_tuner/html/img/Hydraulic.png
server/[timeline-extensions]/timeline_tuner/html/img/FrontBumper.png,resources/timeline_tuner/html/img/FrontBumper.png,13544,timeline-owned-candidate,https://cdn.jsdelivr.net/gh/<GITHUB_USER>/timeline@main/resources/timeline_tuner/html/img/FrontBumper.png
server/[timeline-extensions]/timeline_tuner/html/img/TrimB.png,resources/timeline_tuner/html/img/TrimB.png,1716,timeline-owned-candidate,https://cdn.jsdelivr.net/gh/<GITHUB_USER>/timeline@main/resources/timeline_tuner/html/img/TrimB.png
server/[timeline-extensions]/timeline_tuner/html/img/color.png,resources/timeline_tuner/html/img/color.png,1826,timeline-owned-candidate,https://cdn.jsdelivr.net/gh/<GITHUB_USER>/timeline@main/resources/timeline_tuner/html/img/color.png
server/[timeline-extensions]/timeline_tuner/html/img/bproof.png,resources/timeline_tuner/html/img/bproof.png,1207,timeline-owned-candidate,https://cdn.jsdelivr.net/gh/<GITHUB_USER>/timeline@main/resources/timeline_tuner/html/img/bproof.png
server/[timeline-extensions]/timeline_tuner/html/img/Strut.png,resources/timeline_tuner/html/img/Strut.png,2488,timeline-owned-candidate,https://cdn.jsdelivr.net/gh/<GITHUB_USER>/timeline@main/resources/timeline_tuner/html/img/Strut.png
server/[timeline-extensions]/timeline_tuner/html/img/Brake.png,resources/timeline_tuner/html/img/Brake.png,25538,timeline-owned-candidate,https://cdn.jsdelivr.net/gh/<GITHUB_USER>/timeline@main/resources/timeline_tuner/html/img/Brake.png
server/[timeline-extensions]/timeline_tuner/html/img/lowrider.png,resources/timeline_tuner/html/img/lowrider.png,29491,timeline-owned-candidate,https://cdn.jsdelivr.net/gh/<GITHUB_USER>/timeline@main/resources/timeline_tuner/html/img/lowrider.png
server/[timeline-extensions]/timeline_tuner/html/img/Horn.png,resources/timeline_tuner/html/img/Horn.png,12829,timeline-owned-candidate,https://cdn.jsdelivr.net/gh/<GITHUB_USER>/timeline@main/resources/timeline_tuner/html/img/Horn.png
server/[timeline-extensions]/timeline_tuner/html/img/TyreSmoke.png,resources/timeline_tuner/html/img/TyreSmoke.png,3315,timeline-owned-candidate,https://cdn.jsdelivr.net/gh/<GITHUB_USER>/timeline@main/resources/timeline_tuner/html/img/TyreSmoke.png
server/[timeline-extensions]/timeline_tuner/html/img/offroad.png,resources/timeline_tuner/html/img/offroad.png,23275,timeline-owned-candidate,https://cdn.jsdelivr.net/gh/<GITHUB_USER>/timeline@main/resources/timeline_tuner/html/img/offroad.png
server/[timeline-extensions]/timeline_tuner/html/img/bg.png,resources/timeline_tuner/html/img/bg.png,156800,timeline-owned-candidate,https://cdn.jsdelivr.net/gh/<GITHUB_USER>/timeline@main/resources/timeline_tuner/html/img/bg.png
server/[timeline-extensions]/timeline_tuner/html/img/Headlights.png,resources/timeline_tuner/html/img/Headlights.png,17361,timeline-owned-candidate,https://cdn.jsdelivr.net/gh/<GITHUB_USER>/timeline@main/resources/timeline_tuner/html/img/Headlights.png
server/[timeline-extensions]/timeline_tuner/html/img/SteeringWheel.png,resources/timeline_tuner/html/img/SteeringWheel.png,4866,timeline-owned-candidate,https://cdn.jsdelivr.net/gh/<GITHUB_USER>/timeline@main/resources/timeline_tuner/html/img/SteeringWheel.png
server/[timeline-extensions]/timeline_tuner/html/img/Armor.png,resources/timeline_tuner/html/img/Armor.png,27790,timeline-owned-candidate,https://cdn.jsdelivr.net/gh/<GITHUB_USER>/timeline@main/resources/timeline_tuner/html/img/Armor.png
server/[timeline-extensions]/timeline_tuner/html/img/TrimA.png,resources/timeline_tuner/html/img/TrimA.png,2065,timeline-owned-candidate,https://cdn.jsdelivr.net/gh/<GITHUB_USER>/timeline@main/resources/timeline_tuner/html/img/TrimA.png
server/[timeline-extensions]/timeline_tuner/html/img/muscle.png,resources/timeline_tuner/html/img/muscle.png,38983,timeline-owned-candidate,https://cdn.jsdelivr.net/gh/<GITHUB_USER>/timeline@main/resources/timeline_tuner/html/img/muscle.png
server/[timeline-extensions]/timeline_tuner/html/img/Hood.png,resources/timeline_tuner/html/img/Hood.png,15844,timeline-owned-candidate,https://cdn.jsdelivr.net/gh/<GITHUB_USER>/timeline@main/resources/timeline_tuner/html/img/Hood.png
server/[timeline-extensions]/timeline_tuner/html/img/windtint.png,resources/timeline_tuner/html/img/windtint.png,20721,timeline-owned-candidate,https://cdn.jsdelivr.net/gh/<GITHUB_USER>/timeline@main/resources/timeline_tuner/html/img/windtint.png
server/[timeline-extensions]/timeline_tuner/html/img/VanityPlate.png,resources/timeline_tuner/html/img/VanityPlate.png,6795,timeline-owned-candidate,https://cdn.jsdelivr.net/gh/<GITHUB_USER>/timeline@main/resources/timeline_tuner/html/img/VanityPlate.png
server/[timeline-extensions]/timeline_tuner/html/img/TyresFront.png,resources/timeline_tuner/html/img/TyresFront.png,31503,timeline-owned-candidate,https://cdn.jsdelivr.net/gh/<GITHUB_USER>/timeline@main/resources/timeline_tuner/html/img/TyresFront.png
server/[timeline-extensions]/timeline_tuner/html/img/SideSkirt.png,resources/timeline_tuner/html/img/SideSkirt.png,14051,timeline-owned-candidate,https://cdn.jsdelivr.net/gh/<GITHUB_USER>/timeline@main/resources/timeline_tuner/html/img/SideSkirt.png
server/[timeline-extensions]/timeline_tuner/html/img/neons.png,resources/timeline_tuner/html/img/neons.png,25764,timeline-owned-candidate,https://cdn.jsdelivr.net/gh/<GITHUB_USER>/timeline@main/resources/timeline_tuner/html/img/neons.png
server/[timeline-extensions]/timeline_tuner/html/img/Grill.png,resources/timeline_tuner/html/img/Grill.png,8483,timeline-owned-candidate,https://cdn.jsdelivr.net/gh/<GITHUB_USER>/timeline@main/resources/timeline_tuner/html/img/Grill.png
server/[timeline-extensions]/timeline_tuner/html/img/suspension.png,resources/timeline_tuner/html/img/suspension.png,34759,timeline-owned-candidate,https://cdn.jsdelivr.net/gh/<GITHUB_USER>/timeline@main/resources/timeline_tuner/html/img/suspension.png
server/[timeline-extensions]/timeline_tuner/html/img/extra.png,resources/timeline_tuner/html/img/extra.png,1006,timeline-owned-candidate,https://cdn.jsdelivr.net/gh/<GITHUB_USER>/timeline@main/resources/timeline_tuner/html/img/extra.png
server/[timeline-extensions]/timeline_tuner/html/img/Exhaust.png,resources/timeline_tuner/html/img/Exhaust.png,25958,timeline-owned-candidate,https://cdn.jsdelivr.net/gh/<GITHUB_USER>/timeline@main/resources/timeline_tuner/html/img/Exhaust.png
server/[timeline-extensions]/timeline_tuner/html/img/Dial.png,resources/timeline_tuner/html/img/Dial.png,29891,timeline-owned-candidate,https://cdn.jsdelivr.net/gh/<GITHUB_USER>/timeline@main/resources/timeline_tuner/html/img/Dial.png
server/[timeline-extensions]/timeline_tuner/html/img/ShifterLeaver.png,resources/timeline_tuner/html/img/ShifterLeaver.png,1440,timeline-owned-candidate,https://cdn.jsdelivr.net/gh/<GITHUB_USER>/timeline@main/resources/timeline_tuner/html/img/ShifterLeaver.png
server/[timeline-extensions]/timeline_tuner/html/img/Doors.png,resources/timeline_tuner/html/img/Doors.png,17294,timeline-owned-candidate,https://cdn.jsdelivr.net/gh/<GITHUB_USER>/timeline@main/resources/timeline_tuner/html/img/Doors.png
server/[timeline-extensions]/timeline_tuner/html/img/Livery.png,resources/timeline_tuner/html/img/Livery.png,25537,timeline-owned-candidate,https://cdn.jsdelivr.net/gh/<GITHUB_USER>/timeline@main/resources/timeline_tuner/html/img/Livery.png
server/[timeline-extensions]/timeline_tuner/html/img/f1.png,resources/timeline_tuner/html/img/f1.png,23275,timeline-owned-candidate,https://cdn.jsdelivr.net/gh/<GITHUB_USER>/timeline@main/resources/timeline_tuner/html/img/f1.png
server/[timeline-extensions]/timeline_tuner/html/img/Pearlescent.png,resources/timeline_tuner/html/img/Pearlescent.png,1687,timeline-owned-candidate,https://cdn.jsdelivr.net/gh/<GITHUB_USER>/timeline@main/resources/timeline_tuner/html/img/Pearlescent.png
server/[timeline-extensions]/timeline_tuner/html/img/costum.png,resources/timeline_tuner/html/img/costum.png,2578,timeline-owned-candidate,https://cdn.jsdelivr.net/gh/<GITHUB_USER>/timeline@main/resources/timeline_tuner/html/img/costum.png
server/[timeline-extensions]/timeline_tuner/html/img/RightFender.png,resources/timeline_tuner/html/img/RightFender.png,10139,timeline-owned-candidate,https://cdn.jsdelivr.net/gh/<GITHUB_USER>/timeline@main/resources/timeline_tuner/html/img/RightFender.png
server/[timeline-extensions]/timeline_tuner/html/img/Interior.png,resources/timeline_tuner/html/img/Interior.png,24740,timeline-owned-candidate,https://cdn.jsdelivr.net/gh/<GITHUB_USER>/timeline@main/resources/timeline_tuner/html/img/Interior.png
server/[timeline-extensions]/timeline_tuner/html/img/Trunk.png,resources/timeline_tuner/html/img/Trunk.png,4659,timeline-owned-candidate,https://cdn.jsdelivr.net/gh/<GITHUB_USER>/timeline@main/resources/timeline_tuner/html/img/Trunk.png
server/[timeline-extensions]/timeline_tuner/html/img/motorcycle.png,resources/timeline_tuner/html/img/motorcycle.png,49040,timeline-owned-candidate,https://cdn.jsdelivr.net/gh/<GITHUB_USER>/timeline@main/resources/timeline_tuner/html/img/motorcycle.png
server/[timeline-extensions]/timeline_tuner/html/img/Engine.png,resources/timeline_tuner/html/img/Engine.png,34889,timeline-owned-candidate,https://cdn.jsdelivr.net/gh/<GITHUB_USER>/timeline@main/resources/timeline_tuner/html/img/Engine.png
server/[timeline-extensions]/timeline_tuner/html/img/Seats.png,resources/timeline_tuner/html/img/Seats.png,14084,timeline-owned-candidate,https://cdn.jsdelivr.net/gh/<GITHUB_USER>/timeline@main/resources/timeline_tuner/html/img/Seats.png
server/[timeline-extensions]/timeline_tuner/html/img/track.png,resources/timeline_tuner/html/img/track.png,3960,timeline-owned-candidate,https://cdn.jsdelivr.net/gh/<GITHUB_USER>/timeline@main/resources/timeline_tuner/html/img/track.png
server/[timeline-extensions]/timeline_tuner/html/img/drift.png,resources/timeline_tuner/html/img/drift.png,3415,timeline-owned-candidate,https://cdn.jsdelivr.net/gh/<GITHUB_USER>/timeline@main/resources/timeline_tuner/html/img/drift.png
server/[timeline-extensions]/timeline_tuner/html/img/bespoke.png,resources/timeline_tuner/html/img/bespoke.png,3960,timeline-owned-candidate,https://cdn.jsdelivr.net/gh/<GITHUB_USER>/timeline@main/resources/timeline_tuner/html/img/bespoke.png
server/[timeline-extensions]/timeline_tuner/html/img/Transmission.png,resources/timeline_tuner/html/img/Transmission.png,15282,timeline-owned-candidate,https://cdn.jsdelivr.net/gh/<GITHUB_USER>/timeline@main/resources/timeline_tuner/html/img/Transmission.png
server/[timeline-extensions]/timeline_tuner/html/img/EngineBlock.png,resources/timeline_tuner/html/img/EngineBlock.png,3968,timeline-owned-candidate,https://cdn.jsdelivr.net/gh/<GITHUB_USER>/timeline@main/resources/timeline_tuner/html/img/EngineBlock.png
server/[timeline-extensions]/timeline_tuner/html/img/LeftFender.png,resources/timeline_tuner/html/img/LeftFender.png,10139,timeline-owned-candidate,https://cdn.jsdelivr.net/gh/<GITHUB_USER>/timeline@main/resources/timeline_tuner/html/img/LeftFender.png
server/[timeline-extensions]/timeline_tuner/html/img/bennys.png,resources/timeline_tuner/html/img/bennys.png,33005,timeline-owned-candidate,https://cdn.jsdelivr.net/gh/<GITHUB_USER>/timeline@main/resources/timeline_tuner/html/img/bennys.png
server/[timeline-extensions]/timeline_tuner/html/img/tyresoptions.png,resources/timeline_tuner/html/img/tyresoptions.png,3512,timeline-owned-candidate,https://cdn.jsdelivr.net/gh/<GITHUB_USER>/timeline@main/resources/timeline_tuner/html/img/tyresoptions.png
server/[timeline-extensions]/timeline_tuner/html/img/sport.png,resources/timeline_tuner/html/img/sport.png,22400,timeline-owned-candidate,https://cdn.jsdelivr.net/gh/<GITHUB_USER>/timeline@main/resources/timeline_tuner/html/img/sport.png
server/[timeline-extensions]/timeline_tuner/html/img/Spoiler.png,resources/timeline_tuner/html/img/Spoiler.png,14866,timeline-owned-candidate,https://cdn.jsdelivr.net/gh/<GITHUB_USER>/timeline@main/resources/timeline_tuner/html/img/Spoiler.png
server/[timeline-extensions]/timeline_tuner/html/img/suv.png,resources/timeline_tuner/html/img/suv.png,25719,timeline-owned-candidate,https://cdn.jsdelivr.net/gh/<GITHUB_USER>/timeline@main/resources/timeline_tuner/html/img/suv.png
server/[timeline-extensions]/timeline_tuner/html/img/Speakers.png,resources/timeline_tuner/html/img/Speakers.png,2871,timeline-owned-candidate,https://cdn.jsdelivr.net/gh/<GITHUB_USER>/timeline@main/resources/timeline_tuner/html/img/Speakers.png
server/[timeline-extensions]/timeline_tuner/html/img/rua.png,resources/timeline_tuner/html/img/rua.png,31503,timeline-owned-candidate,https://cdn.jsdelivr.net/gh/<GITHUB_USER>/timeline@main/resources/timeline_tuner/html/img/rua.png
server/[timeline-extensions]/timeline_tuner/html/img/RearBumper.png,resources/timeline_tuner/html/img/RearBumper.png,14269,timeline-owned-candidate,https://cdn.jsdelivr.net/gh/<GITHUB_USER>/timeline@main/resources/timeline_tuner/html/img/RearBumper.png
server/[timeline-extensions]/timeline_tuner/html/img/Aerial.png,resources/timeline_tuner/html/img/Aerial.png,17361,timeline-owned-candidate,https://cdn.jsdelivr.net/gh/<GITHUB_USER>/timeline@main/resources/timeline_tuner/html/img/Aerial.png
server/[timeline-extensions]/timeline_tuner/html/img/Ornaments.png,resources/timeline_tuner/html/img/Ornaments.png,28295,timeline-owned-candidate,https://cdn.jsdelivr.net/gh/<GITHUB_USER>/timeline@main/resources/timeline_tuner/html/img/Ornaments.png
server/[timeline-extensions]/timeline_tuner/html/img/Default.png,resources/timeline_tuner/html/img/Default.png,2908,timeline-owned-candidate,https://cdn.jsdelivr.net/gh/<GITHUB_USER>/timeline@main/resources/timeline_tuner/html/img/Default.png
server/[timeline-extensions]/timeline_tuner/html/img/Roof.png,resources/timeline_tuner/html/img/Roof.png,15245,timeline-owned-candidate,https://cdn.jsdelivr.net/gh/<GITHUB_USER>/timeline@main/resources/timeline_tuner/html/img/Roof.png
server/[timeline-extensions]/timeline_tuner/html/img/TyresBack.png,resources/timeline_tuner/html/img/TyresBack.png,49040,timeline-owned-candidate,https://cdn.jsdelivr.net/gh/<GITHUB_USER>/timeline@main/resources/timeline_tuner/html/img/TyresBack.png
server/[timeline-extensions]/timeline_tuner/html/img/highend.png,resources/timeline_tuner/html/img/highend.png,33005,timeline-owned-candidate,https://cdn.jsdelivr.net/gh/<GITHUB_USER>/timeline@main/resources/timeline_tuner/html/img/highend.png
server/[timeline-extensions]/timeline_tuner/html/img/ArchCover.png,resources/timeline_tuner/html/img/ArchCover.png,24749,timeline-owned-candidate,https://cdn.jsdelivr.net/gh/<GITHUB_USER>/timeline@main/resources/timeline_tuner/html/img/ArchCover.png
server/[timeline-extensions]/timeline_tuner/html/img/FuelTank.png,resources/timeline_tuner/html/img/FuelTank.png,1595,timeline-owned-candidate,https://cdn.jsdelivr.net/gh/<GITHUB_USER>/timeline@main/resources/timeline_tuner/html/img/FuelTank.png
server/[timeline-extensions]/timeline_tuner/html/img/Plaque.png,resources/timeline_tuner/html/img/Plaque.png,1910,timeline-owned-candidate,https://cdn.jsdelivr.net/gh/<GITHUB_USER>/timeline@main/resources/timeline_tuner/html/img/Plaque.png
server/[timeline-extensions]/timeline_tuner/html/img/tuner.png,resources/timeline_tuner/html/img/tuner.png,30101,timeline-owned-candidate,https://cdn.jsdelivr.net/gh/<GITHUB_USER>/timeline@main/resources/timeline_tuner/html/img/tuner.png
server/[timeline-extensions]/timeline_tuner/html/img/rgb.png,resources/timeline_tuner/html/img/rgb.png,7077,timeline-owned-candidate,https://cdn.jsdelivr.net/gh/<GITHUB_USER>/timeline@main/resources/timeline_tuner/html/img/rgb.png
server/[timeline-extensions]/timeline_tuner/html/img/Window.png,resources/timeline_tuner/html/img/Window.png,20721,timeline-owned-candidate,https://cdn.jsdelivr.net/gh/<GITHUB_USER>/timeline@main/resources/timeline_tuner/html/img/Window.png
server/[timeline-extensions]/timeline_tuner/html/img/Plate.png,resources/timeline_tuner/html/img/Plate.png,21075,timeline-owned-candidate,https://cdn.jsdelivr.net/gh/<GITHUB_USER>/timeline@main/resources/timeline_tuner/html/img/Plate.png
server/[timeline-extensions]/timeline_tuner/html/img/RollCage.png,resources/timeline_tuner/html/img/RollCage.png,27691,timeline-owned-candidate,https://cdn.jsdelivr.net/gh/<GITHUB_USER>/timeline@main/resources/timeline_tuner/html/img/RollCage.png
server/[timeline-extensions]/timeline_tuner/html/main.css,resources/timeline_tuner/html/main.css,10103,timeline-owned-candidate,https://cdn.jsdelivr.net/gh/<GITHUB_USER>/timeline@main/resources/timeline_tuner/html/main.css
server/[timeline-extensions]/timeline_tuner/html/back.svg,resources/timeline_tuner/html/back.svg,1200,timeline-owned-candidate,https://cdn.jsdelivr.net/gh/<GITHUB_USER>/timeline@main/resources/timeline_tuner/html/back.svg
server/[timeline-extensions]/timeline_licenseplates/html/assets/fonts/HalvarBreit-Rg.ttf,resources/timeline_licenseplates/html/assets/fonts/HalvarBreit-Rg.ttf,141364,timeline-owned-candidate,https://cdn.jsdelivr.net/gh/<GITHUB_USER>/timeline@main/resources/timeline_licenseplates/html/assets/fonts/HalvarBreit-Rg.ttf
server/[timeline-extensions]/timeline_licenseplates/html/assets/fonts/HalvarBreit-Bd.ttf,resources/timeline_licenseplates/html/assets/fonts/HalvarBreit-Bd.ttf,140920,timeline-owned-candidate,https://cdn.jsdelivr.net/gh/<GITHUB_USER>/timeline@main/resources/timeline_licenseplates/html/assets/fonts/HalvarBreit-Bd.ttf
server/[timeline-extensions]/timeline_licenseplates/html/assets/fonts/HalvarBreit-Lt.ttf,resources/timeline_licenseplates/html/assets/fonts/HalvarBreit-Lt.ttf,141792,timeline-owned-candidate,https://cdn.jsdelivr.net/gh/<GITHUB_USER>/timeline@main/resources/timeline_licenseplates/html/assets/fonts/HalvarBreit-Lt.ttf
server/[timeline-extensions]/timeline_licenseplates/html/assets/fonts/HalvarBreit-Blk.ttf,resources/timeline_licenseplates/html/assets/fonts/HalvarBreit-Blk.ttf,140256,timeline-owned-candidate,https://cdn.jsdelivr.net/gh/<GITHUB_USER>/timeline@main/resources/timeline_licenseplates/html/assets/fonts/HalvarBreit-Blk.ttf
server/[timeline-extensions]/timeline_licenseplates/html/assets/images/warning-ic.png,resources/timeline_licenseplates/html/assets/images/warning-ic.png,2431,timeline-owned-candidate,https://cdn.jsdelivr.net/gh/<GITHUB_USER>/timeline@main/resources/timeline_licenseplates/html/assets/images/warning-ic.png
server/[timeline-extensions]/timeline_licenseplates/html/assets/images/bg-logo.png,resources/timeline_licenseplates/html/assets/images/bg-logo.png,148120,timeline-owned-candidate,https://cdn.jsdelivr.net/gh/<GITHUB_USER>/timeline@main/resources/timeline_licenseplates/html/assets/images/bg-logo.png
server/[timeline-extensions]/timeline_licenseplates/html/assets/images/main-number-bg.png,resources/timeline_licenseplates/html/assets/images/main-number-bg.png,43341,timeline-owned-candidate,https://cdn.jsdelivr.net/gh/<GITHUB_USER>/timeline@main/resources/timeline_licenseplates/html/assets/images/main-number-bg.png
server/[timeline-extensions]/timeline_licenseplates/html/assets/images/left-top-num.png,resources/timeline_licenseplates/html/assets/images/left-top-num.png,12295,timeline-owned-candidate,https://cdn.jsdelivr.net/gh/<GITHUB_USER>/timeline@main/resources/timeline_licenseplates/html/assets/images/left-top-num.png
server/[timeline-extensions]/timeline_licenseplates/html/assets/css/style.css,resources/timeline_licenseplates/html/assets/css/style.css,4390,timeline-owned-candidate,https://cdn.jsdelivr.net/gh/<GITHUB_USER>/timeline@main/resources/timeline_licenseplates/html/assets/css/style.css
server/[timeline-extensions]/timeline_licenseplates/html/assets/css/config.css,resources/timeline_licenseplates/html/assets/css/config.css,737,timeline-owned-candidate,https://cdn.jsdelivr.net/gh/<GITHUB_USER>/timeline@main/resources/timeline_licenseplates/html/assets/css/config.css
server/[timeline-extensions]/timeline_licenseplates/html/assets/css/fonts.css,resources/timeline_licenseplates/html/assets/css/fonts.css,350,timeline-owned-candidate,https://cdn.jsdelivr.net/gh/<GITHUB_USER>/timeline@main/resources/timeline_licenseplates/html/assets/css/fonts.css
server/[timeline-extensions]/timeline_licenseplates/html/script.js,resources/timeline_licenseplates/html/script.js,902,timeline-owned-candidate,https://cdn.jsdelivr.net/gh/<GITHUB_USER>/timeline@main/resources/timeline_licenseplates/html/script.js
server/[timeline-extensions]/timeline_gym/html/assets/fonts/Rajdhani-Medium.ttf,resources/timeline_gym/html/assets/fonts/Rajdhani-Medium.ttf,384348,timeline-owned-candidate,https://cdn.jsdelivr.net/gh/<GITHUB_USER>/timeline@main/resources/timeline_gym/html/assets/fonts/Rajdhani-Medium.ttf
server/[timeline-extensions]/timeline_gym/html/assets/fonts/RevxNeueSemiBold.ttf,resources/timeline_gym/html/assets/fonts/RevxNeueSemiBold.ttf,110196,timeline-owned-candidate,https://cdn.jsdelivr.net/gh/<GITHUB_USER>/timeline@main/resources/timeline_gym/html/assets/fonts/RevxNeueSemiBold.ttf
server/[timeline-extensions]/timeline_gym/html/assets/fonts/RevxNeueRegular.ttf,resources/timeline_gym/html/assets/fonts/RevxNeueRegular.ttf,110676,timeline-owned-candidate,https://cdn.jsdelivr.net/gh/<GITHUB_USER>/timeline@main/resources/timeline_gym/html/assets/fonts/RevxNeueRegular.ttf
server/[timeline-extensions]/timeline_gym/html/assets/fonts/Rajdhani-Regular.ttf,resources/timeline_gym/html/assets/fonts/Rajdhani-Regular.ttf,377860,timeline-owned-candidate,https://cdn.jsdelivr.net/gh/<GITHUB_USER>/timeline@main/resources/timeline_gym/html/assets/fonts/Rajdhani-Regular.ttf
server/[timeline-extensions]/timeline_gym/html/assets/fonts/Arame.ttf,resources/timeline_gym/html/assets/fonts/Arame.ttf,52544,timeline-owned-candidate,https://cdn.jsdelivr.net/gh/<GITHUB_USER>/timeline@main/resources/timeline_gym/html/assets/fonts/Arame.ttf
server/[timeline-extensions]/timeline_gym/html/assets/fonts/PinkSans.ttf,resources/timeline_gym/html/assets/fonts/PinkSans.ttf,80304,timeline-owned-candidate,https://cdn.jsdelivr.net/gh/<GITHUB_USER>/timeline@main/resources/timeline_gym/html/assets/fonts/PinkSans.ttf
server/[timeline-extensions]/timeline_gym/html/assets/fonts/RevxNeueBlack.ttf,resources/timeline_gym/html/assets/fonts/RevxNeueBlack.ttf,116476,timeline-owned-candidate,https://cdn.jsdelivr.net/gh/<GITHUB_USER>/timeline@main/resources/timeline_gym/html/assets/fonts/RevxNeueBlack.ttf
server/[timeline-extensions]/timeline_gym/html/assets/fonts/Rajdhani-Bold.ttf,resources/timeline_gym/html/assets/fonts/Rajdhani-Bold.ttf,400680,timeline-owned-candidate,https://cdn.jsdelivr.net/gh/<GITHUB_USER>/timeline@main/resources/timeline_gym/html/assets/fonts/Rajdhani-Bold.ttf
server/[timeline-extensions]/timeline_gym/html/assets/fonts/RevxNeueMedium.ttf,resources/timeline_gym/html/assets/fonts/RevxNeueMedium.ttf,110520,timeline-owned-candidate,https://cdn.jsdelivr.net/gh/<GITHUB_USER>/timeline@main/resources/timeline_gym/html/assets/fonts/RevxNeueMedium.ttf
server/[timeline-extensions]/timeline_gym/html/assets/fonts/Rajdhani-SemiBold.ttf,resources/timeline_gym/html/assets/fonts/Rajdhani-SemiBold.ttf,390340,timeline-owned-candidate,https://cdn.jsdelivr.net/gh/<GITHUB_USER>/timeline@main/resources/timeline_gym/html/assets/fonts/Rajdhani-SemiBold.ttf
server/[timeline-extensions]/timeline_gym/html/assets/fonts/RevxNeueBold.ttf,resources/timeline_gym/html/assets/fonts/RevxNeueBold.ttf,110012,timeline-owned-candidate,https://cdn.jsdelivr.net/gh/<GITHUB_USER>/timeline@main/resources/timeline_gym/html/assets/fonts/RevxNeueBold.ttf
server/[timeline-extensions]/timeline_gym/html/assets/js/app.js,resources/timeline_gym/html/assets/js/app.js,4881,timeline-owned-candidate,https://cdn.jsdelivr.net/gh/<GITHUB_USER>/timeline@main/resources/timeline_gym/html/assets/js/app.js
server/[timeline-extensions]/timeline_gym/html/assets/icons/price_diamant.svg,resources/timeline_gym/html/assets/icons/price_diamant.svg,1491,timeline-owned-candidate,https://cdn.jsdelivr.net/gh/<GITHUB_USER>/timeline@main/resources/timeline_gym/html/assets/icons/price_diamant.svg
server/[timeline-extensions]/timeline_gym/html/assets/icons/vip_gold.svg,resources/timeline_gym/html/assets/icons/vip_gold.svg,5799,timeline-owned-candidate,https://cdn.jsdelivr.net/gh/<GITHUB_USER>/timeline@main/resources/timeline_gym/html/assets/icons/vip_gold.svg
server/[timeline-extensions]/timeline_gym/html/assets/icons/heli.svg,resources/timeline_gym/html/assets/icons/heli.svg,2039,timeline-owned-candidate,https://cdn.jsdelivr.net/gh/<GITHUB_USER>/timeline@main/resources/timeline_gym/html/assets/icons/heli.svg
server/[timeline-extensions]/timeline_gym/html/assets/icons/vip_platin.svg,resources/timeline_gym/html/assets/icons/vip_platin.svg,5799,timeline-owned-candidate,https://cdn.jsdelivr.net/gh/<GITHUB_USER>/timeline@main/resources/timeline_gym/html/assets/icons/vip_platin.svg
server/[timeline-extensions]/timeline_gym/html/assets/icons/kg.svg,resources/timeline_gym/html/assets/icons/kg.svg,733,timeline-owned-candidate,https://cdn.jsdelivr.net/gh/<GITHUB_USER>/timeline@main/resources/timeline_gym/html/assets/icons/kg.svg
server/[timeline-extensions]/timeline_gym/html/assets/icons/coins.svg,resources/timeline_gym/html/assets/icons/coins.svg,1491,timeline-owned-candidate,https://cdn.jsdelivr.net/gh/<GITHUB_USER>/timeline@main/resources/timeline_gym/html/assets/icons/coins.svg
server/[timeline-extensions]/timeline_gym/html/assets/icons/info.svg,resources/timeline_gym/html/assets/icons/info.svg,789,timeline-owned-candidate,https://cdn.jsdelivr.net/gh/<GITHUB_USER>/timeline@main/resources/timeline_gym/html/assets/icons/info.svg
server/[timeline-extensions]/timeline_gym/html/assets/icons/price_gold.svg,resources/timeline_gym/html/assets/icons/price_gold.svg,1491,timeline-owned-candidate,https://cdn.jsdelivr.net/gh/<GITHUB_USER>/timeline@main/resources/timeline_gym/html/assets/icons/price_gold.svg
server/[timeline-extensions]/timeline_gym/html/assets/icons/deck.svg,resources/timeline_gym/html/assets/icons/deck.svg,1806,timeline-owned-candidate,https://cdn.jsdelivr.net/gh/<GITHUB_USER>/timeline@main/resources/timeline_gym/html/assets/icons/deck.svg
server/[timeline-extensions]/timeline_gym/html/assets/icons/price_platin.svg,resources/timeline_gym/html/assets/icons/price_platin.svg,1491,timeline-owned-candidate,https://cdn.jsdelivr.net/gh/<GITHUB_USER>/timeline@main/resources/timeline_gym/html/assets/icons/price_platin.svg
server/[timeline-extensions]/timeline_gym/html/assets/icons/check.svg,resources/timeline_gym/html/assets/icons/check.svg,639,timeline-owned-candidate,https://cdn.jsdelivr.net/gh/<GITHUB_USER>/timeline@main/resources/timeline_gym/html/assets/icons/check.svg
server/[timeline-extensions]/timeline_gym/html/assets/icons/vip.svg,resources/timeline_gym/html/assets/icons/vip.svg,2139,timeline-owned-candidate,https://cdn.jsdelivr.net/gh/<GITHUB_USER>/timeline@main/resources/timeline_gym/html/assets/icons/vip.svg
server/[timeline-extensions]/timeline_gym/html/assets/icons/vip_diamant.svg,resources/timeline_gym/html/assets/icons/vip_diamant.svg,5799,timeline-owned-candidate,https://cdn.jsdelivr.net/gh/<GITHUB_USER>/timeline@main/resources/timeline_gym/html/assets/icons/vip_diamant.svg
server/[timeline-extensions]/timeline_gym/html/assets/icons/close_popup.svg,resources/timeline_gym/html/assets/icons/close_popup.svg,1480,timeline-owned-candidate,https://cdn.jsdelivr.net/gh/<GITHUB_USER>/timeline@main/resources/timeline_gym/html/assets/icons/close_popup.svg
server/[timeline-extensions]/timeline_gym/html/assets/icons/items.svg,resources/timeline_gym/html/assets/icons/items.svg,1638,timeline-owned-candidate,https://cdn.jsdelivr.net/gh/<GITHUB_USER>/timeline@main/resources/timeline_gym/html/assets/icons/items.svg
server/[timeline-extensions]/timeline_gym/html/assets/icons/wheel.svg,resources/timeline_gym/html/assets/icons/wheel.svg,1062,timeline-owned-candidate,https://cdn.jsdelivr.net/gh/<GITHUB_USER>/timeline@main/resources/timeline_gym/html/assets/icons/wheel.svg
server/[timeline-extensions]/timeline_gym/html/assets/icons/close.svg,resources/timeline_gym/html/assets/icons/close.svg,1544,timeline-owned-candidate,https://cdn.jsdelivr.net/gh/<GITHUB_USER>/timeline@main/resources/timeline_gym/html/assets/icons/close.svg
server/[timeline-extensions]/timeline_gym/html/assets/icons/link.svg,resources/timeline_gym/html/assets/icons/link.svg,306,timeline-owned-candidate,https://cdn.jsdelivr.net/gh/<GITHUB_USER>/timeline@main/resources/timeline_gym/html/assets/icons/link.svg
server/[timeline-extensions]/timeline_gym/html/assets/icons/car.svg,resources/timeline_gym/html/assets/icons/car.svg,2134,timeline-owned-candidate,https://cdn.jsdelivr.net/gh/<GITHUB_USER>/timeline@main/resources/timeline_gym/html/assets/icons/car.svg
server/[timeline-extensions]/timeline_gym/html/assets/icons/balken.svg,resources/timeline_gym/html/assets/icons/balken.svg,358,timeline-owned-candidate,https://cdn.jsdelivr.net/gh/<GITHUB_USER>/timeline@main/resources/timeline_gym/html/assets/icons/balken.svg
server/[timeline-extensions]/timeline_gym/html/assets/images/bg.png,resources/timeline_gym/html/assets/images/bg.png,156800,timeline-owned-candidate,https://cdn.jsdelivr.net/gh/<GITHUB_USER>/timeline@main/resources/timeline_gym/html/assets/images/bg.png
server/[timeline-extensions]/timeline_gym/html/assets/css/style.css,resources/timeline_gym/html/assets/css/style.css,8706,timeline-owned-candidate,https://cdn.jsdelivr.net/gh/<GITHUB_USER>/timeline@main/resources/timeline_gym/html/assets/css/style.css
server/[timeline-extensions]/timeline_gym/html/assets/css/gym.css,resources/timeline_gym/html/assets/css/gym.css,3975,timeline-owned-candidate,https://cdn.jsdelivr.net/gh/<GITHUB_USER>/timeline@main/resources/timeline_gym/html/assets/css/gym.css
server/[timeline-extensions]/timeline_gym/html/assets/css/fonts.css,resources/timeline_gym/html/assets/css/fonts.css,557,timeline-owned-candidate,https://cdn.jsdelivr.net/gh/<GITHUB_USER>/timeline@main/resources/timeline_gym/html/assets/css/fonts.css
server/[timeline-extensions]/timeline_supermarket/frontend/style.css,resources/timeline_supermarket/frontend/style.css,11674,timeline-owned-candidate,https://cdn.jsdelivr.net/gh/<GITHUB_USER>/timeline@main/resources/timeline_supermarket/frontend/style.css
server/[timeline-extensions]/timeline_supermarket/frontend/fonts/Arame.ttf,resources/timeline_supermarket/frontend/fonts/Arame.ttf,52544,timeline-owned-candidate,https://cdn.jsdelivr.net/gh/<GITHUB_USER>/timeline@main/resources/timeline_supermarket/frontend/fonts/Arame.ttf
server/[timeline-extensions]/timeline_supermarket/frontend/script.js,resources/timeline_supermarket/frontend/script.js,9154,timeline-owned-candidate,https://cdn.jsdelivr.net/gh/<GITHUB_USER>/timeline@main/resources/timeline_supermarket/frontend/script.js
server/[timeline-extensions]/timeline_supermarket/frontend/img/huhnsuppe.png,resources/timeline_supermarket/frontend/img/huhnsuppe.png,30412,timeline-owned-candidate,https://cdn.jsdelivr.net/gh/<GITHUB_USER>/timeline@main/resources/timeline_supermarket/frontend/img/huhnsuppe.png
server/[timeline-extensions]/timeline_supermarket/frontend/img/repairkit.png,resources/timeline_supermarket/frontend/img/repairkit.png,7363,timeline-owned-candidate,https://cdn.jsdelivr.net/gh/<GITHUB_USER>/timeline@main/resources/timeline_supermarket/frontend/img/repairkit.png
server/[timeline-extensions]/timeline_supermarket/frontend/img/sucuktoast.png,resources/timeline_supermarket/frontend/img/sucuktoast.png,15830,timeline-owned-candidate,https://cdn.jsdelivr.net/gh/<GITHUB_USER>/timeline@main/resources/timeline_supermarket/frontend/img/sucuktoast.png
server/[timeline-extensions]/timeline_supermarket/frontend/img/bg.png,resources/timeline_supermarket/frontend/img/bg.png,156800,timeline-owned-candidate,https://cdn.jsdelivr.net/gh/<GITHUB_USER>/timeline@main/resources/timeline_supermarket/frontend/img/bg.png
server/[timeline-extensions]/timeline_supermarket/frontend/img/sandwich.png,resources/timeline_supermarket/frontend/img/sandwich.png,24460,timeline-owned-candidate,https://cdn.jsdelivr.net/gh/<GITHUB_USER>/timeline@main/resources/timeline_supermarket/frontend/img/sandwich.png
server/[timeline-extensions]/timeline_supermarket/frontend/img/water.png,resources/timeline_supermarket/frontend/img/water.png,120370,timeline-owned-candidate,https://cdn.jsdelivr.net/gh/<GITHUB_USER>/timeline@main/resources/timeline_supermarket/frontend/img/water.png
server/[timeline-extensions]/timeline_supermarket/frontend/img/orangensaft.png,resources/timeline_supermarket/frontend/img/orangensaft.png,18771,timeline-owned-candidate,https://cdn.jsdelivr.net/gh/<GITHUB_USER>/timeline@main/resources/timeline_supermarket/frontend/img/orangensaft.png
server/[timeline-extensions]/timeline_supermarket/frontend/img/ammo.png,resources/timeline_supermarket/frontend/img/ammo.png,21233,timeline-owned-candidate,https://cdn.jsdelivr.net/gh/<GITHUB_USER>/timeline@main/resources/timeline_supermarket/frontend/img/ammo.png
server/[timeline-extensions]/timeline_supermarket/frontend/img/Pflaster.png,resources/timeline_supermarket/frontend/img/Pflaster.png,2067,timeline-owned-candidate,https://cdn.jsdelivr.net/gh/<GITHUB_USER>/timeline@main/resources/timeline_supermarket/frontend/img/Pflaster.png
server/[timeline-extensions]/timeline_supermarket/frontend/img/phone.png,resources/timeline_supermarket/frontend/img/phone.png,7879,timeline-owned-candidate,https://cdn.jsdelivr.net/gh/<GITHUB_USER>/timeline@main/resources/timeline_supermarket/frontend/img/phone.png
server/[timeline-extensions]/timeline_namechange/html/assets/fonts/Rajdhani-Medium.ttf,resources/timeline_namechange/html/assets/fonts/Rajdhani-Medium.ttf,384348,timeline-owned-candidate,https://cdn.jsdelivr.net/gh/<GITHUB_USER>/timeline@main/resources/timeline_namechange/html/assets/fonts/Rajdhani-Medium.ttf
server/[timeline-extensions]/timeline_namechange/html/assets/fonts/Rajdhani-Regular.ttf,resources/timeline_namechange/html/assets/fonts/Rajdhani-Regular.ttf,377860,timeline-owned-candidate,https://cdn.jsdelivr.net/gh/<GITHUB_USER>/timeline@main/resources/timeline_namechange/html/assets/fonts/Rajdhani-Regular.ttf
server/[timeline-extensions]/timeline_namechange/html/assets/fonts/PinkSans.ttf,resources/timeline_namechange/html/assets/fonts/PinkSans.ttf,80304,timeline-owned-candidate,https://cdn.jsdelivr.net/gh/<GITHUB_USER>/timeline@main/resources/timeline_namechange/html/assets/fonts/PinkSans.ttf
server/[timeline-extensions]/timeline_namechange/html/assets/fonts/Rajdhani-Bold.ttf,resources/timeline_namechange/html/assets/fonts/Rajdhani-Bold.ttf,400680,timeline-owned-candidate,https://cdn.jsdelivr.net/gh/<GITHUB_USER>/timeline@main/resources/timeline_namechange/html/assets/fonts/Rajdhani-Bold.ttf
server/[timeline-extensions]/timeline_namechange/html/assets/fonts/Rajdhani-SemiBold.ttf,resources/timeline_namechange/html/assets/fonts/Rajdhani-SemiBold.ttf,390340,timeline-owned-candidate,https://cdn.jsdelivr.net/gh/<GITHUB_USER>/timeline@main/resources/timeline_namechange/html/assets/fonts/Rajdhani-SemiBold.ttf
server/[timeline-extensions]/timeline_namechange/html/assets/images/bg.png,resources/timeline_namechange/html/assets/images/bg.png,156800,timeline-owned-candidate,https://cdn.jsdelivr.net/gh/<GITHUB_USER>/timeline@main/resources/timeline_namechange/html/assets/images/bg.png
server/[timeline-extensions]/timeline_namechange/html/fonts/Arame-Regular.ttf,resources/timeline_namechange/html/fonts/Arame-Regular.ttf,30020,timeline-owned-candidate,https://cdn.jsdelivr.net/gh/<GITHUB_USER>/timeline@main/resources/timeline_namechange/html/fonts/Arame-Regular.ttf
server/[timeline-extensions]/timeline_namechange/html/fonts/RBNo.ttf,resources/timeline_namechange/html/fonts/RBNo.ttf,63120,timeline-owned-candidate,https://cdn.jsdelivr.net/gh/<GITHUB_USER>/timeline@main/resources/timeline_namechange/html/fonts/RBNo.ttf
server/[timeline-extensions]/timeline_namechange/html/fonts/Arame.ttf,resources/timeline_namechange/html/fonts/Arame.ttf,52544,timeline-owned-candidate,https://cdn.jsdelivr.net/gh/<GITHUB_USER>/timeline@main/resources/timeline_namechange/html/fonts/Arame.ttf
server/[timeline-extensions]/timeline_namechange/html/fonts/PuristaTRIAL-Medium-BF676e1286a3d86.otf,resources/timeline_namechange/html/fonts/PuristaTRIAL-Medium-BF676e1286a3d86.otf,8456,timeline-owned-candidate,https://cdn.jsdelivr.net/gh/<GITHUB_USER>/timeline@main/resources/timeline_namechange/html/fonts/PuristaTRIAL-Medium-BF676e1286a3d86.otf
server/[timeline-extensions]/timeline_namechange/html/fonts/Arame Thin.ttf,resources/timeline_namechange/html/fonts/Arame Thin.ttf,53876,timeline-owned-candidate,https://cdn.jsdelivr.net/gh/<GITHUB_USER>/timeline@main/resources/timeline_namechange/html/fonts/Arame Thin.ttf
server/[timeline-extensions]/timeline_namechange/html/js/script.js,resources/timeline_namechange/html/js/script.js,3478,timeline-owned-candidate,https://cdn.jsdelivr.net/gh/<GITHUB_USER>/timeline@main/resources/timeline_namechange/html/js/script.js
server/[timeline-extensions]/timeline_namechange/html/img/contact0.png,resources/timeline_namechange/html/img/contact0.png,2092,timeline-owned-candidate,https://cdn.jsdelivr.net/gh/<GITHUB_USER>/timeline@main/resources/timeline_namechange/html/img/contact0.png
server/[timeline-extensions]/timeline_namechange/html/img/vector-210.svg,resources/timeline_namechange/html/img/vector-210.svg,443,timeline-owned-candidate,https://cdn.jsdelivr.net/gh/<GITHUB_USER>/timeline@main/resources/timeline_namechange/html/img/vector-210.svg
server/[timeline-extensions]/timeline_namechange/html/img/check-mark2.png,resources/timeline_namechange/html/img/check-mark2.png,2623,timeline-owned-candidate,https://cdn.jsdelivr.net/gh/<GITHUB_USER>/timeline@main/resources/timeline_namechange/html/img/check-mark2.png
server/[timeline-extensions]/timeline_namechange/html/img/vector-200.svg,resources/timeline_namechange/html/img/vector-200.svg,501,timeline-owned-candidate,https://cdn.jsdelivr.net/gh/<GITHUB_USER>/timeline@main/resources/timeline_namechange/html/img/vector-200.svg
server/[timeline-extensions]/timeline_namechange/html/img/check-mark0.png,resources/timeline_namechange/html/img/check-mark0.png,355,timeline-owned-candidate,https://cdn.jsdelivr.net/gh/<GITHUB_USER>/timeline@main/resources/timeline_namechange/html/img/check-mark0.png
server/[timeline-extensions]/timeline_namechange/html/img/check-mark1.png,resources/timeline_namechange/html/img/check-mark1.png,355,timeline-owned-candidate,https://cdn.jsdelivr.net/gh/<GITHUB_USER>/timeline@main/resources/timeline_namechange/html/img/check-mark1.png
server/[timeline-extensions]/timeline_namechange/html/img/name-tag0.png,resources/timeline_namechange/html/img/name-tag0.png,988,timeline-owned-candidate,https://cdn.jsdelivr.net/gh/<GITHUB_USER>/timeline@main/resources/timeline_namechange/html/img/name-tag0.png
server/[timeline-extensions]/timeline_namechange/html/img/bg.png,resources/timeline_namechange/html/img/bg.png,156800,timeline-owned-candidate,https://cdn.jsdelivr.net/gh/<GITHUB_USER>/timeline@main/resources/timeline_namechange/html/img/bg.png
server/[timeline-extensions]/timeline_namechange/html/img/name-tag1.png,resources/timeline_namechange/html/img/name-tag1.png,336,timeline-owned-candidate,https://cdn.jsdelivr.net/gh/<GITHUB_USER>/timeline@main/resources/timeline_namechange/html/img/name-tag1.png
server/[timeline-extensions]/timeline_namechange/html/img/contact1.png,resources/timeline_namechange/html/img/contact1.png,2092,timeline-owned-candidate,https://cdn.jsdelivr.net/gh/<GITHUB_USER>/timeline@main/resources/timeline_namechange/html/img/contact1.png
server/[timeline-extensions]/timeline_namechange/html/img/vector0.svg,resources/timeline_namechange/html/img/vector0.svg,3625,timeline-owned-candidate,https://cdn.jsdelivr.net/gh/<GITHUB_USER>/timeline@main/resources/timeline_namechange/html/img/vector0.svg
server/[timeline-extensions]/timeline_namechange/html/css/style.css,resources/timeline_namechange/html/css/style.css,6947,timeline-owned-candidate,https://cdn.jsdelivr.net/gh/<GITHUB_USER>/timeline@main/resources/timeline_namechange/html/css/style.css
server/[timeline-extensions]/timeline_omeapp/web/colors.css,resources/timeline_omeapp/web/colors.css,304,timeline-owned-candidate,https://cdn.jsdelivr.net/gh/<GITHUB_USER>/timeline@main/resources/timeline_omeapp/web/colors.css
server/[timeline-extensions]/timeline_omeapp/web/styles.css,resources/timeline_omeapp/web/styles.css,6765,timeline-owned-candidate,https://cdn.jsdelivr.net/gh/<GITHUB_USER>/timeline@main/resources/timeline_omeapp/web/styles.css
server/[timeline-extensions]/timeline_omeapp/web/assets/fonts/ArameMono.ttf,resources/timeline_omeapp/web/assets/fonts/ArameMono.ttf,47808,timeline-owned-candidate,https://cdn.jsdelivr.net/gh/<GITHUB_USER>/timeline@main/resources/timeline_omeapp/web/assets/fonts/ArameMono.ttf
server/[timeline-extensions]/timeline_omeapp/web/assets/circles.svg,resources/timeline_omeapp/web/assets/circles.svg,2215,timeline-owned-candidate,https://cdn.jsdelivr.net/gh/<GITHUB_USER>/timeline@main/resources/timeline_omeapp/web/assets/circles.svg
server/[timeline-extensions]/timeline_omeapp/web/dev.js,resources/timeline_omeapp/web/dev.js,2666,timeline-owned-candidate,https://cdn.jsdelivr.net/gh/<GITHUB_USER>/timeline@main/resources/timeline_omeapp/web/dev.js
server/[timeline-extensions]/timeline_omeapp/web/class/cortv.js,resources/timeline_omeapp/web/class/cortv.js,36035,timeline-owned-candidate,https://cdn.jsdelivr.net/gh/<GITHUB_USER>/timeline@main/resources/timeline_omeapp/web/class/cortv.js
server/[timeline-extensions]/timeline_omeapp/web/script.js,resources/timeline_omeapp/web/script.js,6619,timeline-owned-candidate,https://cdn.jsdelivr.net/gh/<GITHUB_USER>/timeline@main/resources/timeline_omeapp/web/script.js
server/[timeline-extensions]/timeline_omeapp/web/frame.css,resources/timeline_omeapp/web/frame.css,1174,timeline-owned-candidate,https://cdn.jsdelivr.net/gh/<GITHUB_USER>/timeline@main/resources/timeline_omeapp/web/frame.css
server/[timeline-extensions]/timeline_waffenhersteller/frontend/style.css,resources/timeline_waffenhersteller/frontend/style.css,8803,timeline-owned-candidate,https://cdn.jsdelivr.net/gh/<GITHUB_USER>/timeline@main/resources/timeline_waffenhersteller/frontend/style.css
server/[timeline-extensions]/timeline_waffenhersteller/frontend/fonts/Arame.ttf,resources/timeline_waffenhersteller/frontend/fonts/Arame.ttf,52544,timeline-owned-candidate,https://cdn.jsdelivr.net/gh/<GITHUB_USER>/timeline@main/resources/timeline_waffenhersteller/frontend/fonts/Arame.ttf
server/[timeline-extensions]/timeline_waffenhersteller/frontend/script.js,resources/timeline_waffenhersteller/frontend/script.js,4762,timeline-owned-candidate,https://cdn.jsdelivr.net/gh/<GITHUB_USER>/timeline@main/resources/timeline_waffenhersteller/frontend/script.js
server/[timeline-extensions]/timeline_waffenhersteller/frontend/img/bg.png,resources/timeline_waffenhersteller/frontend/img/bg.png,156800,timeline-owned-candidate,https://cdn.jsdelivr.net/gh/<GITHUB_USER>/timeline@main/resources/timeline_waffenhersteller/frontend/img/bg.png
server/[timeline-extensions]/timeline_waffenhersteller/frontend/imgs/sns.png,resources/timeline_waffenhersteller/frontend/imgs/sns.png,23098,timeline-owned-candidate,https://cdn.jsdelivr.net/gh/<GITHUB_USER>/timeline@main/resources/timeline_waffenhersteller/frontend/imgs/sns.png
server/[timeline-extensions]/timeline_waffenhersteller/frontend/imgs/mk2.png,resources/timeline_waffenhersteller/frontend/imgs/mk2.png,23098,timeline-owned-candidate,https://cdn.jsdelivr.net/gh/<GITHUB_USER>/timeline@main/resources/timeline_waffenhersteller/frontend/imgs/mk2.png
server/[timeline-extensions]/timeline_waffenhersteller/frontend/imgs/pistol50.png,resources/timeline_waffenhersteller/frontend/imgs/pistol50.png,23098,timeline-owned-candidate,https://cdn.jsdelivr.net/gh/<GITHUB_USER>/timeline@main/resources/timeline_waffenhersteller/frontend/imgs/pistol50.png
server/[timeline-extensions]/timeline_waffenhersteller/frontend/imgs/pistole.png,resources/timeline_waffenhersteller/frontend/imgs/pistole.png,23098,timeline-owned-candidate,https://cdn.jsdelivr.net/gh/<GITHUB_USER>/timeline@main/resources/timeline_waffenhersteller/frontend/imgs/pistole.png
server/[timeline-extensions]/timeline_waffenhersteller/frontend/imgs/pistol.png,resources/timeline_waffenhersteller/frontend/imgs/pistol.png,23098,timeline-owned-candidate,https://cdn.jsdelivr.net/gh/<GITHUB_USER>/timeline@main/resources/timeline_waffenhersteller/frontend/imgs/pistol.png
server/[timeline-extensions]/timeline_garage/frontend/style.css,resources/timeline_garage/frontend/style.css,8789,timeline-owned-candidate,https://cdn.jsdelivr.net/gh/<GITHUB_USER>/timeline@main/resources/timeline_garage/frontend/style.css
server/[timeline-extensions]/timeline_garage/frontend/fonts/Arame.ttf,resources/timeline_garage/frontend/fonts/Arame.ttf,52544,timeline-owned-candidate,https://cdn.jsdelivr.net/gh/<GITHUB_USER>/timeline@main/resources/timeline_garage/frontend/fonts/Arame.ttf
server/[timeline-extensions]/timeline_garage/frontend/script.js,resources/timeline_garage/frontend/script.js,7087,timeline-owned-candidate,https://cdn.jsdelivr.net/gh/<GITHUB_USER>/timeline@main/resources/timeline_garage/frontend/script.js
server/[timeline-extensions]/timeline_garage/frontend/images/bg.png,resources/timeline_garage/frontend/images/bg.png,156800,timeline-owned-candidate,https://cdn.jsdelivr.net/gh/<GITHUB_USER>/timeline@main/resources/timeline_garage/frontend/images/bg.png
server/[timeline-extensions]/timeline_haps/html/assets/fonts/Arame.ttf,resources/timeline_haps/html/assets/fonts/Arame.ttf,52544,timeline-owned-candidate,https://cdn.jsdelivr.net/gh/<GITHUB_USER>/timeline@main/resources/timeline_haps/html/assets/fonts/Arame.ttf
server/[timeline-extensions]/timeline_haps/html/assets/js/script.js,resources/timeline_haps/html/assets/js/script.js,6764,timeline-owned-candidate,https://cdn.jsdelivr.net/gh/<GITHUB_USER>/timeline@main/resources/timeline_haps/html/assets/js/script.js
server/[timeline-extensions]/timeline_haps/html/assets/images/bg.png,resources/timeline_haps/html/assets/images/bg.png,156800,timeline-owned-candidate,https://cdn.jsdelivr.net/gh/<GITHUB_USER>/timeline@main/resources/timeline_haps/html/assets/images/bg.png
server/[timeline-extensions]/timeline_haps/html/assets/css/style.css,resources/timeline_haps/html/assets/css/style.css,10034,timeline-owned-candidate,https://cdn.jsdelivr.net/gh/<GITHUB_USER>/timeline@main/resources/timeline_haps/html/assets/css/style.css
server/[timeline-extensions]/timeline_haps/html/assets/css/fonts.css,resources/timeline_haps/html/assets/css/fonts.css,166,timeline-owned-candidate,https://cdn.jsdelivr.net/gh/<GITHUB_USER>/timeline@main/resources/timeline_haps/html/assets/css/fonts.css
server/[timeline-extensions]/timeline_einreise/frontend/style.css,resources/timeline_einreise/frontend/style.css,16699,timeline-owned-candidate,https://cdn.jsdelivr.net/gh/<GITHUB_USER>/timeline@main/resources/timeline_einreise/frontend/style.css
server/[timeline-extensions]/timeline_einreise/frontend/fonts/Inter-BoldItalic.otf,resources/timeline_einreise/frontend/fonts/Inter-BoldItalic.otf,261028,timeline-owned-candidate,https://cdn.jsdelivr.net/gh/<GITHUB_USER>/timeline@main/resources/timeline_einreise/frontend/fonts/Inter-BoldItalic.otf
server/[timeline-extensions]/timeline_einreise/frontend/fonts/Arame.ttf,resources/timeline_einreise/frontend/fonts/Arame.ttf,52544,timeline-owned-candidate,https://cdn.jsdelivr.net/gh/<GITHUB_USER>/timeline@main/resources/timeline_einreise/frontend/fonts/Arame.ttf
server/[timeline-extensions]/timeline_einreise/frontend/fonts/Gilroy-ExtraBold.otf,resources/timeline_einreise/frontend/fonts/Gilroy-ExtraBold.otf,54956,timeline-owned-candidate,https://cdn.jsdelivr.net/gh/<GITHUB_USER>/timeline@main/resources/timeline_einreise/frontend/fonts/Gilroy-ExtraBold.otf
server/[timeline-extensions]/timeline_einreise/frontend/script.js,resources/timeline_einreise/frontend/script.js,18340,timeline-owned-candidate,https://cdn.jsdelivr.net/gh/<GITHUB_USER>/timeline@main/resources/timeline_einreise/frontend/script.js
server/[timeline-extensions]/timeline_einreise/frontend/skin/favicon.ico,resources/timeline_einreise/frontend/skin/favicon.ico,4286,timeline-owned-candidate,https://cdn.jsdelivr.net/gh/<GITHUB_USER>/timeline@main/resources/timeline_einreise/frontend/skin/favicon.ico
server/[timeline-extensions]/timeline_einreise/frontend/skin/fonts/Oxanium-Medium.3c63eb5b.ttf,resources/timeline_einreise/frontend/skin/fonts/Oxanium-Medium.3c63eb5b.ttf,29496,timeline-owned-candidate,https://cdn.jsdelivr.net/gh/<GITHUB_USER>/timeline@main/resources/timeline_einreise/frontend/skin/fonts/Oxanium-Medium.3c63eb5b.ttf
server/[timeline-extensions]/timeline_einreise/frontend/skin/fonts/Gilroy-Extrabold.84e78647.ttf,resources/timeline_einreise/frontend/skin/fonts/Gilroy-Extrabold.84e78647.ttf,82260,timeline-owned-candidate,https://cdn.jsdelivr.net/gh/<GITHUB_USER>/timeline@main/resources/timeline_einreise/frontend/skin/fonts/Gilroy-Extrabold.84e78647.ttf
server/[timeline-extensions]/timeline_einreise/frontend/skin/fonts/Oxanium-Regular.41afe868.ttf,resources/timeline_einreise/frontend/skin/fonts/Oxanium-Regular.41afe868.ttf,29468,timeline-owned-candidate,https://cdn.jsdelivr.net/gh/<GITHUB_USER>/timeline@main/resources/timeline_einreise/frontend/skin/fonts/Oxanium-Regular.41afe868.ttf
server/[timeline-extensions]/timeline_einreise/frontend/skin/fonts/Oxanium-SemiBold.5122c00f.ttf,resources/timeline_einreise/frontend/skin/fonts/Oxanium-SemiBold.5122c00f.ttf,29488,timeline-owned-candidate,https://cdn.jsdelivr.net/gh/<GITHUB_USER>/timeline@main/resources/timeline_einreise/frontend/skin/fonts/Oxanium-SemiBold.5122c00f.ttf
server/[timeline-extensions]/timeline_einreise/frontend/skin/fonts/Oxanium-Bold.d0002bd0.ttf,resources/timeline_einreise/frontend/skin/fonts/Oxanium-Bold.d0002bd0.ttf,29428,timeline-owned-candidate,https://cdn.jsdelivr.net/gh/<GITHUB_USER>/timeline@main/resources/timeline_einreise/frontend/skin/fonts/Oxanium-Bold.d0002bd0.ttf
server/[timeline-extensions]/timeline_einreise/frontend/skin/fonts/Gilroy-Heavy.ee7ffcdb.ttf,resources/timeline_einreise/frontend/skin/fonts/Gilroy-Heavy.ee7ffcdb.ttf,82572,timeline-owned-candidate,https://cdn.jsdelivr.net/gh/<GITHUB_USER>/timeline@main/resources/timeline_einreise/frontend/skin/fonts/Gilroy-Heavy.ee7ffcdb.ttf
server/[timeline-extensions]/timeline_einreise/frontend/skin/js/chunk-vendors.88172356.js,resources/timeline_einreise/frontend/skin/js/chunk-vendors.88172356.js,1005404,timeline-owned-candidate,https://cdn.jsdelivr.net/gh/<GITHUB_USER>/timeline@main/resources/timeline_einreise/frontend/skin/js/chunk-vendors.88172356.js
server/[timeline-extensions]/timeline_einreise/frontend/skin/js/app.1de64b49.js,resources/timeline_einreise/frontend/skin/js/app.1de64b49.js,659779,timeline-owned-candidate,https://cdn.jsdelivr.net/gh/<GITHUB_USER>/timeline@main/resources/timeline_einreise/frontend/skin/js/app.1de64b49.js
server/[timeline-extensions]/timeline_einreise/frontend/skin/img/cat_item.74f8dd43.png,resources/timeline_einreise/frontend/skin/img/cat_item.74f8dd43.png,11486,timeline-owned-candidate,https://cdn.jsdelivr.net/gh/<GITHUB_USER>/timeline@main/resources/timeline_einreise/frontend/skin/img/cat_item.74f8dd43.png
server/[timeline-extensions]/timeline_einreise/frontend/skin/img/background.222ad7e3.png,resources/timeline_einreise/frontend/skin/img/background.222ad7e3.png,1114345,timeline-owned-candidate,https://cdn.jsdelivr.net/gh/<GITHUB_USER>/timeline@main/resources/timeline_einreise/frontend/skin/img/background.222ad7e3.png
server/[timeline-extensions]/timeline_einreise/frontend/skin/images/GESICHT.png,resources/timeline_einreise/frontend/skin/images/GESICHT.png,1715,timeline-owned-candidate,https://cdn.jsdelivr.net/gh/<GITHUB_USER>/timeline@main/resources/timeline_einreise/frontend/skin/images/GESICHT.png
server/[timeline-extensions]/timeline_einreise/frontend/skin/images/cat_item.png,resources/timeline_einreise/frontend/skin/images/cat_item.png,11486,timeline-owned-candidate,https://cdn.jsdelivr.net/gh/<GITHUB_USER>/timeline@main/resources/timeline_einreise/frontend/skin/images/cat_item.png
server/[timeline-extensions]/timeline_einreise/frontend/skin/images/pre_identity.png,resources/timeline_einreise/frontend/skin/images/pre_identity.png,4934,timeline-owned-candidate,https://cdn.jsdelivr.net/gh/<GITHUB_USER>/timeline@main/resources/timeline_einreise/frontend/skin/images/pre_identity.png
server/[timeline-extensions]/timeline_einreise/frontend/skin/images/KLEIDUNG.png,resources/timeline_einreise/frontend/skin/images/KLEIDUNG.png,1917,timeline-owned-candidate,https://cdn.jsdelivr.net/gh/<GITHUB_USER>/timeline@main/resources/timeline_einreise/frontend/skin/images/KLEIDUNG.png
server/[timeline-extensions]/timeline_einreise/frontend/skin/images/female.png,resources/timeline_einreise/frontend/skin/images/female.png,36304,timeline-owned-candidate,https://cdn.jsdelivr.net/gh/<GITHUB_USER>/timeline@main/resources/timeline_einreise/frontend/skin/images/female.png
server/[timeline-extensions]/timeline_einreise/frontend/skin/images/ACCESSORIES.png,resources/timeline_einreise/frontend/skin/images/ACCESSORIES.png,2981,timeline-owned-candidate,https://cdn.jsdelivr.net/gh/<GITHUB_USER>/timeline@main/resources/timeline_einreise/frontend/skin/images/ACCESSORIES.png
server/[timeline-extensions]/timeline_einreise/frontend/skin/images/MAKEUP.png,resources/timeline_einreise/frontend/skin/images/MAKEUP.png,2059,timeline-owned-candidate,https://cdn.jsdelivr.net/gh/<GITHUB_USER>/timeline@main/resources/timeline_einreise/frontend/skin/images/MAKEUP.png
server/[timeline-extensions]/timeline_einreise/frontend/skin/images/DNA.png,resources/timeline_einreise/frontend/skin/images/DNA.png,2316,timeline-owned-candidate,https://cdn.jsdelivr.net/gh/<GITHUB_USER>/timeline@main/resources/timeline_einreise/frontend/skin/images/DNA.png
server/[timeline-extensions]/timeline_einreise/frontend/skin/images/background.png,resources/timeline_einreise/frontend/skin/images/background.png,1557108,timeline-owned-candidate,https://cdn.jsdelivr.net/gh/<GITHUB_USER>/timeline@main/resources/timeline_einreise/frontend/skin/images/background.png
server/[timeline-extensions]/timeline_einreise/frontend/skin/images/range.png,resources/timeline_einreise/frontend/skin/images/range.png,231,timeline-owned-candidate,https://cdn.jsdelivr.net/gh/<GITHUB_USER>/timeline@main/resources/timeline_einreise/frontend/skin/images/range.png
server/[timeline-extensions]/timeline_einreise/frontend/skin/images/male.png,resources/timeline_einreise/frontend/skin/images/male.png,34499,timeline-owned-candidate,https://cdn.jsdelivr.net/gh/<GITHUB_USER>/timeline@main/resources/timeline_einreise/frontend/skin/images/male.png
server/[timeline-extensions]/timeline_einreise/frontend/skin/images/HAARE.png,resources/timeline_einreise/frontend/skin/images/HAARE.png,2041,timeline-owned-candidate,https://cdn.jsdelivr.net/gh/<GITHUB_USER>/timeline@main/resources/timeline_einreise/frontend/skin/images/HAARE.png
server/[timeline-extensions]/timeline_einreise/frontend/skin/timeline_skin.css,resources/timeline_einreise/frontend/skin/timeline_skin.css,1657,timeline-owned-candidate,https://cdn.jsdelivr.net/gh/<GITHUB_USER>/timeline@main/resources/timeline_einreise/frontend/skin/timeline_skin.css
server/[timeline-extensions]/timeline_einreise/frontend/images/vector.png,resources/timeline_einreise/frontend/images/vector.png,4961,timeline-owned-candidate,https://cdn.jsdelivr.net/gh/<GITHUB_USER>/timeline@main/resources/timeline_einreise/frontend/images/vector.png
server/[timeline-extensions]/timeline_einreise/frontend/images/bg.png,resources/timeline_einreise/frontend/images/bg.png,156800,timeline-owned-candidate,https://cdn.jsdelivr.net/gh/<GITHUB_USER>/timeline@main/resources/timeline_einreise/frontend/images/bg.png
server/[timeline-extensions]/timeline_einreise/frontend/images/error_icon.png,resources/timeline_einreise/frontend/images/error_icon.png,3675,timeline-owned-candidate,https://cdn.jsdelivr.net/gh/<GITHUB_USER>/timeline@main/resources/timeline_einreise/frontend/images/error_icon.png
server/[timeline-extensions]/timeline_einreise/frontend/images/female.png,resources/timeline_einreise/frontend/images/female.png,36304,timeline-owned-candidate,https://cdn.jsdelivr.net/gh/<GITHUB_USER>/timeline@main/resources/timeline_einreise/frontend/images/female.png
server/[timeline-extensions]/timeline_einreise/frontend/images/background.png,resources/timeline_einreise/frontend/images/background.png,156800,timeline-owned-candidate,https://cdn.jsdelivr.net/gh/<GITHUB_USER>/timeline@main/resources/timeline_einreise/frontend/images/background.png
server/[timeline-extensions]/timeline_einreise/frontend/images/succes_icon.png,resources/timeline_einreise/frontend/images/succes_icon.png,3571,timeline-owned-candidate,https://cdn.jsdelivr.net/gh/<GITHUB_USER>/timeline@main/resources/timeline_einreise/frontend/images/succes_icon.png
server/[timeline-extensions]/timeline_einreise/frontend/images/male.png,resources/timeline_einreise/frontend/images/male.png,34499,timeline-owned-candidate,https://cdn.jsdelivr.net/gh/<GITHUB_USER>/timeline@main/resources/timeline_einreise/frontend/images/male.png
server/[timeline-extensions]/timeline_minijobs/html/assets/fonts/Rajdhani-Medium.ttf,resources/timeline_minijobs/html/assets/fonts/Rajdhani-Medium.ttf,384348,timeline-owned-candidate,https://cdn.jsdelivr.net/gh/<GITHUB_USER>/timeline@main/resources/timeline_minijobs/html/assets/fonts/Rajdhani-Medium.ttf
server/[timeline-extensions]/timeline_minijobs/html/assets/fonts/Rajdhani-Regular.ttf,resources/timeline_minijobs/html/assets/fonts/Rajdhani-Regular.ttf,377860,timeline-owned-candidate,https://cdn.jsdelivr.net/gh/<GITHUB_USER>/timeline@main/resources/timeline_minijobs/html/assets/fonts/Rajdhani-Regular.ttf
server/[timeline-extensions]/timeline_minijobs/html/assets/fonts/Arame.ttf,resources/timeline_minijobs/html/assets/fonts/Arame.ttf,52544,timeline-owned-candidate,https://cdn.jsdelivr.net/gh/<GITHUB_USER>/timeline@main/resources/timeline_minijobs/html/assets/fonts/Arame.ttf
server/[timeline-extensions]/timeline_minijobs/html/assets/fonts/PinkSans.ttf,resources/timeline_minijobs/html/assets/fonts/PinkSans.ttf,80304,timeline-owned-candidate,https://cdn.jsdelivr.net/gh/<GITHUB_USER>/timeline@main/resources/timeline_minijobs/html/assets/fonts/PinkSans.ttf
server/[timeline-extensions]/timeline_minijobs/html/assets/fonts/Rajdhani-Bold.ttf,resources/timeline_minijobs/html/assets/fonts/Rajdhani-Bold.ttf,400680,timeline-owned-candidate,https://cdn.jsdelivr.net/gh/<GITHUB_USER>/timeline@main/resources/timeline_minijobs/html/assets/fonts/Rajdhani-Bold.ttf
server/[timeline-extensions]/timeline_minijobs/html/assets/fonts/Rajdhani-SemiBold.ttf,resources/timeline_minijobs/html/assets/fonts/Rajdhani-SemiBold.ttf,390340,timeline-owned-candidate,https://cdn.jsdelivr.net/gh/<GITHUB_USER>/timeline@main/resources/timeline_minijobs/html/assets/fonts/Rajdhani-SemiBold.ttf
server/[timeline-extensions]/timeline_minijobs/html/assets/images/bg.png,resources/timeline_minijobs/html/assets/images/bg.png,156800,timeline-owned-candidate,https://cdn.jsdelivr.net/gh/<GITHUB_USER>/timeline@main/resources/timeline_minijobs/html/assets/images/bg.png
server/[timeline-extensions]/timeline_minijobs/html/assets/images/medic_white.png,resources/timeline_minijobs/html/assets/images/medic_white.png,179205,timeline-owned-candidate,https://cdn.jsdelivr.net/gh/<GITHUB_USER>/timeline@main/resources/timeline_minijobs/html/assets/images/medic_white.png
server/[timeline-extensions]/timeline_minijobs/html/script.js,resources/timeline_minijobs/html/script.js,2091,timeline-owned-candidate,https://cdn.jsdelivr.net/gh/<GITHUB_USER>/timeline@main/resources/timeline_minijobs/html/script.js
server/[timeline-extensions]/timeline_minijobs/html/css/style.css,resources/timeline_minijobs/html/css/style.css,7354,timeline-owned-candidate,https://cdn.jsdelivr.net/gh/<GITHUB_USER>/timeline@main/resources/timeline_minijobs/html/css/style.css
server/[timeline-extensions]/timeline_coinshop/html/assets/win.mp3,resources/timeline_coinshop/html/assets/win.mp3,19587,timeline-owned-candidate,https://cdn.jsdelivr.net/gh/<GITHUB_USER>/timeline@main/resources/timeline_coinshop/html/assets/win.mp3
server/[timeline-extensions]/timeline_coinshop/html/assets/fonts/Rajdhani-Medium.ttf,resources/timeline_coinshop/html/assets/fonts/Rajdhani-Medium.ttf,384348,timeline-owned-candidate,https://cdn.jsdelivr.net/gh/<GITHUB_USER>/timeline@main/resources/timeline_coinshop/html/assets/fonts/Rajdhani-Medium.ttf
server/[timeline-extensions]/timeline_coinshop/html/assets/fonts/RevxNeueSemiBold.ttf,resources/timeline_coinshop/html/assets/fonts/RevxNeueSemiBold.ttf,110196,timeline-owned-candidate,https://cdn.jsdelivr.net/gh/<GITHUB_USER>/timeline@main/resources/timeline_coinshop/html/assets/fonts/RevxNeueSemiBold.ttf
server/[timeline-extensions]/timeline_coinshop/html/assets/fonts/RevxNeueRegular.ttf,resources/timeline_coinshop/html/assets/fonts/RevxNeueRegular.ttf,110676,timeline-owned-candidate,https://cdn.jsdelivr.net/gh/<GITHUB_USER>/timeline@main/resources/timeline_coinshop/html/assets/fonts/RevxNeueRegular.ttf
server/[timeline-extensions]/timeline_coinshop/html/assets/fonts/Rajdhani-Regular.ttf,resources/timeline_coinshop/html/assets/fonts/Rajdhani-Regular.ttf,377860,timeline-owned-candidate,https://cdn.jsdelivr.net/gh/<GITHUB_USER>/timeline@main/resources/timeline_coinshop/html/assets/fonts/Rajdhani-Regular.ttf
server/[timeline-extensions]/timeline_coinshop/html/assets/fonts/Arame.ttf,resources/timeline_coinshop/html/assets/fonts/Arame.ttf,52544,timeline-owned-candidate,https://cdn.jsdelivr.net/gh/<GITHUB_USER>/timeline@main/resources/timeline_coinshop/html/assets/fonts/Arame.ttf
server/[timeline-extensions]/timeline_coinshop/html/assets/fonts/PinkSans.ttf,resources/timeline_coinshop/html/assets/fonts/PinkSans.ttf,80304,timeline-owned-candidate,https://cdn.jsdelivr.net/gh/<GITHUB_USER>/timeline@main/resources/timeline_coinshop/html/assets/fonts/PinkSans.ttf
server/[timeline-extensions]/timeline_coinshop/html/assets/fonts/RevxNeueBlack.ttf,resources/timeline_coinshop/html/assets/fonts/RevxNeueBlack.ttf,116476,timeline-owned-candidate,https://cdn.jsdelivr.net/gh/<GITHUB_USER>/timeline@main/resources/timeline_coinshop/html/assets/fonts/RevxNeueBlack.ttf
server/[timeline-extensions]/timeline_coinshop/html/assets/fonts/Rajdhani-Bold.ttf,resources/timeline_coinshop/html/assets/fonts/Rajdhani-Bold.ttf,400680,timeline-owned-candidate,https://cdn.jsdelivr.net/gh/<GITHUB_USER>/timeline@main/resources/timeline_coinshop/html/assets/fonts/Rajdhani-Bold.ttf
server/[timeline-extensions]/timeline_coinshop/html/assets/fonts/RevxNeueMedium.ttf,resources/timeline_coinshop/html/assets/fonts/RevxNeueMedium.ttf,110520,timeline-owned-candidate,https://cdn.jsdelivr.net/gh/<GITHUB_USER>/timeline@main/resources/timeline_coinshop/html/assets/fonts/RevxNeueMedium.ttf
server/[timeline-extensions]/timeline_coinshop/html/assets/fonts/Rajdhani-SemiBold.ttf,resources/timeline_coinshop/html/assets/fonts/Rajdhani-SemiBold.ttf,390340,timeline-owned-candidate,https://cdn.jsdelivr.net/gh/<GITHUB_USER>/timeline@main/resources/timeline_coinshop/html/assets/fonts/Rajdhani-SemiBold.ttf
server/[timeline-extensions]/timeline_coinshop/html/assets/fonts/RevxNeueBold.ttf,resources/timeline_coinshop/html/assets/fonts/RevxNeueBold.ttf,110012,timeline-owned-candidate,https://cdn.jsdelivr.net/gh/<GITHUB_USER>/timeline@main/resources/timeline_coinshop/html/assets/fonts/RevxNeueBold.ttf
server/[timeline-extensions]/timeline_coinshop/html/assets/js/script.js,resources/timeline_coinshop/html/assets/js/script.js,3917,timeline-owned-candidate,https://cdn.jsdelivr.net/gh/<GITHUB_USER>/timeline@main/resources/timeline_coinshop/html/assets/js/script.js
server/[timeline-extensions]/timeline_coinshop/html/assets/icons/price_diamant.svg,resources/timeline_coinshop/html/assets/icons/price_diamant.svg,1491,timeline-owned-candidate,https://cdn.jsdelivr.net/gh/<GITHUB_USER>/timeline@main/resources/timeline_coinshop/html/assets/icons/price_diamant.svg
server/[timeline-extensions]/timeline_coinshop/html/assets/icons/vip_gold.svg,resources/timeline_coinshop/html/assets/icons/vip_gold.svg,5799,timeline-owned-candidate,https://cdn.jsdelivr.net/gh/<GITHUB_USER>/timeline@main/resources/timeline_coinshop/html/assets/icons/vip_gold.svg
server/[timeline-extensions]/timeline_coinshop/html/assets/icons/heli.svg,resources/timeline_coinshop/html/assets/icons/heli.svg,2039,timeline-owned-candidate,https://cdn.jsdelivr.net/gh/<GITHUB_USER>/timeline@main/resources/timeline_coinshop/html/assets/icons/heli.svg
server/[timeline-extensions]/timeline_coinshop/html/assets/icons/vip_platin.svg,resources/timeline_coinshop/html/assets/icons/vip_platin.svg,5799,timeline-owned-candidate,https://cdn.jsdelivr.net/gh/<GITHUB_USER>/timeline@main/resources/timeline_coinshop/html/assets/icons/vip_platin.svg
server/[timeline-extensions]/timeline_coinshop/html/assets/icons/kg.svg,resources/timeline_coinshop/html/assets/icons/kg.svg,733,timeline-owned-candidate,https://cdn.jsdelivr.net/gh/<GITHUB_USER>/timeline@main/resources/timeline_coinshop/html/assets/icons/kg.svg
server/[timeline-extensions]/timeline_coinshop/html/assets/icons/coins.svg,resources/timeline_coinshop/html/assets/icons/coins.svg,1491,timeline-owned-candidate,https://cdn.jsdelivr.net/gh/<GITHUB_USER>/timeline@main/resources/timeline_coinshop/html/assets/icons/coins.svg
server/[timeline-extensions]/timeline_coinshop/html/assets/icons/info.svg,resources/timeline_coinshop/html/assets/icons/info.svg,789,timeline-owned-candidate,https://cdn.jsdelivr.net/gh/<GITHUB_USER>/timeline@main/resources/timeline_coinshop/html/assets/icons/info.svg
server/[timeline-extensions]/timeline_coinshop/html/assets/icons/price_gold.svg,resources/timeline_coinshop/html/assets/icons/price_gold.svg,1491,timeline-owned-candidate,https://cdn.jsdelivr.net/gh/<GITHUB_USER>/timeline@main/resources/timeline_coinshop/html/assets/icons/price_gold.svg
server/[timeline-extensions]/timeline_coinshop/html/assets/icons/deck.svg,resources/timeline_coinshop/html/assets/icons/deck.svg,1806,timeline-owned-candidate,https://cdn.jsdelivr.net/gh/<GITHUB_USER>/timeline@main/resources/timeline_coinshop/html/assets/icons/deck.svg
server/[timeline-extensions]/timeline_coinshop/html/assets/icons/price_platin.svg,resources/timeline_coinshop/html/assets/icons/price_platin.svg,1491,timeline-owned-candidate,https://cdn.jsdelivr.net/gh/<GITHUB_USER>/timeline@main/resources/timeline_coinshop/html/assets/icons/price_platin.svg
server/[timeline-extensions]/timeline_coinshop/html/assets/icons/check.svg,resources/timeline_coinshop/html/assets/icons/check.svg,639,timeline-owned-candidate,https://cdn.jsdelivr.net/gh/<GITHUB_USER>/timeline@main/resources/timeline_coinshop/html/assets/icons/check.svg
server/[timeline-extensions]/timeline_coinshop/html/assets/icons/vip.svg,resources/timeline_coinshop/html/assets/icons/vip.svg,2139,timeline-owned-candidate,https://cdn.jsdelivr.net/gh/<GITHUB_USER>/timeline@main/resources/timeline_coinshop/html/assets/icons/vip.svg
server/[timeline-extensions]/timeline_coinshop/html/assets/icons/vip_diamant.svg,resources/timeline_coinshop/html/assets/icons/vip_diamant.svg,5799,timeline-owned-candidate,https://cdn.jsdelivr.net/gh/<GITHUB_USER>/timeline@main/resources/timeline_coinshop/html/assets/icons/vip_diamant.svg
server/[timeline-extensions]/timeline_coinshop/html/assets/icons/close_popup.svg,resources/timeline_coinshop/html/assets/icons/close_popup.svg,1480,timeline-owned-candidate,https://cdn.jsdelivr.net/gh/<GITHUB_USER>/timeline@main/resources/timeline_coinshop/html/assets/icons/close_popup.svg
server/[timeline-extensions]/timeline_coinshop/html/assets/icons/items.svg,resources/timeline_coinshop/html/assets/icons/items.svg,1638,timeline-owned-candidate,https://cdn.jsdelivr.net/gh/<GITHUB_USER>/timeline@main/resources/timeline_coinshop/html/assets/icons/items.svg
server/[timeline-extensions]/timeline_coinshop/html/assets/icons/wheel.svg,resources/timeline_coinshop/html/assets/icons/wheel.svg,1062,timeline-owned-candidate,https://cdn.jsdelivr.net/gh/<GITHUB_USER>/timeline@main/resources/timeline_coinshop/html/assets/icons/wheel.svg
server/[timeline-extensions]/timeline_coinshop/html/assets/icons/close.svg,resources/timeline_coinshop/html/assets/icons/close.svg,1544,timeline-owned-candidate,https://cdn.jsdelivr.net/gh/<GITHUB_USER>/timeline@main/resources/timeline_coinshop/html/assets/icons/close.svg
server/[timeline-extensions]/timeline_coinshop/html/assets/icons/link.svg,resources/timeline_coinshop/html/assets/icons/link.svg,306,timeline-owned-candidate,https://cdn.jsdelivr.net/gh/<GITHUB_USER>/timeline@main/resources/timeline_coinshop/html/assets/icons/link.svg
server/[timeline-extensions]/timeline_coinshop/html/assets/icons/car.svg,resources/timeline_coinshop/html/assets/icons/car.svg,2134,timeline-owned-candidate,https://cdn.jsdelivr.net/gh/<GITHUB_USER>/timeline@main/resources/timeline_coinshop/html/assets/icons/car.svg
server/[timeline-extensions]/timeline_coinshop/html/assets/icons/balken.svg,resources/timeline_coinshop/html/assets/icons/balken.svg,358,timeline-owned-candidate,https://cdn.jsdelivr.net/gh/<GITHUB_USER>/timeline@main/resources/timeline_coinshop/html/assets/icons/balken.svg
server/[timeline-extensions]/timeline_coinshop/html/assets/shuffle.mp3,resources/timeline_coinshop/html/assets/shuffle.mp3,11230,timeline-owned-candidate,https://cdn.jsdelivr.net/gh/<GITHUB_USER>/timeline@main/resources/timeline_coinshop/html/assets/shuffle.mp3
server/[timeline-extensions]/timeline_coinshop/html/assets/images/bg.png,resources/timeline_coinshop/html/assets/images/bg.png,156800,timeline-owned-candidate,https://cdn.jsdelivr.net/gh/<GITHUB_USER>/timeline@main/resources/timeline_coinshop/html/assets/images/bg.png
server/[timeline-extensions]/timeline_coinshop/html/assets/css/style.css,resources/timeline_coinshop/html/assets/css/style.css,8706,timeline-owned-candidate,https://cdn.jsdelivr.net/gh/<GITHUB_USER>/timeline@main/resources/timeline_coinshop/html/assets/css/style.css
server/[timeline-extensions]/timeline_coinshop/html/assets/css/fonts.css,resources/timeline_coinshop/html/assets/css/fonts.css,557,timeline-owned-candidate,https://cdn.jsdelivr.net/gh/<GITHUB_USER>/timeline@main/resources/timeline_coinshop/html/assets/css/fonts.css
server/[timeline-extensions]/timeline_coinshop/html/assets/imgs/ruston.png,resources/timeline_coinshop/html/assets/imgs/ruston.png,49950,timeline-owned-candidate,https://cdn.jsdelivr.net/gh/<GITHUB_USER>/timeline@main/resources/timeline_coinshop/html/assets/imgs/ruston.png
server/[timeline-extensions]/timeline_coinshop/html/assets/imgs/soldout.png,resources/timeline_coinshop/html/assets/imgs/soldout.png,11889,timeline-owned-candidate,https://cdn.jsdelivr.net/gh/<GITHUB_USER>/timeline@main/resources/timeline_coinshop/html/assets/imgs/soldout.png
server/[timeline-extensions]/timeline_coinshop/html/assets/imgs/cph4.png,resources/timeline_coinshop/html/assets/imgs/cph4.png,276949,timeline-owned-candidate,https://cdn.jsdelivr.net/gh/<GITHUB_USER>/timeline@main/resources/timeline_coinshop/html/assets/imgs/cph4.png
server/[timeline-extensions]/timeline_coinshop/html/assets/imgs/zorrusso.png,resources/timeline_coinshop/html/assets/imgs/zorrusso.png,43044,timeline-owned-candidate,https://cdn.jsdelivr.net/gh/<GITHUB_USER>/timeline@main/resources/timeline_coinshop/html/assets/imgs/zorrusso.png
server/[timeline-extensions]/timeline_coinshop/html/assets/imgs/deck.png,resources/timeline_coinshop/html/assets/imgs/deck.png,1138391,timeline-owned-candidate,https://cdn.jsdelivr.net/gh/<GITHUB_USER>/timeline@main/resources/timeline_coinshop/html/assets/imgs/deck.png
server/[timeline-extensions]/timeline_coinshop/html/assets/imgs/krieger.png,resources/timeline_coinshop/html/assets/imgs/krieger.png,32854,timeline-owned-candidate,https://cdn.jsdelivr.net/gh/<GITHUB_USER>/timeline@main/resources/timeline_coinshop/html/assets/imgs/krieger.png
server/[timeline-extensions]/timeline_coinshop/html/assets/imgs/seabreeze.png,resources/timeline_coinshop/html/assets/imgs/seabreeze.png,14265,timeline-owned-candidate,https://cdn.jsdelivr.net/gh/<GITHUB_USER>/timeline@main/resources/timeline_coinshop/html/assets/imgs/seabreeze.png
server/[timeline-extensions]/timeline_coinshop/html/assets/imgs/tyrant.png,resources/timeline_coinshop/html/assets/imgs/tyrant.png,53236,timeline-owned-candidate,https://cdn.jsdelivr.net/gh/<GITHUB_USER>/timeline@main/resources/timeline_coinshop/html/assets/imgs/tyrant.png
server/[timeline-extensions]/timeline_coinshop/html/assets/imgs/reaper.png,resources/timeline_coinshop/html/assets/imgs/reaper.png,37988,timeline-owned-candidate,https://cdn.jsdelivr.net/gh/<GITHUB_USER>/timeline@main/resources/timeline_coinshop/html/assets/imgs/reaper.png
server/[timeline-extensions]/timeline_coinshop/html/assets/imgs/emerus.png,resources/timeline_coinshop/html/assets/imgs/emerus.png,44812,timeline-owned-candidate,https://cdn.jsdelivr.net/gh/<GITHUB_USER>/timeline@main/resources/timeline_coinshop/html/assets/imgs/emerus.png
server/[timeline-extensions]/timeline_coinshop/html/assets/imgs/vipkoeder.png,resources/timeline_coinshop/html/assets/imgs/vipkoeder.png,329012,timeline-owned-candidate,https://cdn.jsdelivr.net/gh/<GITHUB_USER>/timeline@main/resources/timeline_coinshop/html/assets/imgs/vipkoeder.png
server/[timeline-extensions]/timeline_coinshop/html/assets/imgs/bg.png,resources/timeline_coinshop/html/assets/imgs/bg.png,156800,timeline-owned-candidate,https://cdn.jsdelivr.net/gh/<GITHUB_USER>/timeline@main/resources/timeline_coinshop/html/assets/imgs/bg.png
server/[timeline-extensions]/timeline_coinshop/html/assets/imgs/custom_number.jpg,resources/timeline_coinshop/html/assets/imgs/custom_number.jpg,26650,timeline-owned-candidate,https://cdn.jsdelivr.net/gh/<GITHUB_USER>/timeline@main/resources/timeline_coinshop/html/assets/imgs/custom_number.jpg
server/[timeline-extensions]/timeline_coinshop/html/assets/imgs/custom_number.png,resources/timeline_coinshop/html/assets/imgs/custom_number.png,345599,timeline-owned-candidate,https://cdn.jsdelivr.net/gh/<GITHUB_USER>/timeline@main/resources/timeline_coinshop/html/assets/imgs/custom_number.png
server/[timeline-extensions]/timeline_coinshop/html/assets/imgs/imorgon.png,resources/timeline_coinshop/html/assets/imgs/imorgon.png,32206,timeline-owned-candidate,https://cdn.jsdelivr.net/gh/<GITHUB_USER>/timeline@main/resources/timeline_coinshop/html/assets/imgs/imorgon.png
server/[timeline-extensions]/timeline_coinshop/html/assets/imgs/koffer_pistol50.png,resources/timeline_coinshop/html/assets/imgs/koffer_pistol50.png,97799,timeline-owned-candidate,https://cdn.jsdelivr.net/gh/<GITHUB_USER>/timeline@main/resources/timeline_coinshop/html/assets/imgs/koffer_pistol50.png
server/[timeline-extensions]/timeline_coinshop/html/assets/imgs/prototipo.png,resources/timeline_coinshop/html/assets/imgs/prototipo.png,61014,timeline-owned-candidate,https://cdn.jsdelivr.net/gh/<GITHUB_USER>/timeline@main/resources/timeline_coinshop/html/assets/imgs/prototipo.png
server/[timeline-extensions]/timeline_coinshop/html/assets/imgs/militarybag.png,resources/timeline_coinshop/html/assets/imgs/militarybag.png,344210,timeline-owned-candidate,https://cdn.jsdelivr.net/gh/<GITHUB_USER>/timeline@main/resources/timeline_coinshop/html/assets/imgs/militarybag.png
server/[timeline-extensions]/timeline_coinshop/html/assets/imgs/conada.png,resources/timeline_coinshop/html/assets/imgs/conada.png,15143,timeline-owned-candidate,https://cdn.jsdelivr.net/gh/<GITHUB_USER>/timeline@main/resources/timeline_coinshop/html/assets/imgs/conada.png
server/[timeline-extensions]/timeline_coinshop/html/assets/imgs/money.png,resources/timeline_coinshop/html/assets/imgs/money.png,302013,timeline-owned-candidate,https://cdn.jsdelivr.net/gh/<GITHUB_USER>/timeline@main/resources/timeline_coinshop/html/assets/imgs/money.png
server/[timeline-extensions]/timeline_coinshop/html/assets/imgs/custom_plate.png,resources/timeline_coinshop/html/assets/imgs/custom_plate.png,513768,timeline-owned-candidate,https://cdn.jsdelivr.net/gh/<GITHUB_USER>/timeline@main/resources/timeline_coinshop/html/assets/imgs/custom_plate.png
server/[timeline-extensions]/timeline_coinshop/html/assets/imgs/character.png,resources/timeline_coinshop/html/assets/imgs/character.png,17203,timeline-owned-candidate,https://cdn.jsdelivr.net/gh/<GITHUB_USER>/timeline@main/resources/timeline_coinshop/html/assets/imgs/character.png
server/[timeline-extensions]/timeline_coinshop/html/assets/imgs/visumup.png,resources/timeline_coinshop/html/assets/imgs/visumup.png,200847,timeline-owned-candidate,https://cdn.jsdelivr.net/gh/<GITHUB_USER>/timeline@main/resources/timeline_coinshop/html/assets/imgs/visumup.png
server/[timeline-extensions]/timeline_coinshop/html/assets/imgs/koffer_pistol_mk2.png,resources/timeline_coinshop/html/assets/imgs/koffer_pistol_mk2.png,101696,timeline-owned-candidate,https://cdn.jsdelivr.net/gh/<GITHUB_USER>/timeline@main/resources/timeline_coinshop/html/assets/imgs/koffer_pistol_mk2.png
server/[timeline-extensions]/timeline_coinshop/html/assets/imgs/omnis.png,resources/timeline_coinshop/html/assets/imgs/omnis.png,35008,timeline-owned-candidate,https://cdn.jsdelivr.net/gh/<GITHUB_USER>/timeline@main/resources/timeline_coinshop/html/assets/imgs/omnis.png
server/[timeline-extensions]/timeline_coinshop/html/assets/imgs/card.png,resources/timeline_coinshop/html/assets/imgs/card.png,148684,timeline-owned-candidate,https://cdn.jsdelivr.net/gh/<GITHUB_USER>/timeline@main/resources/timeline_coinshop/html/assets/imgs/card.png
server/[timeline-extensions]/timeline_coinshop/html/assets/imgs/luxor.png,resources/timeline_coinshop/html/assets/imgs/luxor.png,12604,timeline-owned-candidate,https://cdn.jsdelivr.net/gh/<GITHUB_USER>/timeline@main/resources/timeline_coinshop/html/assets/imgs/luxor.png
server/[timeline-extensions]/timeline_coinshop/html/assets/imgs/volatus.png,resources/timeline_coinshop/html/assets/imgs/volatus.png,19978,timeline-owned-candidate,https://cdn.jsdelivr.net/gh/<GITHUB_USER>/timeline@main/resources/timeline_coinshop/html/assets/imgs/volatus.png
server/[timeline-extensions]/timeline_coinshop/html/assets/imgs/koffer_pistol.png,resources/timeline_coinshop/html/assets/imgs/koffer_pistol.png,98887,timeline-owned-candidate,https://cdn.jsdelivr.net/gh/<GITHUB_USER>/timeline@main/resources/timeline_coinshop/html/assets/imgs/koffer_pistol.png
server/[timeline-extensions]/timeline_extras/html/assets/giveaway/box_popout.png,resources/timeline_extras/html/assets/giveaway/box_popout.png,27447,timeline-owned-candidate,https://cdn.jsdelivr.net/gh/<GITHUB_USER>/timeline@main/resources/timeline_extras/html/assets/giveaway/box_popout.png
server/[timeline-extensions]/timeline_extras/html/assets/giveaway/present.png,resources/timeline_extras/html/assets/giveaway/present.png,25775,timeline-owned-candidate,https://cdn.jsdelivr.net/gh/<GITHUB_USER>/timeline@main/resources/timeline_extras/html/assets/giveaway/present.png
server/[timeline-extensions]/timeline_extras/html/assets/moneywash/moneyred.png,resources/timeline_extras/html/assets/moneywash/moneyred.png,41426,timeline-owned-candidate,https://cdn.jsdelivr.net/gh/<GITHUB_USER>/timeline@main/resources/timeline_extras/html/assets/moneywash/moneyred.png
server/[timeline-extensions]/timeline_extras/html/assets/moneywash/icon.png,resources/timeline_extras/html/assets/moneywash/icon.png,5231,timeline-owned-candidate,https://cdn.jsdelivr.net/gh/<GITHUB_USER>/timeline@main/resources/timeline_extras/html/assets/moneywash/icon.png
server/[timeline-extensions]/timeline_extras/html/assets/moneywash/moneygreen.png,resources/timeline_extras/html/assets/moneywash/moneygreen.png,45663,timeline-owned-candidate,https://cdn.jsdelivr.net/gh/<GITHUB_USER>/timeline@main/resources/timeline_extras/html/assets/moneywash/moneygreen.png
server/[timeline-extensions]/timeline_extras/html/assets/moneywash/background.png,resources/timeline_extras/html/assets/moneywash/background.png,611592,timeline-owned-candidate,https://cdn.jsdelivr.net/gh/<GITHUB_USER>/timeline@main/resources/timeline_extras/html/assets/moneywash/background.png
server/[timeline-extensions]/timeline_extras/html/assets/dmv/truck.png,resources/timeline_extras/html/assets/dmv/truck.png,494,timeline-owned-candidate,https://cdn.jsdelivr.net/gh/<GITHUB_USER>/timeline@main/resources/timeline_extras/html/assets/dmv/truck.png
server/[timeline-extensions]/timeline_extras/html/assets/dmv/bike.png,resources/timeline_extras/html/assets/dmv/bike.png,585,timeline-owned-candidate,https://cdn.jsdelivr.net/gh/<GITHUB_USER>/timeline@main/resources/timeline_extras/html/assets/dmv/bike.png
server/[timeline-extensions]/timeline_extras/html/assets/dmv/car.png,resources/timeline_extras/html/assets/dmv/car.png,414,timeline-owned-candidate,https://cdn.jsdelivr.net/gh/<GITHUB_USER>/timeline@main/resources/timeline_extras/html/assets/dmv/car.png
server/[timeline-extensions]/timeline_extras/html/assets/dmv/logo.png,resources/timeline_extras/html/assets/dmv/logo.png,1662,timeline-owned-candidate,https://cdn.jsdelivr.net/gh/<GITHUB_USER>/timeline@main/resources/timeline_extras/html/assets/dmv/logo.png
server/[timeline-extensions]/timeline_extras/html/assets/images/trans_bg.png,resources/timeline_extras/html/assets/images/trans_bg.png,19443,timeline-owned-candidate,https://cdn.jsdelivr.net/gh/<GITHUB_USER>/timeline@main/resources/timeline_extras/html/assets/images/trans_bg.png
server/[timeline-extensions]/timeline_extras/html/assets/images/header_box.png,resources/timeline_extras/html/assets/images/header_box.png,2839,timeline-owned-candidate,https://cdn.jsdelivr.net/gh/<GITHUB_USER>/timeline@main/resources/timeline_extras/html/assets/images/header_box.png
server/[timeline-extensions]/timeline_extras/html/assets/images/button_bg.png,resources/timeline_extras/html/assets/images/button_bg.png,15117,timeline-owned-candidate,https://cdn.jsdelivr.net/gh/<GITHUB_USER>/timeline@main/resources/timeline_extras/html/assets/images/button_bg.png
server/[timeline-extensions]/timeline_extras/html/assets/images/close_button.png,resources/timeline_extras/html/assets/images/close_button.png,1351,timeline-owned-candidate,https://cdn.jsdelivr.net/gh/<GITHUB_USER>/timeline@main/resources/timeline_extras/html/assets/images/close_button.png
server/[timeline-extensions]/timeline_extras/html/assets/images/background.png,resources/timeline_extras/html/assets/images/background.png,847292,timeline-owned-candidate,https://cdn.jsdelivr.net/gh/<GITHUB_USER>/timeline@main/resources/timeline_extras/html/assets/images/background.png
server/[timeline-extensions]/timeline_extras/html/style.css,resources/timeline_extras/html/style.css,9340,timeline-owned-candidate,https://cdn.jsdelivr.net/gh/<GITHUB_USER>/timeline@main/resources/timeline_extras/html/style.css
server/[timeline-extensions]/timeline_extras/html/app.js,resources/timeline_extras/html/app.js,11554,timeline-owned-candidate,https://cdn.jsdelivr.net/gh/<GITHUB_USER>/timeline@main/resources/timeline_extras/html/app.js
server/[timeline-extensions]/timeline_carpanel/frontend/assets/font/BrushScriptOpti-Regular.otf,resources/timeline_carpanel/frontend/assets/font/BrushScriptOpti-Regular.otf,32256,timeline-owned-candidate,https://cdn.jsdelivr.net/gh/<GITHUB_USER>/timeline@main/resources/timeline_carpanel/frontend/assets/font/BrushScriptOpti-Regular.otf
server/[timeline-extensions]/timeline_carpanel/frontend/assets/font/ArameMono-Thin.ttf,resources/timeline_carpanel/frontend/assets/font/ArameMono-Thin.ttf,49040,timeline-owned-candidate,https://cdn.jsdelivr.net/gh/<GITHUB_USER>/timeline@main/resources/timeline_carpanel/frontend/assets/font/ArameMono-Thin.ttf
server/[timeline-extensions]/timeline_carpanel/frontend/assets/icons/images.png,resources/timeline_carpanel/frontend/assets/icons/images.png,2102,timeline-owned-candidate,https://cdn.jsdelivr.net/gh/<GITHUB_USER>/timeline@main/resources/timeline_carpanel/frontend/assets/icons/images.png
server/[timeline-extensions]/timeline_carpanel/frontend/assets/icons/gear_identicator_icon.svg,resources/timeline_carpanel/frontend/assets/icons/gear_identicator_icon.svg,918,timeline-owned-candidate,https://cdn.jsdelivr.net/gh/<GITHUB_USER>/timeline@main/resources/timeline_carpanel/frontend/assets/icons/gear_identicator_icon.svg
server/[timeline-extensions]/timeline_carpanel/frontend/assets/icons/speedometer_icon.svg,resources/timeline_carpanel/frontend/assets/icons/speedometer_icon.svg,4175,timeline-owned-candidate,https://cdn.jsdelivr.net/gh/<GITHUB_USER>/timeline@main/resources/timeline_carpanel/frontend/assets/icons/speedometer_icon.svg
server/[timeline-extensions]/timeline_carpanel/frontend/assets/icons/doors.svg,resources/timeline_carpanel/frontend/assets/icons/doors.svg,2977,timeline-owned-candidate,https://cdn.jsdelivr.net/gh/<GITHUB_USER>/timeline@main/resources/timeline_carpanel/frontend/assets/icons/doors.svg
server/[timeline-extensions]/timeline_carpanel/frontend/assets/icons/volume_up_icon.svg,resources/timeline_carpanel/frontend/assets/icons/volume_up_icon.svg,1309,timeline-owned-candidate,https://cdn.jsdelivr.net/gh/<GITHUB_USER>/timeline@main/resources/timeline_carpanel/frontend/assets/icons/volume_up_icon.svg
server/[timeline-extensions]/timeline_carpanel/frontend/assets/icons/yt.png,resources/timeline_carpanel/frontend/assets/icons/yt.png,26085,timeline-owned-candidate,https://cdn.jsdelivr.net/gh/<GITHUB_USER>/timeline@main/resources/timeline_carpanel/frontend/assets/icons/yt.png
server/[timeline-extensions]/timeline_carpanel/frontend/assets/icons/vehicle_icon.svg,resources/timeline_carpanel/frontend/assets/icons/vehicle_icon.svg,2205,timeline-owned-candidate,https://cdn.jsdelivr.net/gh/<GITHUB_USER>/timeline@main/resources/timeline_carpanel/frontend/assets/icons/vehicle_icon.svg
server/[timeline-extensions]/timeline_carpanel/frontend/assets/icons/volume_down_icon.svg,resources/timeline_carpanel/frontend/assets/icons/volume_down_icon.svg,446,timeline-owned-candidate,https://cdn.jsdelivr.net/gh/<GITHUB_USER>/timeline@main/resources/timeline_carpanel/frontend/assets/icons/volume_down_icon.svg
server/[timeline-extensions]/timeline_carpanel/frontend/assets/icons/drift_icon.svg,resources/timeline_carpanel/frontend/assets/icons/drift_icon.svg,7783,timeline-owned-candidate,https://cdn.jsdelivr.net/gh/<GITHUB_USER>/timeline@main/resources/timeline_carpanel/frontend/assets/icons/drift_icon.svg
server/[timeline-extensions]/timeline_carpanel/frontend/assets/icons/engine_icon.svg,resources/timeline_carpanel/frontend/assets/icons/engine_icon.svg,22665,timeline-owned-candidate,https://cdn.jsdelivr.net/gh/<GITHUB_USER>/timeline@main/resources/timeline_carpanel/frontend/assets/icons/engine_icon.svg
server/[timeline-extensions]/timeline_carpanel/frontend/assets/icons/spotify_icon.svg,resources/timeline_carpanel/frontend/assets/icons/spotify_icon.svg,25917,timeline-owned-candidate,https://cdn.jsdelivr.net/gh/<GITHUB_USER>/timeline@main/resources/timeline_carpanel/frontend/assets/icons/spotify_icon.svg
server/[timeline-extensions]/timeline_carpanel/frontend/assets/icons/song_forward_icon.svg,resources/timeline_carpanel/frontend/assets/icons/song_forward_icon.svg,379,timeline-owned-candidate,https://cdn.jsdelivr.net/gh/<GITHUB_USER>/timeline@main/resources/timeline_carpanel/frontend/assets/icons/song_forward_icon.svg
server/[timeline-extensions]/timeline_carpanel/frontend/assets/icons/song_backwards_icon.svg,resources/timeline_carpanel/frontend/assets/icons/song_backwards_icon.svg,406,timeline-owned-candidate,https://cdn.jsdelivr.net/gh/<GITHUB_USER>/timeline@main/resources/timeline_carpanel/frontend/assets/icons/song_backwards_icon.svg
server/[timeline-extensions]/timeline_carpanel/frontend/assets/icons/engine_hood_icon.svg,resources/timeline_carpanel/frontend/assets/icons/engine_hood_icon.svg,8794,timeline-owned-candidate,https://cdn.jsdelivr.net/gh/<GITHUB_USER>/timeline@main/resources/timeline_carpanel/frontend/assets/icons/engine_hood_icon.svg
server/[timeline-extensions]/timeline_carpanel/frontend/assets/icons/play_icon.svg,resources/timeline_carpanel/frontend/assets/icons/play_icon.svg,344,timeline-owned-candidate,https://cdn.jsdelivr.net/gh/<GITHUB_USER>/timeline@main/resources/timeline_carpanel/frontend/assets/icons/play_icon.svg
server/[timeline-extensions]/timeline_carpanel/frontend/assets/icons/bin_icon.svg,resources/timeline_carpanel/frontend/assets/icons/bin_icon.svg,563,timeline-owned-candidate,https://cdn.jsdelivr.net/gh/<GITHUB_USER>/timeline@main/resources/timeline_carpanel/frontend/assets/icons/bin_icon.svg
server/[timeline-extensions]/timeline_carpanel/frontend/assets/images/splash_detail.png,resources/timeline_carpanel/frontend/assets/images/splash_detail.png,892,timeline-owned-candidate,https://cdn.jsdelivr.net/gh/<GITHUB_USER>/timeline@main/resources/timeline_carpanel/frontend/assets/images/splash_detail.png
server/[timeline-extensions]/timeline_carpanel/frontend/assets/images/yt.png,resources/timeline_carpanel/frontend/assets/images/yt.png,9422864,timeline-owned-candidate,https://cdn.jsdelivr.net/gh/<GITHUB_USER>/timeline@main/resources/timeline_carpanel/frontend/assets/images/yt.png
server/[timeline-extensions]/timeline_carpanel/frontend/assets/images/road_detail.png,resources/timeline_carpanel/frontend/assets/images/road_detail.png,33441,timeline-owned-candidate,https://cdn.jsdelivr.net/gh/<GITHUB_USER>/timeline@main/resources/timeline_carpanel/frontend/assets/images/road_detail.png
server/[timeline-extensions]/timeline_carpanel/frontend/assets/images/fuel_detail.svg,resources/timeline_carpanel/frontend/assets/images/fuel_detail.svg,644,timeline-owned-candidate,https://cdn.jsdelivr.net/gh/<GITHUB_USER>/timeline@main/resources/timeline_carpanel/frontend/assets/images/fuel_detail.svg
server/[timeline-extensions]/timeline_carpanel/frontend/assets/images/background.png,resources/timeline_carpanel/frontend/assets/images/background.png,4971,timeline-owned-candidate,https://cdn.jsdelivr.net/gh/<GITHUB_USER>/timeline@main/resources/timeline_carpanel/frontend/assets/images/background.png
server/[timeline-extensions]/timeline_carpanel/frontend/assets/images/vehicle_image.png,resources/timeline_carpanel/frontend/assets/images/vehicle_image.png,39231,timeline-owned-candidate,https://cdn.jsdelivr.net/gh/<GITHUB_USER>/timeline@main/resources/timeline_carpanel/frontend/assets/images/vehicle_image.png
server/[timeline-extensions]/timeline_carpanel/frontend/assets/css/style.css,resources/timeline_carpanel/frontend/assets/css/style.css,18959,timeline-owned-candidate,https://cdn.jsdelivr.net/gh/<GITHUB_USER>/timeline@main/resources/timeline_carpanel/frontend/assets/css/style.css
server/[timeline-extensions]/timeline_carpanel/frontend/assets/css/font.css,resources/timeline_carpanel/frontend/assets/css/font.css,190,timeline-owned-candidate,https://cdn.jsdelivr.net/gh/<GITHUB_USER>/timeline@main/resources/timeline_carpanel/frontend/assets/css/font.css
server/[timeline-extensions]/timeline_carpanel/frontend/script.js,resources/timeline_carpanel/frontend/script.js,6228,timeline-owned-candidate,https://cdn.jsdelivr.net/gh/<GITHUB_USER>/timeline@main/resources/timeline_carpanel/frontend/script.js
