source_path,review_path,bytes,bucket
server/[standalone]/ox_lib/web/build/fonts/Roboto-Black.ttf,_REVIEW_THIRD_PARTY/standalone/ox_lib/web/build/fonts/Roboto-Black.ttf,147424,04_REVIEW_MISC
server/[standalone]/ox_lib/web/build/fonts/Roboto-ThinItalic.ttf,_REVIEW_THIRD_PARTY/standalone/ox_lib/web/build/fonts/Roboto-ThinItalic.ttf,151148,04_REVIEW_MISC
server/[standalone]/ox_lib/web/build/fonts/Roboto-Thin.ttf,_REVIEW_THIRD_PARTY/standalone/ox_lib/web/build/fonts/Roboto-Thin.ttf,145936,04_REVIEW_MISC
server/[standalone]/ox_lib/web/build/fonts/Roboto-Medium.ttf,_REVIEW_THIRD_PARTY/standalone/ox_lib/web/build/fonts/Roboto-Medium.ttf,146132,04_REVIEW_MISC
server/[standalone]/ox_lib/web/build/fonts/RobotoMono-ExtraLight.ttf,_REVIEW_THIRD_PARTY/standalone/ox_lib/web/build/fonts/RobotoMono-ExtraLight.ttf,88248,04_REVIEW_MISC
server/[standalone]/ox_lib/web/build/fonts/Roboto-SemiBoldItalic.ttf,_REVIEW_THIRD_PARTY/standalone/ox_lib/web/build/fonts/Roboto-SemiBoldItalic.ttf,153036,04_REVIEW_MISC
server/[standalone]/ox_lib/web/build/fonts/Roboto-ExtraLight.ttf,_REVIEW_THIRD_PARTY/standalone/ox_lib/web/build/fonts/Roboto-ExtraLight.ttf,146044,04_REVIEW_MISC
server/[standalone]/ox_lib/web/build/fonts/Roboto-ExtraLightItalic.ttf,_REVIEW_THIRD_PARTY/standalone/ox_lib/web/build/fonts/Roboto-ExtraLightItalic.ttf,151664,04_REVIEW_MISC
server/[standalone]/ox_lib/web/build/fonts/RobotoMono-Italic.ttf,_REVIEW_THIRD_PARTY/standalone/ox_lib/web/build/fonts/RobotoMono-Italic.ttf,94372,04_REVIEW_MISC
server/[standalone]/ox_lib/web/build/fonts/Roboto-Italic.ttf,_REVIEW_THIRD_PARTY/standalone/ox_lib/web/build/fonts/Roboto-Italic.ttf,152208,04_REVIEW_MISC
server/[standalone]/ox_lib/web/build/fonts/Roboto-ExtraBoldItalic.ttf,_REVIEW_THIRD_PARTY/standalone/ox_lib/web/build/fonts/Roboto-ExtraBoldItalic.ttf,153292,04_REVIEW_MISC
server/[standalone]/ox_lib/web/build/fonts/RobotoMono-ThinItalic.ttf,_REVIEW_THIRD_PARTY/standalone/ox_lib/web/build/fonts/RobotoMono-ThinItalic.ttf,93588,04_REVIEW_MISC
server/[standalone]/ox_lib/web/build/fonts/RobotoMono-Regular.ttf,_REVIEW_THIRD_PARTY/standalone/ox_lib/web/build/fonts/RobotoMono-Regular.ttf,87236,04_REVIEW_MISC
server/[standalone]/ox_lib/web/build/fonts/RobotoMono-Medium.ttf,_REVIEW_THIRD_PARTY/standalone/ox_lib/web/build/fonts/RobotoMono-Medium.ttf,87172,04_REVIEW_MISC
server/[standalone]/ox_lib/web/build/fonts/Roboto-Regular.ttf,_REVIEW_THIRD_PARTY/standalone/ox_lib/web/build/fonts/Roboto-Regular.ttf,146004,04_REVIEW_MISC
server/[standalone]/ox_lib/web/build/fonts/Roboto-ExtraBold.ttf,_REVIEW_THIRD_PARTY/standalone/ox_lib/web/build/fonts/Roboto-ExtraBold.ttf,146900,04_REVIEW_MISC
server/[standalone]/ox_lib/web/build/fonts/Roboto-Light.ttf,_REVIEW_THIRD_PARTY/standalone/ox_lib/web/build/fonts/Roboto-Light.ttf,146056,04_REVIEW_MISC
server/[standalone]/ox_lib/web/build/fonts/Roboto-MediumItalic.ttf,_REVIEW_THIRD_PARTY/standalone/ox_lib/web/build/fonts/Roboto-MediumItalic.ttf,152416,04_REVIEW_MISC
server/[standalone]/ox_lib/web/build/fonts/RobotoMono-SemiBoldItalic.ttf,_REVIEW_THIRD_PARTY/standalone/ox_lib/web/build/fonts/RobotoMono-SemiBoldItalic.ttf,94508,04_REVIEW_MISC
server/[standalone]/ox_lib/web/build/fonts/RobotoMono-SemiBold.ttf,_REVIEW_THIRD_PARTY/standalone/ox_lib/web/build/fonts/RobotoMono-SemiBold.ttf,87496,04_REVIEW_MISC
server/[standalone]/ox_lib/web/build/fonts/Roboto-BlackItalic.ttf,_REVIEW_THIRD_PARTY/standalone/ox_lib/web/build/fonts/Roboto-BlackItalic.ttf,153780,04_REVIEW_MISC
server/[standalone]/ox_lib/web/build/fonts/RobotoMono-BoldItalic.ttf,_REVIEW_THIRD_PARTY/standalone/ox_lib/web/build/fonts/RobotoMono-BoldItalic.ttf,94636,04_REVIEW_MISC
server/[standalone]/ox_lib/web/build/fonts/RobotoMono-ExtraLightItalic.ttf,_REVIEW_THIRD_PARTY/standalone/ox_lib/web/build/fonts/RobotoMono-ExtraLightItalic.ttf,94016,04_REVIEW_MISC
server/[standalone]/ox_lib/web/build/fonts/RobotoMono-LightItalic.ttf,_REVIEW_THIRD_PARTY/standalone/ox_lib/web/build/fonts/RobotoMono-LightItalic.ttf,94256,04_REVIEW_MISC
server/[standalone]/ox_lib/web/build/fonts/RobotoMono-MediumItalic.ttf,_REVIEW_THIRD_PARTY/standalone/ox_lib/web/build/fonts/RobotoMono-MediumItalic.ttf,94412,04_REVIEW_MISC
server/[standalone]/ox_lib/web/build/fonts/Roboto-Bold.ttf,_REVIEW_THIRD_PARTY/standalone/ox_lib/web/build/fonts/Roboto-Bold.ttf,146768,04_REVIEW_MISC
server/[standalone]/ox_lib/web/build/fonts/RobotoMono-Light.ttf,_REVIEW_THIRD_PARTY/standalone/ox_lib/web/build/fonts/RobotoMono-Light.ttf,87980,04_REVIEW_MISC
server/[standalone]/ox_lib/web/build/fonts/Roboto-BoldItalic.ttf,_REVIEW_THIRD_PARTY/standalone/ox_lib/web/build/fonts/Roboto-BoldItalic.ttf,153096,04_REVIEW_MISC
server/[standalone]/ox_lib/web/build/fonts/Roboto-LightItalic.ttf,_REVIEW_THIRD_PARTY/standalone/ox_lib/web/build/fonts/Roboto-LightItalic.ttf,151944,04_REVIEW_MISC
server/[standalone]/ox_lib/web/build/fonts/RobotoMono-Thin.ttf,_REVIEW_THIRD_PARTY/standalone/ox_lib/web/build/fonts/RobotoMono-Thin.ttf,88288,04_REVIEW_MISC
server/[standalone]/ox_lib/web/build/fonts/Roboto-SemiBold.ttf,_REVIEW_THIRD_PARTY/standalone/ox_lib/web/build/fonts/Roboto-SemiBold.ttf,146760,04_REVIEW_MISC
server/[standalone]/ox_lib/web/build/fonts/RobotoMono-Bold.ttf,_REVIEW_THIRD_PARTY/standalone/ox_lib/web/build/fonts/RobotoMono-Bold.ttf,87392,04_REVIEW_MISC
server/[standalone]/screenshot-basic/node_modules/renderkid/docs/images/usage.png,_REVIEW_THIRD_PARTY/standalone/screenshot-basic/node_modules/renderkid/docs/images/usage.png,8984,04_REVIEW_MISC
server/[standalone]/screenshot-basic/node_modules/renderkid/docs/images/display.png,_REVIEW_THIRD_PARTY/standalone/screenshot-basic/node_modules/renderkid/docs/images/display.png,5763,04_REVIEW_MISC
server/[standalone]/screenshot-basic/node_modules/renderkid/docs/images/bullets-1.png,_REVIEW_THIRD_PARTY/standalone/screenshot-basic/node_modules/renderkid/docs/images/bullets-1.png,3538,04_REVIEW_MISC
server/[standalone]/screenshot-basic/node_modules/formidable/benchmark-2020-01-29_xeon-x3440.png,_REVIEW_THIRD_PARTY/standalone/screenshot-basic/node_modules/formidable/benchmark-2020-01-29_xeon-x3440.png,25658,04_REVIEW_MISC
server/[standalone]/screenshot-basic/node_modules/toposort/graph.svg,_REVIEW_THIRD_PARTY/standalone/screenshot-basic/node_modules/toposort/graph.svg,5482,04_REVIEW_MISC
server/[standalone]/screenshot-basic/node_modules/unique-filename/coverage/sort-arrow-sprite.png,_REVIEW_THIRD_PARTY/standalone/screenshot-basic/node_modules/unique-filename/coverage/sort-arrow-sprite.png,209,04_REVIEW_MISC
server/[standalone]/screenshot-basic/node_modules/stream-http/test/server/static/browserify.png,_REVIEW_THIRD_PARTY/standalone/screenshot-basic/node_modules/stream-http/test/server/static/browserify.png,31422,04_REVIEW_MISC
server/[standalone]/screenshot-basic/node_modules/@citizenfx/three/examples/fonts/ttf/kenpixel.ttf,_REVIEW_THIRD_PARTY/standalone/screenshot-basic/node_modules/@citizenfx/three/examples/fonts/ttf/kenpixel.ttf,18068,04_REVIEW_MISC
server/[standalone]/oxmysql/web/build/vite.svg,_REVIEW_THIRD_PARTY/standalone/oxmysql/web/build/vite.svg,1497,04_REVIEW_MISC
server/[standalone]/xsound/img.png,_REVIEW_THIRD_PARTY/standalone/xsound/img.png,20741,04_REVIEW_MISC
server/[standalone]/xsound/img_2.png,_REVIEW_THIRD_PARTY/standalone/xsound/img_2.png,141921,04_REVIEW_MISC
server/[standalone]/xsound/html/sounds/vms_tuning-engine_crane.mp3,_REVIEW_THIRD_PARTY/standalone/xsound/html/sounds/vms_tuning-engine_crane.mp3,166275,04_REVIEW_MISC
server/[standalone]/xsound/html/sounds/vms_tuning-painting.mp3,_REVIEW_THIRD_PARTY/standalone/xsound/html/sounds/vms_tuning-painting.mp3,98567,04_REVIEW_MISC
server/[standalone]/xsound/html/sounds/vms_tuning-air_wrench.mp3,_REVIEW_THIRD_PARTY/standalone/xsound/html/sounds/vms_tuning-air_wrench.mp3,124271,04_REVIEW_MISC
server/[standalone]/xsound/html/sounds/vms_tuning-cleaning.mp3,_REVIEW_THIRD_PARTY/standalone/xsound/html/sounds/vms_tuning-cleaning.mp3,112986,04_REVIEW_MISC
server/[standalone]/xsound/html/sounds/vms_tuning-wrench_tighten.mp3,_REVIEW_THIRD_PARTY/standalone/xsound/html/sounds/vms_tuning-wrench_tighten.mp3,43395,04_REVIEW_MISC
server/[standalone]/xsound/html/sounds/vms_tuning-jacks.mp3,_REVIEW_THIRD_PARTY/standalone/xsound/html/sounds/vms_tuning-jacks.mp3,55934,04_REVIEW_MISC
server/[standalone]/xsound/html/sounds/vms_tuning-ratchet_wrench.mp3,_REVIEW_THIRD_PARTY/standalone/xsound/html/sounds/vms_tuning-ratchet_wrench.mp3,149348,04_REVIEW_MISC
server/[standalone]/xsound/html/sounds/vms_tuning-socket_wrench.mp3,_REVIEW_THIRD_PARTY/standalone/xsound/html/sounds/vms_tuning-socket_wrench.mp3,94178,04_REVIEW_MISC
server/[rcore]/rcore_casino/client/html/keys/b.png,_REVIEW_THIRD_PARTY/rcore/rcore_casino/client/html/keys/b.png,1283,04_REVIEW_MISC
server/[rcore]/rcore_casino/client/html/keys/diru.png,_REVIEW_THIRD_PARTY/rcore/rcore_casino/client/html/keys/diru.png,1207,04_REVIEW_MISC
server/[rcore]/rcore_casino/client/html/keys/207.png,_REVIEW_THIRD_PARTY/rcore/rcore_casino/client/html/keys/207.png,1523,04_REVIEW_MISC
server/[rcore]/rcore_casino/client/html/keys/LCtrl.png,_REVIEW_THIRD_PARTY/rcore/rcore_casino/client/html/keys/LCtrl.png,690,04_REVIEW_MISC
server/[rcore]/rcore_casino/client/html/keys/D.png,_REVIEW_THIRD_PARTY/rcore/rcore_casino/client/html/keys/D.png,453,04_REVIEW_MISC
server/[rcore]/rcore_casino/client/html/keys/a.png,_REVIEW_THIRD_PARTY/rcore/rcore_casino/client/html/keys/a.png,1355,04_REVIEW_MISC
server/[rcore]/rcore_casino/client/html/keys/177_pc.png,_REVIEW_THIRD_PARTY/rcore/rcore_casino/client/html/keys/177_pc.png,352,04_REVIEW_MISC
server/[rcore]/rcore_casino/client/html/keys/Q.png,_REVIEW_THIRD_PARTY/rcore/rcore_casino/client/html/keys/Q.png,349,04_REVIEW_MISC
server/[rcore]/rcore_casino/client/html/keys/dirr.png,_REVIEW_THIRD_PARTY/rcore/rcore_casino/client/html/keys/dirr.png,1231,04_REVIEW_MISC
server/[rcore]/rcore_casino/client/html/keys/190_pc.png,_REVIEW_THIRD_PARTY/rcore/rcore_casino/client/html/keys/190_pc.png,308,04_REVIEW_MISC
server/[rcore]/rcore_casino/client/html/keys/208.png,_REVIEW_THIRD_PARTY/rcore/rcore_casino/client/html/keys/208.png,1200,04_REVIEW_MISC
server/[rcore]/rcore_casino/client/html/keys/dirl.png,_REVIEW_THIRD_PARTY/rcore/rcore_casino/client/html/keys/dirl.png,1217,04_REVIEW_MISC
server/[rcore]/rcore_casino/client/html/keys/r.png,_REVIEW_THIRD_PARTY/rcore/rcore_casino/client/html/keys/r.png,1881,04_REVIEW_MISC
server/[rcore]/rcore_casino/client/html/keys/E.png,_REVIEW_THIRD_PARTY/rcore/rcore_casino/client/html/keys/E.png,241,04_REVIEW_MISC
server/[rcore]/rcore_casino/client/html/keys/176_pc.png,_REVIEW_THIRD_PARTY/rcore/rcore_casino/client/html/keys/176_pc.png,372,04_REVIEW_MISC
server/[rcore]/rcore_casino/client/html/keys/187.png,_REVIEW_THIRD_PARTY/rcore/rcore_casino/client/html/keys/187.png,322,04_REVIEW_MISC
server/[rcore]/rcore_casino/client/html/keys/193_pc.png,_REVIEW_THIRD_PARTY/rcore/rcore_casino/client/html/keys/193_pc.png,177,04_REVIEW_MISC
server/[rcore]/rcore_casino/client/html/keys/Esc.png,_REVIEW_THIRD_PARTY/rcore/rcore_casino/client/html/keys/Esc.png,568,04_REVIEW_MISC
server/[rcore]/rcore_casino/client/html/keys/188.png,_REVIEW_THIRD_PARTY/rcore/rcore_casino/client/html/keys/188.png,341,04_REVIEW_MISC
server/[rcore]/rcore_casino/client/html/keys/lb.png,_REVIEW_THIRD_PARTY/rcore/rcore_casino/client/html/keys/lb.png,761,04_REVIEW_MISC
server/[rcore]/rcore_casino/client/html/keys/rb.png,_REVIEW_THIRD_PARTY/rcore/rcore_casino/client/html/keys/rb.png,903,04_REVIEW_MISC
server/[rcore]/rcore_casino/client/html/keys/x.png,_REVIEW_THIRD_PARTY/rcore/rcore_casino/client/html/keys/x.png,1427,04_REVIEW_MISC
server/[rcore]/rcore_casino/client/html/keys/238.png,_REVIEW_THIRD_PARTY/rcore/rcore_casino/client/html/keys/238.png,1820,04_REVIEW_MISC
server/[rcore]/rcore_casino/client/html/keys/y.png,_REVIEW_THIRD_PARTY/rcore/rcore_casino/client/html/keys/y.png,1274,04_REVIEW_MISC
server/[rcore]/rcore_casino/client/html/keys/dird.png,_REVIEW_THIRD_PARTY/rcore/rcore_casino/client/html/keys/dird.png,1223,04_REVIEW_MISC
server/[rcore]/rcore_casino/client/html/keys/237.png,_REVIEW_THIRD_PARTY/rcore/rcore_casino/client/html/keys/237.png,1808,04_REVIEW_MISC
server/[rcore]/rcore_casino/client/html/keys/Tab.png,_REVIEW_THIRD_PARTY/rcore/rcore_casino/client/html/keys/Tab.png,596,04_REVIEW_MISC
server/[rcore]/rcore_casino/client/html/keys/l.png,_REVIEW_THIRD_PARTY/rcore/rcore_casino/client/html/keys/l.png,1661,04_REVIEW_MISC
server/[rcore]/rcore_casino/client/html/keys/189_pc.png,_REVIEW_THIRD_PARTY/rcore/rcore_casino/client/html/keys/189_pc.png,304,04_REVIEW_MISC
server/[hex]/hex_4_clothing/html/img/parts/watches.png,_REVIEW_THIRD_PARTY/hex/hex_4_clothing/html/img/parts/watches.png,165348,03_REVIEW_HEX_PHONE_TIMELINE
server/[hex]/hex_4_clothing/html/img/parts/tshirt.png,_REVIEW_THIRD_PARTY/hex/hex_4_clothing/html/img/parts/tshirt.png,3654,03_REVIEW_HEX_PHONE_TIMELINE
server/[hex]/hex_4_clothing/html/img/parts/bproof.png,_REVIEW_THIRD_PARTY/hex/hex_4_clothing/html/img/parts/bproof.png,6853,03_REVIEW_HEX_PHONE_TIMELINE
server/[hex]/hex_4_clothing/html/img/parts/bag.png,_REVIEW_THIRD_PARTY/hex/hex_4_clothing/html/img/parts/bag.png,4775,03_REVIEW_HEX_PHONE_TIMELINE
server/[hex]/hex_4_clothing/html/img/parts/glasses.png,_REVIEW_THIRD_PARTY/hex/hex_4_clothing/html/img/parts/glasses.png,4542,03_REVIEW_HEX_PHONE_TIMELINE
server/[hex]/hex_4_clothing/html/img/parts/chain.png,_REVIEW_THIRD_PARTY/hex/hex_4_clothing/html/img/parts/chain.png,3804,03_REVIEW_HEX_PHONE_TIMELINE
server/[hex]/hex_4_clothing/html/img/parts/hat.png,_REVIEW_THIRD_PARTY/hex/hex_4_clothing/html/img/parts/hat.png,4331,03_REVIEW_HEX_PHONE_TIMELINE
server/[hex]/hex_4_clothing/html/img/parts/torso.png,_REVIEW_THIRD_PARTY/hex/hex_4_clothing/html/img/parts/torso.png,5246,03_REVIEW_HEX_PHONE_TIMELINE
server/[hex]/hex_4_clothing/html/img/parts/earrings.png,_REVIEW_THIRD_PARTY/hex/hex_4_clothing/html/img/parts/earrings.png,115530,03_REVIEW_HEX_PHONE_TIMELINE
server/[hex]/hex_4_clothing/html/img/parts/arms.png,_REVIEW_THIRD_PARTY/hex/hex_4_clothing/html/img/parts/arms.png,9225,03_REVIEW_HEX_PHONE_TIMELINE
server/[hex]/hex_4_clothing/html/img/parts/mask.png,_REVIEW_THIRD_PARTY/hex/hex_4_clothing/html/img/parts/mask.png,6069,03_REVIEW_HEX_PHONE_TIMELINE
server/[hex]/hex_4_clothing/html/img/parts/decals.png,_REVIEW_THIRD_PARTY/hex/hex_4_clothing/html/img/parts/decals.png,78004,03_REVIEW_HEX_PHONE_TIMELINE
server/[hex]/hex_4_clothing/html/img/parts/pants.png,_REVIEW_THIRD_PARTY/hex/hex_4_clothing/html/img/parts/pants.png,126089,03_REVIEW_HEX_PHONE_TIMELINE
server/[hex]/hex_4_clothing/html/img/parts/shoes.png,_REVIEW_THIRD_PARTY/hex/hex_4_clothing/html/img/parts/shoes.png,126647,03_REVIEW_HEX_PHONE_TIMELINE
server/[hex]/hex_4_clothing/html/img/money.png,_REVIEW_THIRD_PARTY/hex/hex_4_clothing/html/img/money.png,29261,03_REVIEW_HEX_PHONE_TIMELINE
server/[hex]/hex_4_clothing/html/img/handsup.png,_REVIEW_THIRD_PARTY/hex/hex_4_clothing/html/img/handsup.png,61125,03_REVIEW_HEX_PHONE_TIMELINE
server/[hex]/hex_4_clothing/html/img/card.png,_REVIEW_THIRD_PARTY/hex/hex_4_clothing/html/img/card.png,17010,03_REVIEW_HEX_PHONE_TIMELINE
server/[hex]/hex_3_identity/html/img/pattern.png,_REVIEW_THIRD_PARTY/hex/hex_3_identity/html/img/pattern.png,3748,03_REVIEW_HEX_PHONE_TIMELINE
server/[hex]/hex_3_identity/html/img/discord.svg,_REVIEW_THIRD_PARTY/hex/hex_3_identity/html/img/discord.svg,102074,03_REVIEW_HEX_PHONE_TIMELINE
server/[hex]/hex_farming/dist/img/farming/v2/frame_8_animal_2_icon.png,_REVIEW_THIRD_PARTY/hex/hex_farming/dist/img/farming/v2/frame_8_animal_2_icon.png,5151,03_REVIEW_HEX_PHONE_TIMELINE
server/[hex]/hex_farming/dist/img/farming/v2/frame_8_top_3_icon.png,_REVIEW_THIRD_PARTY/hex/hex_farming/dist/img/farming/v2/frame_8_top_3_icon.png,6363,03_REVIEW_HEX_PHONE_TIMELINE
server/[hex]/hex_farming/dist/img/farming/v2/farming_10_item_5.png,_REVIEW_THIRD_PARTY/hex/hex_farming/dist/img/farming/v2/farming_10_item_5.png,17912,03_REVIEW_HEX_PHONE_TIMELINE
server/[hex]/hex_farming/dist/img/farming/v2/egg.png,_REVIEW_THIRD_PARTY/hex/hex_farming/dist/img/farming/v2/egg.png,17857,03_REVIEW_HEX_PHONE_TIMELINE
server/[hex]/hex_farming/dist/img/farming/v2/farming_2_item_3.png,_REVIEW_THIRD_PARTY/hex/hex_farming/dist/img/farming/v2/farming_2_item_3.png,17931,03_REVIEW_HEX_PHONE_TIMELINE
server/[hex]/hex_farming/dist/img/farming/v2/farming_10_item_2.png,_REVIEW_THIRD_PARTY/hex/hex_farming/dist/img/farming/v2/farming_10_item_2.png,18300,03_REVIEW_HEX_PHONE_TIMELINE
server/[hex]/hex_farming/dist/img/farming/v2/farming_bg_11.png,_REVIEW_THIRD_PARTY/hex/hex_farming/dist/img/farming/v2/farming_bg_11.png,266252,03_REVIEW_HEX_PHONE_TIMELINE
server/[hex]/hex_farming/dist/img/farming/v2/farming_10_item_6.png,_REVIEW_THIRD_PARTY/hex/hex_farming/dist/img/farming/v2/farming_10_item_6.png,20005,03_REVIEW_HEX_PHONE_TIMELINE
server/[hex]/hex_farming/dist/img/farming/v2/cucumber.png,_REVIEW_THIRD_PARTY/hex/hex_farming/dist/img/farming/v2/cucumber.png,32590,03_REVIEW_HEX_PHONE_TIMELINE
server/[hex]/hex_farming/dist/img/farming/v2/milk.png,_REVIEW_THIRD_PARTY/hex/hex_farming/dist/img/farming/v2/milk.png,6966,03_REVIEW_HEX_PHONE_TIMELINE
server/[hex]/hex_farming/dist/img/farming/v2/bg2.png,_REVIEW_THIRD_PARTY/hex/hex_farming/dist/img/farming/v2/bg2.png,591794,03_REVIEW_HEX_PHONE_TIMELINE
server/[hex]/hex_farming/dist/img/farming/v2/frame_8_animal_3_icon.png,_REVIEW_THIRD_PARTY/hex/hex_farming/dist/img/farming/v2/frame_8_animal_3_icon.png,5231,03_REVIEW_HEX_PHONE_TIMELINE
server/[hex]/hex_farming/dist/img/farming/v2/farming_2_item_6.png,_REVIEW_THIRD_PARTY/hex/hex_farming/dist/img/farming/v2/farming_2_item_6.png,18056,03_REVIEW_HEX_PHONE_TIMELINE
server/[hex]/hex_farming/dist/img/farming/v2/bg.png,_REVIEW_THIRD_PARTY/hex/hex_farming/dist/img/farming/v2/bg.png,258173,03_REVIEW_HEX_PHONE_TIMELINE
server/[hex]/hex_farming/dist/img/farming/v2/frame_8_top_1_icon.png,_REVIEW_THIRD_PARTY/hex/hex_farming/dist/img/farming/v2/frame_8_top_1_icon.png,6425,03_REVIEW_HEX_PHONE_TIMELINE
server/[hex]/hex_farming/dist/img/farming/v2/farming_3_item_1.png,_REVIEW_THIRD_PARTY/hex/hex_farming/dist/img/farming/v2/farming_3_item_1.png,43011,03_REVIEW_HEX_PHONE_TIMELINE
server/[hex]/hex_farming/dist/img/farming/v2/frame_7_bottom_bg.png,_REVIEW_THIRD_PARTY/hex/hex_farming/dist/img/farming/v2/frame_7_bottom_bg.png,179894,03_REVIEW_HEX_PHONE_TIMELINE
server/[hex]/hex_farming/dist/img/farming/v2/frame_8_animal_1_icon.png,_REVIEW_THIRD_PARTY/hex/hex_farming/dist/img/farming/v2/frame_8_animal_1_icon.png,5190,03_REVIEW_HEX_PHONE_TIMELINE
server/[hex]/hex_farming/dist/img/farming/v2/header_farming.png,_REVIEW_THIRD_PARTY/hex/hex_farming/dist/img/farming/v2/header_farming.png,23817,03_REVIEW_HEX_PHONE_TIMELINE
server/[hex]/hex_farming/dist/img/farming/v2/frame_8_bg.png,_REVIEW_THIRD_PARTY/hex/hex_farming/dist/img/farming/v2/frame_8_bg.png,331494,03_REVIEW_HEX_PHONE_TIMELINE
server/[hex]/hex_farming/dist/img/farming/v2/farming_2_item_2.png,_REVIEW_THIRD_PARTY/hex/hex_farming/dist/img/farming/v2/farming_2_item_2.png,18030,03_REVIEW_HEX_PHONE_TIMELINE
server/[hex]/hex_farming/dist/img/farming/v2/farming_3_item_3.png,_REVIEW_THIRD_PARTY/hex/hex_farming/dist/img/farming/v2/farming_3_item_3.png,22533,03_REVIEW_HEX_PHONE_TIMELINE
server/[hex]/hex_farming/dist/img/farming/v2/farming_2_item_4.png,_REVIEW_THIRD_PARTY/hex/hex_farming/dist/img/farming/v2/farming_2_item_4.png,17477,03_REVIEW_HEX_PHONE_TIMELINE
server/[hex]/hex_farming/dist/img/farming/v2/frame_5_bg.png,_REVIEW_THIRD_PARTY/hex/hex_farming/dist/img/farming/v2/frame_5_bg.png,40388,03_REVIEW_HEX_PHONE_TIMELINE
server/[hex]/hex_farming/dist/img/farming/v2/farming.png,_REVIEW_THIRD_PARTY/hex/hex_farming/dist/img/farming/v2/farming.png,9536,03_REVIEW_HEX_PHONE_TIMELINE
server/[hex]/hex_farming/dist/img/farming/v2/wheat.png,_REVIEW_THIRD_PARTY/hex/hex_farming/dist/img/farming/v2/wheat.png,22003,03_REVIEW_HEX_PHONE_TIMELINE
server/[hex]/hex_farming/dist/img/farming/v2/onion.png,_REVIEW_THIRD_PARTY/hex/hex_farming/dist/img/farming/v2/onion.png,47559,03_REVIEW_HEX_PHONE_TIMELINE
server/[hex]/hex_farming/dist/img/farming/v2/farming_2_item_5.png,_REVIEW_THIRD_PARTY/hex/hex_farming/dist/img/farming/v2/farming_2_item_5.png,18548,03_REVIEW_HEX_PHONE_TIMELINE
server/[hex]/hex_farming/dist/img/farming/v2/farming_10_item_1.png,_REVIEW_THIRD_PARTY/hex/hex_farming/dist/img/farming/v2/farming_10_item_1.png,16837,03_REVIEW_HEX_PHONE_TIMELINE
server/[hex]/hex_farming/dist/img/farming/v2/frame_5_right_bg_1.png,_REVIEW_THIRD_PARTY/hex/hex_farming/dist/img/farming/v2/frame_5_right_bg_1.png,126587,03_REVIEW_HEX_PHONE_TIMELINE
server/[hex]/hex_farming/dist/img/farming/v2/farming_1_bottom.png,_REVIEW_THIRD_PARTY/hex/hex_farming/dist/img/farming/v2/farming_1_bottom.png,44831,03_REVIEW_HEX_PHONE_TIMELINE
server/[hex]/hex_farming/dist/img/farming/v2/carrot.png,_REVIEW_THIRD_PARTY/hex/hex_farming/dist/img/farming/v2/carrot.png,3165,03_REVIEW_HEX_PHONE_TIMELINE
server/[hex]/hex_farming/dist/img/farming/v2/farming_1_top.png,_REVIEW_THIRD_PARTY/hex/hex_farming/dist/img/farming/v2/farming_1_top.png,44846,03_REVIEW_HEX_PHONE_TIMELINE
server/[hex]/hex_farming/dist/img/farming/v2/farming_10_item_4.png,_REVIEW_THIRD_PARTY/hex/hex_farming/dist/img/farming/v2/farming_10_item_4.png,17766,03_REVIEW_HEX_PHONE_TIMELINE
server/[hex]/hex_farming/dist/img/farming/v2/farming_4_item_bg.png,_REVIEW_THIRD_PARTY/hex/hex_farming/dist/img/farming/v2/farming_4_item_bg.png,56766,03_REVIEW_HEX_PHONE_TIMELINE
server/[hex]/hex_farming/dist/img/farming/v2/salat.png,_REVIEW_THIRD_PARTY/hex/hex_farming/dist/img/farming/v2/salat.png,36011,03_REVIEW_HEX_PHONE_TIMELINE
server/[hex]/hex_farming/dist/img/farming/v2/frame_6_item.png,_REVIEW_THIRD_PARTY/hex/hex_farming/dist/img/farming/v2/frame_6_item.png,46725,03_REVIEW_HEX_PHONE_TIMELINE
server/[hex]/hex_farming/dist/img/farming/v2/farming_10_item_3.png,_REVIEW_THIRD_PARTY/hex/hex_farming/dist/img/farming/v2/farming_10_item_3.png,18794,03_REVIEW_HEX_PHONE_TIMELINE
server/[hex]/hex_farming/dist/img/farming/v2/frame_5_bg_1.png,_REVIEW_THIRD_PARTY/hex/hex_farming/dist/img/farming/v2/frame_5_bg_1.png,39875,03_REVIEW_HEX_PHONE_TIMELINE
server/[hex]/hex_farming/dist/img/farming/v2/farming_2_item_1.png,_REVIEW_THIRD_PARTY/hex/hex_farming/dist/img/farming/v2/farming_2_item_1.png,16620,03_REVIEW_HEX_PHONE_TIMELINE
server/[hex]/hex_farming/dist/img/farming/v2/fertilizer.png,_REVIEW_THIRD_PARTY/hex/hex_farming/dist/img/farming/v2/fertilizer.png,29194,03_REVIEW_HEX_PHONE_TIMELINE
server/[hex]/hex_farming/dist/img/farming/v2/meat.png,_REVIEW_THIRD_PARTY/hex/hex_farming/dist/img/farming/v2/meat.png,50085,03_REVIEW_HEX_PHONE_TIMELINE
server/[hex]/hex_farming/dist/img/farming/v2/potato.png,_REVIEW_THIRD_PARTY/hex/hex_farming/dist/img/farming/v2/potato.png,45264,03_REVIEW_HEX_PHONE_TIMELINE
server/[hex]/hex_farming/dist/img/farming/v2/frame_5_right_bg.png,_REVIEW_THIRD_PARTY/hex/hex_farming/dist/img/farming/v2/frame_5_right_bg.png,125385,03_REVIEW_HEX_PHONE_TIMELINE
server/[hex]/hex_farming/dist/img/farming/v2/farming_3_item_2.png,_REVIEW_THIRD_PARTY/hex/hex_farming/dist/img/farming/v2/farming_3_item_2.png,24477,03_REVIEW_HEX_PHONE_TIMELINE
server/[hex]/hex_farming/dist/img/farming/v2/frame_8_top_2_icon.png,_REVIEW_THIRD_PARTY/hex/hex_farming/dist/img/farming/v2/frame_8_top_2_icon.png,6604,03_REVIEW_HEX_PHONE_TIMELINE
server/[hex]/hex_farming/dist/img/farming/v1/frame-1-right-tool.png,_REVIEW_THIRD_PARTY/hex/hex_farming/dist/img/farming/v1/frame-1-right-tool.png,15428,03_REVIEW_HEX_PHONE_TIMELINE
server/[hex]/hex_farming/dist/img/farming/v1/frame-6/cow.png,_REVIEW_THIRD_PARTY/hex/hex_farming/dist/img/farming/v1/frame-6/cow.png,89173,03_REVIEW_HEX_PHONE_TIMELINE
server/[hex]/hex_farming/dist/img/farming/v1/frame-6/chicken.png,_REVIEW_THIRD_PARTY/hex/hex_farming/dist/img/farming/v1/frame-6/chicken.png,89334,03_REVIEW_HEX_PHONE_TIMELINE
server/[hex]/hex_farming/dist/img/farming/v1/frame-6/upgrade_inactive.png,_REVIEW_THIRD_PARTY/hex/hex_farming/dist/img/farming/v1/frame-6/upgrade_inactive.png,1020,03_REVIEW_HEX_PHONE_TIMELINE
server/[hex]/hex_farming/dist/img/farming/v1/frame-6/pig.png,_REVIEW_THIRD_PARTY/hex/hex_farming/dist/img/farming/v1/frame-6/pig.png,89580,03_REVIEW_HEX_PHONE_TIMELINE
server/[hex]/hex_farming/dist/img/farming/v1/frame-6/upgrade_active.png,_REVIEW_THIRD_PARTY/hex/hex_farming/dist/img/farming/v1/frame-6/upgrade_active.png,16803,03_REVIEW_HEX_PHONE_TIMELINE
server/[hex]/hex_farming/dist/img/farming/v1/bg.png,_REVIEW_THIRD_PARTY/hex/hex_farming/dist/img/farming/v1/bg.png,363355,03_REVIEW_HEX_PHONE_TIMELINE
server/[hex]/hex_farming/dist/img/farming/v1/frame-1-hero.png,_REVIEW_THIRD_PARTY/hex/hex_farming/dist/img/farming/v1/frame-1-hero.png,38025,03_REVIEW_HEX_PHONE_TIMELINE
server/[hex]/hex_farming/dist/img/farming/v1/frame-2-right-star.png,_REVIEW_THIRD_PARTY/hex/hex_farming/dist/img/farming/v1/frame-2-right-star.png,2602,03_REVIEW_HEX_PHONE_TIMELINE
server/[hex]/hex_farming/dist/img/farming/v1/frame-2-hero.png,_REVIEW_THIRD_PARTY/hex/hex_farming/dist/img/farming/v1/frame-2-hero.png,53414,03_REVIEW_HEX_PHONE_TIMELINE
server/[hex]/hex_farming/dist/img/farming/v1/frame-1-right-oat.png,_REVIEW_THIRD_PARTY/hex/hex_farming/dist/img/farming/v1/frame-1-right-oat.png,31158,03_REVIEW_HEX_PHONE_TIMELINE
server/[hex]/hex_farming/dist/img/farming/v1/frame-2-big-star-left.png,_REVIEW_THIRD_PARTY/hex/hex_farming/dist/img/farming/v1/frame-2-big-star-left.png,4097,03_REVIEW_HEX_PHONE_TIMELINE
server/[hex]/hex_farming/dist/img/farming/v1/frame-2-big-star-right.png,_REVIEW_THIRD_PARTY/hex/hex_farming/dist/img/farming/v1/frame-2-big-star-right.png,2441,03_REVIEW_HEX_PHONE_TIMELINE
server/[hex]/hex_farming/dist/img/farming/v1/frame-1-information.png,_REVIEW_THIRD_PARTY/hex/hex_farming/dist/img/farming/v1/frame-1-information.png,3986,03_REVIEW_HEX_PHONE_TIMELINE
server/[hex]/hex_farming/dist/img/farming/v1/frame-7/egg.png,_REVIEW_THIRD_PARTY/hex/hex_farming/dist/img/farming/v1/frame-7/egg.png,39596,03_REVIEW_HEX_PHONE_TIMELINE
server/[hex]/hex_farming/dist/img/farming/v1/frame-7/cucumber.png,_REVIEW_THIRD_PARTY/hex/hex_farming/dist/img/farming/v1/frame-7/cucumber.png,79109,03_REVIEW_HEX_PHONE_TIMELINE
server/[hex]/hex_farming/dist/img/farming/v1/frame-7/milk.png,_REVIEW_THIRD_PARTY/hex/hex_farming/dist/img/farming/v1/frame-7/milk.png,13761,03_REVIEW_HEX_PHONE_TIMELINE
server/[hex]/hex_farming/dist/img/farming/v1/frame-7/wheat.png,_REVIEW_THIRD_PARTY/hex/hex_farming/dist/img/farming/v1/frame-7/wheat.png,59889,03_REVIEW_HEX_PHONE_TIMELINE
server/[hex]/hex_farming/dist/img/farming/v1/frame-7/onion.png,_REVIEW_THIRD_PARTY/hex/hex_farming/dist/img/farming/v1/frame-7/onion.png,141693,03_REVIEW_HEX_PHONE_TIMELINE
server/[hex]/hex_farming/dist/img/farming/v1/frame-7/bottom_item.png,_REVIEW_THIRD_PARTY/hex/hex_farming/dist/img/farming/v1/frame-7/bottom_item.png,21139,03_REVIEW_HEX_PHONE_TIMELINE
server/[hex]/hex_farming/dist/img/farming/v1/frame-7/carrot.png,_REVIEW_THIRD_PARTY/hex/hex_farming/dist/img/farming/v1/frame-7/carrot.png,5992,03_REVIEW_HEX_PHONE_TIMELINE
server/[hex]/hex_farming/dist/img/farming/v1/frame-7/trophy.png,_REVIEW_THIRD_PARTY/hex/hex_farming/dist/img/farming/v1/frame-7/trophy.png,88940,03_REVIEW_HEX_PHONE_TIMELINE
server/[hex]/hex_farming/dist/img/farming/v1/frame-7/salat.png,_REVIEW_THIRD_PARTY/hex/hex_farming/dist/img/farming/v1/frame-7/salat.png,121600,03_REVIEW_HEX_PHONE_TIMELINE
server/[hex]/hex_farming/dist/img/farming/v1/frame-7/fertilizer.png,_REVIEW_THIRD_PARTY/hex/hex_farming/dist/img/farming/v1/frame-7/fertilizer.png,89244,03_REVIEW_HEX_PHONE_TIMELINE
server/[hex]/hex_farming/dist/img/farming/v1/frame-7/meat.png,_REVIEW_THIRD_PARTY/hex/hex_farming/dist/img/farming/v1/frame-7/meat.png,110929,03_REVIEW_HEX_PHONE_TIMELINE
server/[hex]/hex_farming/dist/img/farming/v1/frame-7/potato.png,_REVIEW_THIRD_PARTY/hex/hex_farming/dist/img/farming/v1/frame-7/potato.png,110195,03_REVIEW_HEX_PHONE_TIMELINE
server/[hex]/hex_farming/dist/img/farming/v1/frame-1-left-oat.png,_REVIEW_THIRD_PARTY/hex/hex_farming/dist/img/farming/v1/frame-1-left-oat.png,31175,03_REVIEW_HEX_PHONE_TIMELINE
server/[hex]/hex_farming/dist/img/farming/v1/frame-10/cow.png,_REVIEW_THIRD_PARTY/hex/hex_farming/dist/img/farming/v1/frame-10/cow.png,9908,03_REVIEW_HEX_PHONE_TIMELINE
server/[hex]/hex_farming/dist/img/farming/v1/frame-10/chicken.png,_REVIEW_THIRD_PARTY/hex/hex_farming/dist/img/farming/v1/frame-10/chicken.png,7810,03_REVIEW_HEX_PHONE_TIMELINE
server/[hex]/hex_farming/dist/img/farming/v1/frame-10/pig.png,_REVIEW_THIRD_PARTY/hex/hex_farming/dist/img/farming/v1/frame-10/pig.png,8063,03_REVIEW_HEX_PHONE_TIMELINE
server/[hex]/hex_farming/dist/img/farming/v1/frame-3/quest.png,_REVIEW_THIRD_PARTY/hex/hex_farming/dist/img/farming/v1/frame-3/quest.png,87527,03_REVIEW_HEX_PHONE_TIMELINE
server/[hex]/hex_farming/dist/img/farming/v1/frame-3/quit.png,_REVIEW_THIRD_PARTY/hex/hex_farming/dist/img/farming/v1/frame-3/quit.png,87477,03_REVIEW_HEX_PHONE_TIMELINE
server/[hex]/hex_farming/dist/img/farming/v1/frame-3/bg.png,_REVIEW_THIRD_PARTY/hex/hex_farming/dist/img/farming/v1/frame-3/bg.png,842074,03_REVIEW_HEX_PHONE_TIMELINE
server/[hex]/hex_farming/dist/img/farming/v1/frame-3/big_oat.png,_REVIEW_THIRD_PARTY/hex/hex_farming/dist/img/farming/v1/frame-3/big_oat.png,19449,03_REVIEW_HEX_PHONE_TIMELINE
server/[hex]/hex_farming/dist/img/farming/v1/frame-3/storage.png,_REVIEW_THIRD_PARTY/hex/hex_farming/dist/img/farming/v1/frame-3/storage.png,89900,03_REVIEW_HEX_PHONE_TIMELINE
server/[hex]/hex_farming/dist/img/farming/v1/frame-3/animals.png,_REVIEW_THIRD_PARTY/hex/hex_farming/dist/img/farming/v1/frame-3/animals.png,89290,03_REVIEW_HEX_PHONE_TIMELINE
server/[hex]/hex_farming/dist/img/farming/v1/frame-3/stars.png,_REVIEW_THIRD_PARTY/hex/hex_farming/dist/img/farming/v1/frame-3/stars.png,17540,03_REVIEW_HEX_PHONE_TIMELINE
server/[hex]/hex_farming/dist/img/farming/v1/frame-3/general.png,_REVIEW_THIRD_PARTY/hex/hex_farming/dist/img/farming/v1/frame-3/general.png,88818,03_REVIEW_HEX_PHONE_TIMELINE
server/[hex]/hex_farming/dist/img/farming/v1/frame-3/extend.png,_REVIEW_THIRD_PARTY/hex/hex_farming/dist/img/farming/v1/frame-3/extend.png,87661,03_REVIEW_HEX_PHONE_TIMELINE
server/[hex]/hex_farming/dist/img/farming/v1/frame-2-left-star.png,_REVIEW_THIRD_PARTY/hex/hex_farming/dist/img/farming/v1/frame-2-left-star.png,2594,03_REVIEW_HEX_PHONE_TIMELINE
server/[hex]/hex_farming/dist/img/farming/v1/frame-5/carrot.png,_REVIEW_THIRD_PARTY/hex/hex_farming/dist/img/farming/v1/frame-5/carrot.png,6068,03_REVIEW_HEX_PHONE_TIMELINE
server/[hex]/hex_farming/dist/img/farming/v1/frame-5/leek.png,_REVIEW_THIRD_PARTY/hex/hex_farming/dist/img/farming/v1/frame-5/leek.png,4412,03_REVIEW_HEX_PHONE_TIMELINE
server/[hex]/hex_farming/dist/img/farming/v1/frame-5/potato.png,_REVIEW_THIRD_PARTY/hex/hex_farming/dist/img/farming/v1/frame-5/potato.png,8375,03_REVIEW_HEX_PHONE_TIMELINE
server/[hex]/hex_farming/dist/img/farming/v1/frame-5/item_bg.png,_REVIEW_THIRD_PARTY/hex/hex_farming/dist/img/farming/v1/frame-5/item_bg.png,24610,03_REVIEW_HEX_PHONE_TIMELINE
server/[hex]/hex_farming/dist/img/farming/v1/frame-4/item-right-bg.png,_REVIEW_THIRD_PARTY/hex/hex_farming/dist/img/farming/v1/frame-4/item-right-bg.png,30054,03_REVIEW_HEX_PHONE_TIMELINE
server/[hex]/hex_farming/dist/img/farming/v1/frame-4/item-left-bg.png,_REVIEW_THIRD_PARTY/hex/hex_farming/dist/img/farming/v1/frame-4/item-left-bg.png,23650,03_REVIEW_HEX_PHONE_TIMELINE
server/[hex]/hex_farming/dist/img/farming/v1/frame-4/item-right-bg-active.png,_REVIEW_THIRD_PARTY/hex/hex_farming/dist/img/farming/v1/frame-4/item-right-bg-active.png,37261,03_REVIEW_HEX_PHONE_TIMELINE
server/[hex]/hex_farming/dist/img/farming/v1/frame-1-left-tool.png,_REVIEW_THIRD_PARTY/hex/hex_farming/dist/img/farming/v1/frame-1-left-tool.png,18610,03_REVIEW_HEX_PHONE_TIMELINE
server/[hex]/hex_farming/dist/img/farming/v1/frame-8/item_bg.png,_REVIEW_THIRD_PARTY/hex/hex_farming/dist/img/farming/v1/frame-8/item_bg.png,27386,03_REVIEW_HEX_PHONE_TIMELINE
server/[hex]/hex_farming/dist/img/farming/v1/item_bg.png,_REVIEW_THIRD_PARTY/hex/hex_farming/dist/img/farming/v1/item_bg.png,23476,03_REVIEW_HEX_PHONE_TIMELINE
server/[hex]/hex_farming/dist/img/xrad/cucumber.png,_REVIEW_THIRD_PARTY/hex/hex_farming/dist/img/xrad/cucumber.png,5272,03_REVIEW_HEX_PHONE_TIMELINE
server/[hex]/hex_farming/dist/img/xrad/fertiliser.png,_REVIEW_THIRD_PARTY/hex/hex_farming/dist/img/xrad/fertiliser.png,5197,03_REVIEW_HEX_PHONE_TIMELINE
server/[hex]/hex_farming/dist/img/xrad/wheat.png,_REVIEW_THIRD_PARTY/hex/hex_farming/dist/img/xrad/wheat.png,5594,03_REVIEW_HEX_PHONE_TIMELINE
server/[hex]/hex_farming/dist/img/xrad/onion.png,_REVIEW_THIRD_PARTY/hex/hex_farming/dist/img/xrad/onion.png,5851,03_REVIEW_HEX_PHONE_TIMELINE
server/[hex]/hex_farming/dist/img/xrad/harvest.png,_REVIEW_THIRD_PARTY/hex/hex_farming/dist/img/xrad/harvest.png,5121,03_REVIEW_HEX_PHONE_TIMELINE
server/[hex]/hex_farming/dist/img/xrad/carrot.png,_REVIEW_THIRD_PARTY/hex/hex_farming/dist/img/xrad/carrot.png,4997,03_REVIEW_HEX_PHONE_TIMELINE
server/[hex]/hex_farming/dist/img/xrad/salat.png,_REVIEW_THIRD_PARTY/hex/hex_farming/dist/img/xrad/salat.png,6337,03_REVIEW_HEX_PHONE_TIMELINE
server/[hex]/hex_farming/dist/img/xrad/potato.png,_REVIEW_THIRD_PARTY/hex/hex_farming/dist/img/xrad/potato.png,5659,03_REVIEW_HEX_PHONE_TIMELINE
server/[hex]/hex_3_charcreator/html/img/hair.png,_REVIEW_THIRD_PARTY/hex/hex_3_charcreator/html/img/hair.png,2463,03_REVIEW_HEX_PHONE_TIMELINE
server/[hex]/hex_3_charcreator/html/img/female.svg,_REVIEW_THIRD_PARTY/hex/hex_3_charcreator/html/img/female.svg,82943,03_REVIEW_HEX_PHONE_TIMELINE
server/[hex]/hex_3_charcreator/html/img/accessories.png,_REVIEW_THIRD_PARTY/hex/hex_3_charcreator/html/img/accessories.png,2279,03_REVIEW_HEX_PHONE_TIMELINE
server/[hex]/hex_3_charcreator/html/img/face.png,_REVIEW_THIRD_PARTY/hex/hex_3_charcreator/html/img/face.png,1720,03_REVIEW_HEX_PHONE_TIMELINE
server/[hex]/hex_3_charcreator/html/img/outfit.png,_REVIEW_THIRD_PARTY/hex/hex_3_charcreator/html/img/outfit.png,2440,03_REVIEW_HEX_PHONE_TIMELINE
server/[hex]/hex_3_charcreator/html/img/makeup.png,_REVIEW_THIRD_PARTY/hex/hex_3_charcreator/html/img/makeup.png,1763,03_REVIEW_HEX_PHONE_TIMELINE
server/[hex]/hex_3_charcreator/html/img/dna.png,_REVIEW_THIRD_PARTY/hex/hex_3_charcreator/html/img/dna.png,1953,03_REVIEW_HEX_PHONE_TIMELINE
server/[hex]/hex_3_charcreator/html/img/male.svg,_REVIEW_THIRD_PARTY/hex/hex_3_charcreator/html/img/male.svg,90094,03_REVIEW_HEX_PHONE_TIMELINE
server/[hex]/hex_3_charcreator/html/img/save.png,_REVIEW_THIRD_PARTY/hex/hex_3_charcreator/html/img/save.png,2576,03_REVIEW_HEX_PHONE_TIMELINE
server/[hex]/hex_doorcreator/dist/sounds/sound_door.mp3,_REVIEW_THIRD_PARTY/hex/hex_doorcreator/dist/sounds/sound_door.mp3,39981,03_REVIEW_HEX_PHONE_TIMELINE
server/[hex]/hex_doorcreator/dist/sounds/sound_fence.mp3,_REVIEW_THIRD_PARTY/hex/hex_doorcreator/dist/sounds/sound_fence.mp3,27630,03_REVIEW_HEX_PHONE_TIMELINE
server/[hex]/hex_doorcreator/dist/sounds/sound_security.mp3,_REVIEW_THIRD_PARTY/hex/hex_doorcreator/dist/sounds/sound_security.mp3,27630,03_REVIEW_HEX_PHONE_TIMELINE
server/[hex]/hex_doorcreator/dist/assets/bg-Cdhgw197.png,_REVIEW_THIRD_PARTY/hex/hex_doorcreator/dist/assets/bg-Cdhgw197.png,8733935,03_REVIEW_HEX_PHONE_TIMELINE
server/[hex]/hex_doorcreator/dist/css/fonts/Orbitron-Medium.ttf,_REVIEW_THIRD_PARTY/hex/hex_doorcreator/dist/css/fonts/Orbitron-Medium.ttf,24412,03_REVIEW_HEX_PHONE_TIMELINE
server/[hex]/hex_doorcreator/dist/css/fonts/Orbitron-ExtraBold.ttf,_REVIEW_THIRD_PARTY/hex/hex_doorcreator/dist/css/fonts/Orbitron-ExtraBold.ttf,24368,03_REVIEW_HEX_PHONE_TIMELINE
server/[hex]/hex_doorcreator/dist/css/fonts/Orbitron-SemiBold.ttf,_REVIEW_THIRD_PARTY/hex/hex_doorcreator/dist/css/fonts/Orbitron-SemiBold.ttf,24400,03_REVIEW_HEX_PHONE_TIMELINE
server/[hex]/hex_doorcreator/dist/css/fonts/Orbitron-Regular.ttf,_REVIEW_THIRD_PARTY/hex/hex_doorcreator/dist/css/fonts/Orbitron-Regular.ttf,24368,03_REVIEW_HEX_PHONE_TIMELINE
server/[hex]/hex_doorcreator/dist/css/fonts/Orbitron-Bold.ttf,_REVIEW_THIRD_PARTY/hex/hex_doorcreator/dist/css/fonts/Orbitron-Bold.ttf,24308,03_REVIEW_HEX_PHONE_TIMELINE
server/[hex]/hex_doorcreator/dist/css/fonts/Orbitron-Black.ttf,_REVIEW_THIRD_PARTY/hex/hex_doorcreator/dist/css/fonts/Orbitron-Black.ttf,23048,03_REVIEW_HEX_PHONE_TIMELINE
server/[hex]/hex_doorcreator/dist/css/fonts/Bender/Bender-BoldItalic.otf,_REVIEW_THIRD_PARTY/hex/hex_doorcreator/dist/css/fonts/Bender/Bender-BoldItalic.otf,49736,03_REVIEW_HEX_PHONE_TIMELINE
server/[hex]/hex_doorcreator/dist/css/fonts/Bender/Bender-Light.otf,_REVIEW_THIRD_PARTY/hex/hex_doorcreator/dist/css/fonts/Bender/Bender-Light.otf,51024,03_REVIEW_HEX_PHONE_TIMELINE
server/[hex]/hex_doorcreator/dist/css/fonts/Bender/Bender-Italic.otf,_REVIEW_THIRD_PARTY/hex/hex_doorcreator/dist/css/fonts/Bender/Bender-Italic.otf,49312,03_REVIEW_HEX_PHONE_TIMELINE
server/[hex]/hex_doorcreator/dist/css/fonts/Bender/Bender.otf,_REVIEW_THIRD_PARTY/hex/hex_doorcreator/dist/css/fonts/Bender/Bender.otf,52536,03_REVIEW_HEX_PHONE_TIMELINE
server/[hex]/hex_doorcreator/dist/css/fonts/Bender/Bender-LightItalic.otf,_REVIEW_THIRD_PARTY/hex/hex_doorcreator/dist/css/fonts/Bender/Bender-LightItalic.otf,49120,03_REVIEW_HEX_PHONE_TIMELINE
server/[hex]/hex_doorcreator/dist/css/fonts/Bender/Bender-Black.otf,_REVIEW_THIRD_PARTY/hex/hex_doorcreator/dist/css/fonts/Bender/Bender-Black.otf,54164,03_REVIEW_HEX_PHONE_TIMELINE
server/[hex]/hex_doorcreator/dist/css/fonts/Bender/Bender-BlackItalic.otf,_REVIEW_THIRD_PARTY/hex/hex_doorcreator/dist/css/fonts/Bender/Bender-BlackItalic.otf,50844,03_REVIEW_HEX_PHONE_TIMELINE
server/[hex]/hex_doorcreator/dist/css/fonts/Bender/Bender-Bold.otf,_REVIEW_THIRD_PARTY/hex/hex_doorcreator/dist/css/fonts/Bender/Bender-Bold.otf,52988,03_REVIEW_HEX_PHONE_TIMELINE
server/[hex]/hex_doorcreator/dist/css/fonts/Gilroy/Gilroy-Regular.ttf,_REVIEW_THIRD_PARTY/hex/hex_doorcreator/dist/css/fonts/Gilroy/Gilroy-Regular.ttf,145148,03_REVIEW_HEX_PHONE_TIMELINE
server/[hex]/hex_doorcreator/dist/imgs/palm.svg,_REVIEW_THIRD_PARTY/hex/hex_doorcreator/dist/imgs/palm.svg,3951,03_REVIEW_HEX_PHONE_TIMELINE
server/[hex]/hex_doorcreator/dist/imgs/palm.png,_REVIEW_THIRD_PARTY/hex/hex_doorcreator/dist/imgs/palm.png,8157,03_REVIEW_HEX_PHONE_TIMELINE
server/[hex]/hex_doorcreator/items/imgs/lockpick.png,_REVIEW_THIRD_PARTY/hex/hex_doorcreator/items/imgs/lockpick.png,115629,03_REVIEW_HEX_PHONE_TIMELINE
server/[hex]/hex_doorcreator/items/imgs/hacking_device.png,_REVIEW_THIRD_PARTY/hex/hex_doorcreator/items/imgs/hacking_device.png,244360,03_REVIEW_HEX_PHONE_TIMELINE
server/[hex]/hex_doorcreator/items/imgs/advanced_lockpick.png,_REVIEW_THIRD_PARTY/hex/hex_doorcreator/items/imgs/advanced_lockpick.png,127403,03_REVIEW_HEX_PHONE_TIMELINE
server/[hex]/vms_tuning/html/receipt.png,_REVIEW_THIRD_PARTY/hex/vms_tuning/html/receipt.png,370293,03_REVIEW_HEX_PHONE_TIMELINE
server/[hex]/vms_tuning/html/peds/s_m_o_busker_01.webp,_REVIEW_THIRD_PARTY/hex/vms_tuning/html/peds/s_m_o_busker_01.webp,3512,03_REVIEW_HEX_PHONE_TIMELINE
server/[hex]/vms_tuning/html/peds/s_m_y_strvend_01.webp,_REVIEW_THIRD_PARTY/hex/vms_tuning/html/peds/s_m_y_strvend_01.webp,3628,03_REVIEW_HEX_PHONE_TIMELINE
server/[hex]/vms_tuning/html/peds/s_m_m_trucker_01.webp,_REVIEW_THIRD_PARTY/hex/vms_tuning/html/peds/s_m_m_trucker_01.webp,3912,03_REVIEW_HEX_PHONE_TIMELINE
server/[hex]/vms_tuning/html/peds/ig_jimmyboston.webp,_REVIEW_THIRD_PARTY/hex/vms_tuning/html/peds/ig_jimmyboston.webp,3824,03_REVIEW_HEX_PHONE_TIMELINE
server/[hex]/vms_tuning/html/peds/ig_claypain.webp,_REVIEW_THIRD_PARTY/hex/vms_tuning/html/peds/ig_claypain.webp,3942,03_REVIEW_HEX_PHONE_TIMELINE
server/[hex]/vms_tuning/html/peds/ig_natalia.webp,_REVIEW_THIRD_PARTY/hex/vms_tuning/html/peds/ig_natalia.webp,3400,03_REVIEW_HEX_PHONE_TIMELINE
server/[hex]/vms_tuning/html/peds/ig_manuel.webp,_REVIEW_THIRD_PARTY/hex/vms_tuning/html/peds/ig_manuel.webp,2888,03_REVIEW_HEX_PHONE_TIMELINE
server/[hex]/vms_tuning/html/peds/ig_maude.webp,_REVIEW_THIRD_PARTY/hex/vms_tuning/html/peds/ig_maude.webp,2298,03_REVIEW_HEX_PHONE_TIMELINE
server/[hex]/vms_tuning/html/peds/ig_screen_writer.webp,_REVIEW_THIRD_PARTY/hex/vms_tuning/html/peds/ig_screen_writer.webp,2774,03_REVIEW_HEX_PHONE_TIMELINE
server/[hex]/vms_tuning/html/peds/s_m_m_lifeinvad_01.webp,_REVIEW_THIRD_PARTY/hex/vms_tuning/html/peds/s_m_m_lifeinvad_01.webp,5306,03_REVIEW_HEX_PHONE_TIMELINE
server/[hex]/vms_tuning/html/peds/ig_agent.webp,_REVIEW_THIRD_PARTY/hex/vms_tuning/html/peds/ig_agent.webp,2168,03_REVIEW_HEX_PHONE_TIMELINE
server/[hex]/vms_tuning/html/peds/ig_mrs_thornhill.webp,_REVIEW_THIRD_PARTY/hex/vms_tuning/html/peds/ig_mrs_thornhill.webp,2986,03_REVIEW_HEX_PHONE_TIMELINE
server/[hex]/vms_tuning/html/peds/ig_car3guy2.webp,_REVIEW_THIRD_PARTY/hex/vms_tuning/html/peds/ig_car3guy2.webp,2428,03_REVIEW_HEX_PHONE_TIMELINE
server/[hex]/vms_tuning/html/icons/licenseplate.webp,_REVIEW_THIRD_PARTY/hex/vms_tuning/html/icons/licenseplate.webp,3252,03_REVIEW_HEX_PHONE_TIMELINE
server/[hex]/vms_tuning/html/icons/lvl2.webp,_REVIEW_THIRD_PARTY/hex/vms_tuning/html/icons/lvl2.webp,424,03_REVIEW_HEX_PHONE_TIMELINE
server/[hex]/vms_tuning/html/icons/drift_tyres.webp,_REVIEW_THIRD_PARTY/hex/vms_tuning/html/icons/drift_tyres.webp,22066,03_REVIEW_HEX_PHONE_TIMELINE
server/[hex]/vms_tuning/html/icons/wheel_suv.webp,_REVIEW_THIRD_PARTY/hex/vms_tuning/html/icons/wheel_suv.webp,9710,03_REVIEW_HEX_PHONE_TIMELINE
server/[hex]/vms_tuning/html/icons/wheel_tuning.webp,_REVIEW_THIRD_PARTY/hex/vms_tuning/html/icons/wheel_tuning.webp,15310,03_REVIEW_HEX_PHONE_TIMELINE
server/[hex]/vms_tuning/html/icons/lvl3.webp,_REVIEW_THIRD_PARTY/hex/vms_tuning/html/icons/lvl3.webp,508,03_REVIEW_HEX_PHONE_TIMELINE
server/[hex]/vms_tuning/html/icons/other.webp,_REVIEW_THIRD_PARTY/hex/vms_tuning/html/icons/other.webp,5264,03_REVIEW_HEX_PHONE_TIMELINE
server/[hex]/vms_tuning/html/icons/aerials.webp,_REVIEW_THIRD_PARTY/hex/vms_tuning/html/icons/aerials.webp,7552,03_REVIEW_HEX_PHONE_TIMELINE
server/[hex]/vms_tuning/html/icons/front-bumper.webp,_REVIEW_THIRD_PARTY/hex/vms_tuning/html/icons/front-bumper.webp,4148,03_REVIEW_HEX_PHONE_TIMELINE
server/[hex]/vms_tuning/html/icons/windowtint.webp,_REVIEW_THIRD_PARTY/hex/vms_tuning/html/icons/windowtint.webp,5486,03_REVIEW_HEX_PHONE_TIMELINE
server/[hex]/vms_tuning/html/icons/wheel_highend.webp,_REVIEW_THIRD_PARTY/hex/vms_tuning/html/icons/wheel_highend.webp,15930,03_REVIEW_HEX_PHONE_TIMELINE
server/[hex]/vms_tuning/html/icons/visual.webp,_REVIEW_THIRD_PARTY/hex/vms_tuning/html/icons/visual.webp,6932,03_REVIEW_HEX_PHONE_TIMELINE
server/[hex]/vms_tuning/html/icons/hood.webp,_REVIEW_THIRD_PARTY/hex/vms_tuning/html/icons/hood.webp,8356,03_REVIEW_HEX_PHONE_TIMELINE
server/[hex]/vms_tuning/html/icons/lvl5.webp,_REVIEW_THIRD_PARTY/hex/vms_tuning/html/icons/lvl5.webp,368,03_REVIEW_HEX_PHONE_TIMELINE
server/[hex]/vms_tuning/html/icons/wheels_size.webp,_REVIEW_THIRD_PARTY/hex/vms_tuning/html/icons/wheels_size.webp,18416,03_REVIEW_HEX_PHONE_TIMELINE
server/[hex]/vms_tuning/html/icons/exhaust.webp,_REVIEW_THIRD_PARTY/hex/vms_tuning/html/icons/exhaust.webp,3358,03_REVIEW_HEX_PHONE_TIMELINE
server/[hex]/vms_tuning/html/icons/repair.webp,_REVIEW_THIRD_PARTY/hex/vms_tuning/html/icons/repair.webp,4844,03_REVIEW_HEX_PHONE_TIMELINE
server/[hex]/vms_tuning/html/icons/wheels.webp,_REVIEW_THIRD_PARTY/hex/vms_tuning/html/icons/wheels.webp,14448,03_REVIEW_HEX_PHONE_TIMELINE
server/[hex]/vms_tuning/html/icons/wheel_motorcycle.webp,_REVIEW_THIRD_PARTY/hex/vms_tuning/html/icons/wheel_motorcycle.webp,19316,03_REVIEW_HEX_PHONE_TIMELINE
server/[hex]/vms_tuning/html/icons/roof.webp,_REVIEW_THIRD_PARTY/hex/vms_tuning/html/icons/roof.webp,2622,03_REVIEW_HEX_PHONE_TIMELINE
server/[hex]/vms_tuning/html/icons/lvl1.webp,_REVIEW_THIRD_PARTY/hex/vms_tuning/html/icons/lvl1.webp,196,03_REVIEW_HEX_PHONE_TIMELINE
server/[hex]/vms_tuning/html/icons/turbo.webp,_REVIEW_THIRD_PARTY/hex/vms_tuning/html/icons/turbo.webp,11104,03_REVIEW_HEX_PHONE_TIMELINE
server/[hex]/vms_tuning/html/icons/body.webp,_REVIEW_THIRD_PARTY/hex/vms_tuning/html/icons/body.webp,4472,03_REVIEW_HEX_PHONE_TIMELINE
server/[hex]/vms_tuning/html/icons/wheel_sports.webp,_REVIEW_THIRD_PARTY/hex/vms_tuning/html/icons/wheel_sports.webp,12528,03_REVIEW_HEX_PHONE_TIMELINE
server/[hex]/vms_tuning/html/icons/clean.webp,_REVIEW_THIRD_PARTY/hex/vms_tuning/html/icons/clean.webp,8026,03_REVIEW_HEX_PHONE_TIMELINE
server/[hex]/vms_tuning/html/icons/speakers.webp,_REVIEW_THIRD_PARTY/hex/vms_tuning/html/icons/speakers.webp,17446,03_REVIEW_HEX_PHONE_TIMELINE
server/[hex]/vms_tuning/html/icons/wheel_muscle.webp,_REVIEW_THIRD_PARTY/hex/vms_tuning/html/icons/wheel_muscle.webp,12640,03_REVIEW_HEX_PHONE_TIMELINE
server/[hex]/vms_tuning/html/icons/lvl4.webp,_REVIEW_THIRD_PARTY/hex/vms_tuning/html/icons/lvl4.webp,184,03_REVIEW_HEX_PHONE_TIMELINE
server/[hex]/vms_tuning/html/icons/transmission.webp,_REVIEW_THIRD_PARTY/hex/vms_tuning/html/icons/transmission.webp,5342,03_REVIEW_HEX_PHONE_TIMELINE
server/[hex]/vms_tuning/html/icons/engineswap.webp,_REVIEW_THIRD_PARTY/hex/vms_tuning/html/icons/engineswap.webp,1498,03_REVIEW_HEX_PHONE_TIMELINE
server/[hex]/vms_tuning/html/icons/wheel_track.webp,_REVIEW_THIRD_PARTY/hex/vms_tuning/html/icons/wheel_track.webp,12330,03_REVIEW_HEX_PHONE_TIMELINE
server/[hex]/vms_tuning/html/icons/lightbars.webp,_REVIEW_THIRD_PARTY/hex/vms_tuning/html/icons/lightbars.webp,4528,03_REVIEW_HEX_PHONE_TIMELINE
server/[hex]/vms_tuning/html/icons/lvl0.webp,_REVIEW_THIRD_PARTY/hex/vms_tuning/html/icons/lvl0.webp,364,03_REVIEW_HEX_PHONE_TIMELINE
server/[hex]/vms_tuning/html/icons/locator.webp,_REVIEW_THIRD_PARTY/hex/vms_tuning/html/icons/locator.webp,6824,03_REVIEW_HEX_PHONE_TIMELINE
server/[hex]/vms_tuning/html/icons/left-fender.webp,_REVIEW_THIRD_PARTY/hex/vms_tuning/html/icons/left-fender.webp,5562,03_REVIEW_HEX_PHONE_TIMELINE
server/[hex]/vms_tuning/html/icons/wheel_orginals.webp,_REVIEW_THIRD_PARTY/hex/vms_tuning/html/icons/wheel_orginals.webp,17100,03_REVIEW_HEX_PHONE_TIMELINE
server/[hex]/vms_tuning/html/icons/grill.webp,_REVIEW_THIRD_PARTY/hex/vms_tuning/html/icons/grill.webp,5948,03_REVIEW_HEX_PHONE_TIMELINE
server/[hex]/vms_tuning/html/icons/wheels_stance.webp,_REVIEW_THIRD_PARTY/hex/vms_tuning/html/icons/wheels_stance.webp,29308,03_REVIEW_HEX_PHONE_TIMELINE
server/[hex]/vms_tuning/html/icons/cage.webp,_REVIEW_THIRD_PARTY/hex/vms_tuning/html/icons/cage.webp,13306,03_REVIEW_HEX_PHONE_TIMELINE
server/[hex]/vms_tuning/html/icons/wheel_smoke.webp,_REVIEW_THIRD_PARTY/hex/vms_tuning/html/icons/wheel_smoke.webp,12822,03_REVIEW_HEX_PHONE_TIMELINE
server/[hex]/vms_tuning/html/icons/engine.webp,_REVIEW_THIRD_PARTY/hex/vms_tuning/html/icons/engine.webp,2824,03_REVIEW_HEX_PHONE_TIMELINE
server/[hex]/vms_tuning/html/icons/hydrolic.webp,_REVIEW_THIRD_PARTY/hex/vms_tuning/html/icons/hydrolic.webp,5290,03_REVIEW_HEX_PHONE_TIMELINE
server/[hex]/vms_tuning/html/icons/rear-bumper.webp,_REVIEW_THIRD_PARTY/hex/vms_tuning/html/icons/rear-bumper.webp,2904,03_REVIEW_HEX_PHONE_TIMELINE
server/[hex]/vms_tuning/html/icons/wheels_width.webp,_REVIEW_THIRD_PARTY/hex/vms_tuning/html/icons/wheels_width.webp,16922,03_REVIEW_HEX_PHONE_TIMELINE
server/[hex]/vms_tuning/html/icons/paint.webp,_REVIEW_THIRD_PARTY/hex/vms_tuning/html/icons/paint.webp,3278,03_REVIEW_HEX_PHONE_TIMELINE
server/[hex]/vms_tuning/html/icons/right-fender.webp,_REVIEW_THIRD_PARTY/hex/vms_tuning/html/icons/right-fender.webp,9468,03_REVIEW_HEX_PHONE_TIMELINE
server/[hex]/vms_tuning/html/icons/extra.webp,_REVIEW_THIRD_PARTY/hex/vms_tuning/html/icons/extra.webp,7074,03_REVIEW_HEX_PHONE_TIMELINE
server/[hex]/vms_tuning/html/icons/side-skirts.webp,_REVIEW_THIRD_PARTY/hex/vms_tuning/html/icons/side-skirts.webp,5846,03_REVIEW_HEX_PHONE_TIMELINE
server/[hex]/vms_tuning/html/icons/colors-indexed.webp,_REVIEW_THIRD_PARTY/hex/vms_tuning/html/icons/colors-indexed.webp,7152,03_REVIEW_HEX_PHONE_TIMELINE
server/[hex]/vms_tuning/html/icons/inside.webp,_REVIEW_THIRD_PARTY/hex/vms_tuning/html/icons/inside.webp,5216,03_REVIEW_HEX_PHONE_TIMELINE
server/[hex]/vms_tuning/html/icons/windows.webp,_REVIEW_THIRD_PARTY/hex/vms_tuning/html/icons/windows.webp,3920,03_REVIEW_HEX_PHONE_TIMELINE
server/[hex]/vms_tuning/html/icons/wheel_street.webp,_REVIEW_THIRD_PARTY/hex/vms_tuning/html/icons/wheel_street.webp,20070,03_REVIEW_HEX_PHONE_TIMELINE
server/[hex]/vms_tuning/html/icons/wheel_lowrider.webp,_REVIEW_THIRD_PARTY/hex/vms_tuning/html/icons/wheel_lowrider.webp,18274,03_REVIEW_HEX_PHONE_TIMELINE
server/[hex]/vms_tuning/html/icons/customlicenseplate.png,_REVIEW_THIRD_PARTY/hex/vms_tuning/html/icons/customlicenseplate.png,63479,03_REVIEW_HEX_PHONE_TIMELINE
server/[hex]/vms_tuning/html/icons/mechanical.webp,_REVIEW_THIRD_PARTY/hex/vms_tuning/html/icons/mechanical.webp,9414,03_REVIEW_HEX_PHONE_TIMELINE
server/[hex]/vms_tuning/html/icons/colors-rgb.webp,_REVIEW_THIRD_PARTY/hex/vms_tuning/html/icons/colors-rgb.webp,7156,03_REVIEW_HEX_PHONE_TIMELINE
server/[hex]/vms_tuning/html/icons/armor.webp,_REVIEW_THIRD_PARTY/hex/vms_tuning/html/icons/armor.webp,2768,03_REVIEW_HEX_PHONE_TIMELINE
server/[hex]/vms_tuning/html/icons/brakes.webp,_REVIEW_THIRD_PARTY/hex/vms_tuning/html/icons/brakes.webp,9716,03_REVIEW_HEX_PHONE_TIMELINE
server/[hex]/vms_tuning/html/icons/neons.webp,_REVIEW_THIRD_PARTY/hex/vms_tuning/html/icons/neons.webp,4306,03_REVIEW_HEX_PHONE_TIMELINE
server/[hex]/vms_tuning/html/icons/lvl6.webp,_REVIEW_THIRD_PARTY/hex/vms_tuning/html/icons/lvl6.webp,442,03_REVIEW_HEX_PHONE_TIMELINE
server/[hex]/vms_tuning/html/icons/wheel_offroad.webp,_REVIEW_THIRD_PARTY/hex/vms_tuning/html/icons/wheel_offroad.webp,10270,03_REVIEW_HEX_PHONE_TIMELINE
server/[hex]/vms_tuning/html/icons/horn.webp,_REVIEW_THIRD_PARTY/hex/vms_tuning/html/icons/horn.webp,4042,03_REVIEW_HEX_PHONE_TIMELINE
server/[hex]/vms_tuning/html/icons/xenon.webp,_REVIEW_THIRD_PARTY/hex/vms_tuning/html/icons/xenon.webp,6768,03_REVIEW_HEX_PHONE_TIMELINE
server/[hex]/vms_tuning/html/icons/trunk.webp,_REVIEW_THIRD_PARTY/hex/vms_tuning/html/icons/trunk.webp,5266,03_REVIEW_HEX_PHONE_TIMELINE
server/[hex]/vms_tuning/html/icons/wheel_bespoke.webp,_REVIEW_THIRD_PARTY/hex/vms_tuning/html/icons/wheel_bespoke.webp,48598,03_REVIEW_HEX_PHONE_TIMELINE
server/[hex]/vms_tuning/html/icons/suspension.webp,_REVIEW_THIRD_PARTY/hex/vms_tuning/html/icons/suspension.webp,6086,03_REVIEW_HEX_PHONE_TIMELINE
server/[hex]/vms_tuning/html/icons/air_filter.webp,_REVIEW_THIRD_PARTY/hex/vms_tuning/html/icons/air_filter.webp,4978,03_REVIEW_HEX_PHONE_TIMELINE
server/[hex]/vms_tuning/html/icons/struts.webp,_REVIEW_THIRD_PARTY/hex/vms_tuning/html/icons/struts.webp,5456,03_REVIEW_HEX_PHONE_TIMELINE
server/[hex]/vms_tuning/html/icons/spoiler.webp,_REVIEW_THIRD_PARTY/hex/vms_tuning/html/icons/spoiler.webp,3722,03_REVIEW_HEX_PHONE_TIMELINE
server/[hex]/vms_tuning/html/icons/wrap.webp,_REVIEW_THIRD_PARTY/hex/vms_tuning/html/icons/wrap.webp,7408,03_REVIEW_HEX_PHONE_TIMELINE
server/[hex]/hex_3_confirm/html/img/infobox.svg,_REVIEW_THIRD_PARTY/hex/hex_3_confirm/html/img/infobox.svg,164461,03_REVIEW_HEX_PHONE_TIMELINE
server/[hex]/hex_3_confirm/html/img/spikebottom.svg,_REVIEW_THIRD_PARTY/hex/hex_3_confirm/html/img/spikebottom.svg,1346,03_REVIEW_HEX_PHONE_TIMELINE
server/[hex]/hex_3_confirm/html/img/item_bg.svg,_REVIEW_THIRD_PARTY/hex/hex_3_confirm/html/img/item_bg.svg,801,03_REVIEW_HEX_PHONE_TIMELINE
server/[hex]/hex_3_confirm/html/img/spiketop.svg,_REVIEW_THIRD_PARTY/hex/hex_3_confirm/html/img/spiketop.svg,1336,03_REVIEW_HEX_PHONE_TIMELINE
server/[hex]/hex_3_menu_default/html/img/left_arrow.svg,_REVIEW_THIRD_PARTY/hex/hex_3_menu_default/html/img/left_arrow.svg,181,03_REVIEW_HEX_PHONE_TIMELINE
server/[hex]/hex_3_menu_default/html/img/right_arrow.svg,_REVIEW_THIRD_PARTY/hex/hex_3_menu_default/html/img/right_arrow.svg,181,03_REVIEW_HEX_PHONE_TIMELINE
server/[hex]/averix_itemcreator/html/fonts/Nexa-Heavy.ttf,_REVIEW_THIRD_PARTY/hex/averix_itemcreator/html/fonts/Nexa-Heavy.ttf,152248,03_REVIEW_HEX_PHONE_TIMELINE
server/[hex]/averix_itemcreator/html/fonts/Gilroy-MediumItalic.ttf,_REVIEW_THIRD_PARTY/hex/averix_itemcreator/html/fonts/Gilroy-MediumItalic.ttf,88764,03_REVIEW_HEX_PHONE_TIMELINE
server/[hex]/averix_itemcreator/html/fonts/Nekst-Thin.ttf,_REVIEW_THIRD_PARTY/hex/averix_itemcreator/html/fonts/Nekst-Thin.ttf,122648,03_REVIEW_HEX_PHONE_TIMELINE
server/[hex]/averix_itemcreator/html/fonts/Nexa-ExtraLight.ttf,_REVIEW_THIRD_PARTY/hex/averix_itemcreator/html/fonts/Nexa-ExtraLight.ttf,134576,03_REVIEW_HEX_PHONE_TIMELINE
server/[hex]/averix_itemcreator/html/fonts/Gilroy-LightItalic.ttf,_REVIEW_THIRD_PARTY/hex/averix_itemcreator/html/fonts/Gilroy-LightItalic.ttf,88768,03_REVIEW_HEX_PHONE_TIMELINE
server/[hex]/averix_itemcreator/html/fonts/Gilroy-SemiboldItalic.ttf,_REVIEW_THIRD_PARTY/hex/averix_itemcreator/html/fonts/Gilroy-SemiboldItalic.ttf,86016,03_REVIEW_HEX_PHONE_TIMELINE
server/[hex]/averix_itemcreator/html/fonts/Gilroy-UltraLight.ttf,_REVIEW_THIRD_PARTY/hex/averix_itemcreator/html/fonts/Gilroy-UltraLight.ttf,85700,03_REVIEW_HEX_PHONE_TIMELINE
server/[hex]/averix_itemcreator/html/fonts/Gilroy-ThinItalic.ttf,_REVIEW_THIRD_PARTY/hex/averix_itemcreator/html/fonts/Gilroy-ThinItalic.ttf,89068,03_REVIEW_HEX_PHONE_TIMELINE
server/[hex]/averix_itemcreator/html/fonts/Gilroy-ExtraboldItalic.ttf,_REVIEW_THIRD_PARTY/hex/averix_itemcreator/html/fonts/Gilroy-ExtraboldItalic.ttf,86028,03_REVIEW_HEX_PHONE_TIMELINE
server/[hex]/averix_itemcreator/html/fonts/Gilroy-Light.ttf,_REVIEW_THIRD_PARTY/hex/averix_itemcreator/html/fonts/Gilroy-Light.ttf,84728,03_REVIEW_HEX_PHONE_TIMELINE
server/[hex]/averix_itemcreator/html/fonts/Gilroy-Heavy.ttf,_REVIEW_THIRD_PARTY/hex/averix_itemcreator/html/fonts/Gilroy-Heavy.ttf,82572,03_REVIEW_HEX_PHONE_TIMELINE
server/[hex]/averix_itemcreator/html/fonts/Nekst-Bold.ttf,_REVIEW_THIRD_PARTY/hex/averix_itemcreator/html/fonts/Nekst-Bold.ttf,154844,03_REVIEW_HEX_PHONE_TIMELINE
server/[hex]/averix_itemcreator/html/fonts/Sporty-Pro-Regular.otf,_REVIEW_THIRD_PARTY/hex/averix_itemcreator/html/fonts/Sporty-Pro-Regular.otf,139796,03_REVIEW_HEX_PHONE_TIMELINE
server/[hex]/averix_itemcreator/html/fonts/Gilroy-Black.ttf,_REVIEW_THIRD_PARTY/hex/averix_itemcreator/html/fonts/Gilroy-Black.ttf,82952,03_REVIEW_HEX_PHONE_TIMELINE
server/[hex]/averix_itemcreator/html/fonts/Gilroy-Bold.ttf,_REVIEW_THIRD_PARTY/hex/averix_itemcreator/html/fonts/Gilroy-Bold.ttf,83456,03_REVIEW_HEX_PHONE_TIMELINE
server/[hex]/averix_itemcreator/html/fonts/Nekst-Light.ttf,_REVIEW_THIRD_PARTY/hex/averix_itemcreator/html/fonts/Nekst-Light.ttf,125008,03_REVIEW_HEX_PHONE_TIMELINE
server/[hex]/averix_itemcreator/html/fonts/Nekst-Medium.ttf,_REVIEW_THIRD_PARTY/hex/averix_itemcreator/html/fonts/Nekst-Medium.ttf,126376,03_REVIEW_HEX_PHONE_TIMELINE
server/[hex]/averix_itemcreator/html/fonts/Nekst-Black.ttf,_REVIEW_THIRD_PARTY/hex/averix_itemcreator/html/fonts/Nekst-Black.ttf,131832,03_REVIEW_HEX_PHONE_TIMELINE
server/[hex]/averix_itemcreator/html/fonts/Gilroy-BoldItalic.ttf,_REVIEW_THIRD_PARTY/hex/averix_itemcreator/html/fonts/Gilroy-BoldItalic.ttf,87280,03_REVIEW_HEX_PHONE_TIMELINE
server/[hex]/averix_itemcreator/html/fonts/Gilroy-Extrabold.ttf,_REVIEW_THIRD_PARTY/hex/averix_itemcreator/html/fonts/Gilroy-Extrabold.ttf,82260,03_REVIEW_HEX_PHONE_TIMELINE
server/[hex]/averix_itemcreator/html/fonts/Gilroy-Regular.ttf,_REVIEW_THIRD_PARTY/hex/averix_itemcreator/html/fonts/Gilroy-Regular.ttf,84300,03_REVIEW_HEX_PHONE_TIMELINE
server/[hex]/averix_itemcreator/html/fonts/Gilroy-RegularItalic.ttf,_REVIEW_THIRD_PARTY/hex/averix_itemcreator/html/fonts/Gilroy-RegularItalic.ttf,88484,03_REVIEW_HEX_PHONE_TIMELINE
server/[hex]/averix_itemcreator/html/fonts/Gilroy-Semibold.ttf,_REVIEW_THIRD_PARTY/hex/averix_itemcreator/html/fonts/Gilroy-Semibold.ttf,83948,03_REVIEW_HEX_PHONE_TIMELINE
server/[hex]/averix_itemcreator/html/fonts/Gilroy-BlackItalic.ttf,_REVIEW_THIRD_PARTY/hex/averix_itemcreator/html/fonts/Gilroy-BlackItalic.ttf,86668,03_REVIEW_HEX_PHONE_TIMELINE
server/[hex]/averix_itemcreator/html/fonts/Gilroy-UltraLightItalic.ttf,_REVIEW_THIRD_PARTY/hex/averix_itemcreator/html/fonts/Gilroy-UltraLightItalic.ttf,89508,03_REVIEW_HEX_PHONE_TIMELINE
server/[hex]/averix_itemcreator/html/fonts/Nekst-SemiBold.ttf,_REVIEW_THIRD_PARTY/hex/averix_itemcreator/html/fonts/Nekst-SemiBold.ttf,133672,03_REVIEW_HEX_PHONE_TIMELINE
server/[hex]/averix_itemcreator/html/fonts/Gilroy-Medium.ttf,_REVIEW_THIRD_PARTY/hex/averix_itemcreator/html/fonts/Gilroy-Medium.ttf,84564,03_REVIEW_HEX_PHONE_TIMELINE
server/[hex]/averix_itemcreator/html/fonts/Nekst-Regular.ttf,_REVIEW_THIRD_PARTY/hex/averix_itemcreator/html/fonts/Nekst-Regular.ttf,127464,03_REVIEW_HEX_PHONE_TIMELINE
server/[hex]/averix_itemcreator/html/fonts/Gilroy-HeavyItalic.ttf,_REVIEW_THIRD_PARTY/hex/averix_itemcreator/html/fonts/Gilroy-HeavyItalic.ttf,86776,03_REVIEW_HEX_PHONE_TIMELINE
server/[hex]/averix_itemcreator/html/images/Icon.png,_REVIEW_THIRD_PARTY/hex/averix_itemcreator/html/images/Icon.png,6847,03_REVIEW_HEX_PHONE_TIMELINE
server/[hex]/averix_itemcreator/html/images/Close.png,_REVIEW_THIRD_PARTY/hex/averix_itemcreator/html/images/Close.png,411,03_REVIEW_HEX_PHONE_TIMELINE
server/[hex]/hex_4_xzmenu/dist/img/xmenu/trunk.png,_REVIEW_THIRD_PARTY/hex/hex_4_xzmenu/dist/img/xmenu/trunk.png,12264,03_REVIEW_HEX_PHONE_TIMELINE
server/[hex]/hex_4_xzmenu/dist/img/xmenu/engine.png,_REVIEW_THIRD_PARTY/hex/hex_4_xzmenu/dist/img/xmenu/engine.png,31403,03_REVIEW_HEX_PHONE_TIMELINE
server/[hex]/hex_4_xzmenu/dist/img/xmenu/search.png,_REVIEW_THIRD_PARTY/hex/hex_4_xzmenu/dist/img/xmenu/search.png,17159,03_REVIEW_HEX_PHONE_TIMELINE
server/[hex]/hex_4_xzmenu/dist/img/xmenu/radio.png,_REVIEW_THIRD_PARTY/hex/hex_4_xzmenu/dist/img/xmenu/radio.png,8583,03_REVIEW_HEX_PHONE_TIMELINE
server/[hex]/hex_4_xzmenu/dist/img/xmenu/doors.png,_REVIEW_THIRD_PARTY/hex/hex_4_xzmenu/dist/img/xmenu/doors.png,10110,03_REVIEW_HEX_PHONE_TIMELINE
server/[hex]/hex_4_xzmenu/dist/img/xmenu/cuff.png,_REVIEW_THIRD_PARTY/hex/hex_4_xzmenu/dist/img/xmenu/cuff.png,20842,03_REVIEW_HEX_PHONE_TIMELINE
server/[hex]/hex_4_xzmenu/dist/img/xmenu/key.png,_REVIEW_THIRD_PARTY/hex/hex_4_xzmenu/dist/img/xmenu/key.png,10742,03_REVIEW_HEX_PHONE_TIMELINE
server/[hex]/hex_4_xzmenu/dist/img/xmenu/api.png,_REVIEW_THIRD_PARTY/hex/hex_4_xzmenu/dist/img/xmenu/api.png,58670,03_REVIEW_HEX_PHONE_TIMELINE
server/[hex]/hex_4_xzmenu/dist/img/noemote.png,_REVIEW_THIRD_PARTY/hex/hex_4_xzmenu/dist/img/noemote.png,6397,03_REVIEW_HEX_PHONE_TIMELINE
server/[hex]/hex_4_xzmenu/dist/img/edit.png,_REVIEW_THIRD_PARTY/hex/hex_4_xzmenu/dist/img/edit.png,364,03_REVIEW_HEX_PHONE_TIMELINE
server/[hex]/hex_4_xzmenu/dist/img/zmenu/sitchair2.png,_REVIEW_THIRD_PARTY/hex/hex_4_xzmenu/dist/img/zmenu/sitchair2.png,4700,03_REVIEW_HEX_PHONE_TIMELINE
server/[hex]/hex_4_xzmenu/dist/img/zmenu/lean4.png,_REVIEW_THIRD_PARTY/hex/hex_4_xzmenu/dist/img/zmenu/lean4.png,3673,03_REVIEW_HEX_PHONE_TIMELINE
server/[hex]/hex_4_xzmenu/dist/img/zmenu/surrender.png,_REVIEW_THIRD_PARTY/hex/hex_4_xzmenu/dist/img/zmenu/surrender.png,3220,03_REVIEW_HEX_PHONE_TIMELINE
server/[hex]/hex_4_xzmenu/dist/img/zmenu/cop2.png,_REVIEW_THIRD_PARTY/hex/hex_4_xzmenu/dist/img/zmenu/cop2.png,4020,03_REVIEW_HEX_PHONE_TIMELINE
server/[hex]/hex_4_xzmenu/dist/img/zmenu/finger.png,_REVIEW_THIRD_PARTY/hex/hex_4_xzmenu/dist/img/zmenu/finger.png,3615,03_REVIEW_HEX_PHONE_TIMELINE
server/[hex]/hex_4_xzmenu/dist/img/zmenu/bro.png,_REVIEW_THIRD_PARTY/hex/hex_4_xzmenu/dist/img/zmenu/bro.png,4730,03_REVIEW_HEX_PHONE_TIMELINE
server/[hex]/hex_4_xzmenu/dist/img/zmenu/sunbathe.png,_REVIEW_THIRD_PARTY/hex/hex_4_xzmenu/dist/img/zmenu/sunbathe.png,5833,03_REVIEW_HEX_PHONE_TIMELINE
server/[hex]/hex_4_xzmenu/dist/img/zmenu/sit.png,_REVIEW_THIRD_PARTY/hex/hex_4_xzmenu/dist/img/zmenu/sit.png,4173,03_REVIEW_HEX_PHONE_TIMELINE
server/[hex]/hex_4_xzmenu/dist/img/reset.png,_REVIEW_THIRD_PARTY/hex/hex_4_xzmenu/dist/img/reset.png,392,03_REVIEW_HEX_PHONE_TIMELINE
server/[hex]/hex_3_fuel/html/img/fuelcan.svg,_REVIEW_THIRD_PARTY/hex/hex_3_fuel/html/img/fuelcan.svg,310039,03_REVIEW_HEX_PHONE_TIMELINE
server/[hex]/hex_3_fuel/html/img/money.svg,_REVIEW_THIRD_PARTY/hex/hex_3_fuel/html/img/money.svg,89050,03_REVIEW_HEX_PHONE_TIMELINE
server/[hex]/hex_3_fuel/html/img/money_2.svg,_REVIEW_THIRD_PARTY/hex/hex_3_fuel/html/img/money_2.svg,89040,03_REVIEW_HEX_PHONE_TIMELINE
server/[hex]/hex_3_fuel/html/img/bg_sphere.svg,_REVIEW_THIRD_PARTY/hex/hex_3_fuel/html/img/bg_sphere.svg,814,03_REVIEW_HEX_PHONE_TIMELINE
server/[hex]/hex_3_fuel/html/img/graph.svg,_REVIEW_THIRD_PARTY/hex/hex_3_fuel/html/img/graph.svg,1562,03_REVIEW_HEX_PHONE_TIMELINE
server/[hex]/hex_3_fuel/html/img/navigation.svg,_REVIEW_THIRD_PARTY/hex/hex_3_fuel/html/img/navigation.svg,134700,03_REVIEW_HEX_PHONE_TIMELINE
server/[hex]/hex_3_fuel/html/img/fuelimg.svg,_REVIEW_THIRD_PARTY/hex/hex_3_fuel/html/img/fuelimg.svg,1026346,03_REVIEW_HEX_PHONE_TIMELINE
server/[hex]/hex_3_barber/html/img/itemtopbg.svg,_REVIEW_THIRD_PARTY/hex/hex_3_barber/html/img/itemtopbg.svg,778,03_REVIEW_HEX_PHONE_TIMELINE
server/[hex]/hex_3_barber/html/img/bg.svg,_REVIEW_THIRD_PARTY/hex/hex_3_barber/html/img/bg.svg,1839,03_REVIEW_HEX_PHONE_TIMELINE
server/[hex]/hex_3_barber/html/img/checkout-outline.svg,_REVIEW_THIRD_PARTY/hex/hex_3_barber/html/img/checkout-outline.svg,925,03_REVIEW_HEX_PHONE_TIMELINE
server/[hex]/hex_3_barber/html/img/checkout.svg,_REVIEW_THIRD_PARTY/hex/hex_3_barber/html/img/checkout.svg,195602,03_REVIEW_HEX_PHONE_TIMELINE
server/[timeline]/hex_4_inventory/dist/sounds/click.wav,_REVIEW_THIRD_PARTY/timeline/hex_4_inventory/dist/sounds/click.wav,88930,03_REVIEW_HEX_PHONE_TIMELINE
server/[timeline]/hex_4_inventory/dist/sounds/move.wav,_REVIEW_THIRD_PARTY/timeline/hex_4_inventory/dist/sounds/move.wav,200748,03_REVIEW_HEX_PHONE_TIMELINE
server/[timeline]/hex_4_inventory/dist/img/loader.svg,_REVIEW_THIRD_PARTY/timeline/hex_4_inventory/dist/img/loader.svg,1460,03_REVIEW_HEX_PHONE_TIMELINE
server/[timeline]/hex_4_inventory/dist/img/icons/WEAPON_HEAVYSHOTGUN.png,_REVIEW_THIRD_PARTY/timeline/hex_4_inventory/dist/img/icons/WEAPON_HEAVYSHOTGUN.png,36911,03_REVIEW_HEX_PHONE_TIMELINE
server/[timeline]/hex_4_inventory/dist/img/icons/WEAPON_BOTTLE.png,_REVIEW_THIRD_PARTY/timeline/hex_4_inventory/dist/img/icons/WEAPON_BOTTLE.png,37825,03_REVIEW_HEX_PHONE_TIMELINE
server/[timeline]/hex_4_inventory/dist/img/icons/fabric.png,_REVIEW_THIRD_PARTY/timeline/hex_4_inventory/dist/img/icons/fabric.png,146217,03_REVIEW_HEX_PHONE_TIMELINE
server/[timeline]/hex_4_inventory/dist/img/icons/WEAPON_BULLPUPRIFLE_MK2.png,_REVIEW_THIRD_PARTY/timeline/hex_4_inventory/dist/img/icons/WEAPON_BULLPUPRIFLE_MK2.png,52894,03_REVIEW_HEX_PHONE_TIMELINE
server/[timeline]/hex_4_inventory/dist/img/icons/WEAPON_VINTAGEPISTOL.png,_REVIEW_THIRD_PARTY/timeline/hex_4_inventory/dist/img/icons/WEAPON_VINTAGEPISTOL.png,72501,03_REVIEW_HEX_PHONE_TIMELINE
server/[timeline]/hex_4_inventory/dist/img/icons/packaged_chicken.png,_REVIEW_THIRD_PARTY/timeline/hex_4_inventory/dist/img/icons/packaged_chicken.png,130484,03_REVIEW_HEX_PHONE_TIMELINE
server/[timeline]/hex_4_inventory/dist/img/icons/petrol.png,_REVIEW_THIRD_PARTY/timeline/hex_4_inventory/dist/img/icons/petrol.png,133933,03_REVIEW_HEX_PHONE_TIMELINE
server/[timeline]/hex_4_inventory/dist/img/icons/diamond.png,_REVIEW_THIRD_PARTY/timeline/hex_4_inventory/dist/img/icons/diamond.png,128632,03_REVIEW_HEX_PHONE_TIMELINE
server/[timeline]/hex_4_inventory/dist/img/icons/WEAPON_PISTOL.png,_REVIEW_THIRD_PARTY/timeline/hex_4_inventory/dist/img/icons/WEAPON_PISTOL.png,19921,03_REVIEW_HEX_PHONE_TIMELINE
server/[timeline]/hex_4_inventory/dist/img/icons/WEAPON_CARBINERIFLE_MK2.png,_REVIEW_THIRD_PARTY/timeline/hex_4_inventory/dist/img/icons/WEAPON_CARBINERIFLE_MK2.png,41415,03_REVIEW_HEX_PHONE_TIMELINE
server/[timeline]/hex_4_inventory/dist/img/icons/WEAPON_SPECIALCARBINE_MK2.png,_REVIEW_THIRD_PARTY/timeline/hex_4_inventory/dist/img/icons/WEAPON_SPECIALCARBINE_MK2.png,51816,03_REVIEW_HEX_PHONE_TIMELINE
server/[timeline]/hex_4_inventory/dist/img/icons/WEAPON_APPISTOL.png,_REVIEW_THIRD_PARTY/timeline/hex_4_inventory/dist/img/icons/WEAPON_APPISTOL.png,16582,03_REVIEW_HEX_PHONE_TIMELINE
server/[timeline]/hex_4_inventory/dist/img/icons/fixtool.png,_REVIEW_THIRD_PARTY/timeline/hex_4_inventory/dist/img/icons/fixtool.png,336953,03_REVIEW_HEX_PHONE_TIMELINE
server/[timeline]/hex_4_inventory/dist/img/icons/WEAPON_WRENCH.png,_REVIEW_THIRD_PARTY/timeline/hex_4_inventory/dist/img/icons/WEAPON_WRENCH.png,60321,03_REVIEW_HEX_PHONE_TIMELINE
server/[timeline]/hex_4_inventory/dist/img/icons/wood.png,_REVIEW_THIRD_PARTY/timeline/hex_4_inventory/dist/img/icons/wood.png,120103,03_REVIEW_HEX_PHONE_TIMELINE
server/[timeline]/hex_4_inventory/dist/img/icons/slaughtered_chicken.png,_REVIEW_THIRD_PARTY/timeline/hex_4_inventory/dist/img/icons/slaughtered_chicken.png,299022,03_REVIEW_HEX_PHONE_TIMELINE
server/[timeline]/hex_4_inventory/dist/img/icons/carokit.png,_REVIEW_THIRD_PARTY/timeline/hex_4_inventory/dist/img/icons/carokit.png,169719,03_REVIEW_HEX_PHONE_TIMELINE
server/[timeline]/hex_4_inventory/dist/img/icons/WEAPON_PISTOL_MK2.png,_REVIEW_THIRD_PARTY/timeline/hex_4_inventory/dist/img/icons/WEAPON_PISTOL_MK2.png,28724,03_REVIEW_HEX_PHONE_TIMELINE
server/[timeline]/hex_4_inventory/dist/img/icons/WEAPON_MUSKET.png,_REVIEW_THIRD_PARTY/timeline/hex_4_inventory/dist/img/icons/WEAPON_MUSKET.png,34777,03_REVIEW_HEX_PHONE_TIMELINE
server/[timeline]/hex_4_inventory/dist/img/icons/fixkit.png,_REVIEW_THIRD_PARTY/timeline/hex_4_inventory/dist/img/icons/fixkit.png,182601,03_REVIEW_HEX_PHONE_TIMELINE
server/[timeline]/hex_4_inventory/dist/img/icons/carotool.png,_REVIEW_THIRD_PARTY/timeline/hex_4_inventory/dist/img/icons/carotool.png,234247,03_REVIEW_HEX_PHONE_TIMELINE
server/[timeline]/hex_4_inventory/dist/img/icons/WEAPON_GOLFCLUB.png,_REVIEW_THIRD_PARTY/timeline/hex_4_inventory/dist/img/icons/WEAPON_GOLFCLUB.png,14466,03_REVIEW_HEX_PHONE_TIMELINE
server/[timeline]/hex_4_inventory/dist/img/icons/WEAPON_PUMPSHOTGUN_MK2.png,_REVIEW_THIRD_PARTY/timeline/hex_4_inventory/dist/img/icons/WEAPON_PUMPSHOTGUN_MK2.png,40142,03_REVIEW_HEX_PHONE_TIMELINE
server/[timeline]/hex_4_inventory/dist/img/icons/WEAPON_MACHINEPISTOL.png,_REVIEW_THIRD_PARTY/timeline/hex_4_inventory/dist/img/icons/WEAPON_MACHINEPISTOL.png,64518,03_REVIEW_HEX_PHONE_TIMELINE
server/[timeline]/hex_4_inventory/dist/img/icons/cutted_wood.png,_REVIEW_THIRD_PARTY/timeline/hex_4_inventory/dist/img/icons/cutted_wood.png,182764,03_REVIEW_HEX_PHONE_TIMELINE
server/[timeline]/hex_4_inventory/dist/img/icons/WEAPON_ADVANCEDRIFLE.png,_REVIEW_THIRD_PARTY/timeline/hex_4_inventory/dist/img/icons/WEAPON_ADVANCEDRIFLE.png,99469,03_REVIEW_HEX_PHONE_TIMELINE
server/[timeline]/hex_4_inventory/dist/img/icons/copper.png,_REVIEW_THIRD_PARTY/timeline/hex_4_inventory/dist/img/icons/copper.png,172168,03_REVIEW_HEX_PHONE_TIMELINE
server/[timeline]/hex_4_inventory/dist/img/icons/WEAPON_DBSHOTGUN.png,_REVIEW_THIRD_PARTY/timeline/hex_4_inventory/dist/img/icons/WEAPON_DBSHOTGUN.png,68593,03_REVIEW_HEX_PHONE_TIMELINE
server/[timeline]/hex_4_inventory/dist/img/icons/WEAPON_COMBATPDW.png,_REVIEW_THIRD_PARTY/timeline/hex_4_inventory/dist/img/icons/WEAPON_COMBATPDW.png,58536,03_REVIEW_HEX_PHONE_TIMELINE
server/[timeline]/hex_4_inventory/dist/img/icons/WEAPON_REVOLVER.png,_REVIEW_THIRD_PARTY/timeline/hex_4_inventory/dist/img/icons/WEAPON_REVOLVER.png,41745,03_REVIEW_HEX_PHONE_TIMELINE
server/[timeline]/hex_4_inventory/dist/img/icons/WEAPON_HAMMER.png,_REVIEW_THIRD_PARTY/timeline/hex_4_inventory/dist/img/icons/WEAPON_HAMMER.png,8789,03_REVIEW_HEX_PHONE_TIMELINE
server/[timeline]/hex_4_inventory/dist/img/icons/alive_chicken.png,_REVIEW_THIRD_PARTY/timeline/hex_4_inventory/dist/img/icons/alive_chicken.png,157597,03_REVIEW_HEX_PHONE_TIMELINE
server/[timeline]/hex_4_inventory/dist/img/icons/WEAPON_REVOLVER_MK2.png,_REVIEW_THIRD_PARTY/timeline/hex_4_inventory/dist/img/icons/WEAPON_REVOLVER_MK2.png,40240,03_REVIEW_HEX_PHONE_TIMELINE
server/[timeline]/hex_4_inventory/dist/img/icons/wool.png,_REVIEW_THIRD_PARTY/timeline/hex_4_inventory/dist/img/icons/wool.png,139682,03_REVIEW_HEX_PHONE_TIMELINE
server/[timeline]/hex_4_inventory/dist/img/icons/WEAPON_KNIFE.png,_REVIEW_THIRD_PARTY/timeline/hex_4_inventory/dist/img/icons/WEAPON_KNIFE.png,42296,03_REVIEW_HEX_PHONE_TIMELINE
server/[timeline]/hex_4_inventory/dist/img/icons/WEAPON_SNSPISTOL_MK2.png,_REVIEW_THIRD_PARTY/timeline/hex_4_inventory/dist/img/icons/WEAPON_SNSPISTOL_MK2.png,24295,03_REVIEW_HEX_PHONE_TIMELINE
server/[timeline]/hex_4_inventory/dist/img/icons/WEAPON_FLASHLIGHT.png,_REVIEW_THIRD_PARTY/timeline/hex_4_inventory/dist/img/icons/WEAPON_FLASHLIGHT.png,61496,03_REVIEW_HEX_PHONE_TIMELINE
server/[timeline]/hex_4_inventory/dist/img/icons/WEAPON_RAILGUN.png,_REVIEW_THIRD_PARTY/timeline/hex_4_inventory/dist/img/icons/WEAPON_RAILGUN.png,79702,03_REVIEW_HEX_PHONE_TIMELINE
server/[timeline]/hex_4_inventory/dist/img/icons/essence.png,_REVIEW_THIRD_PARTY/timeline/hex_4_inventory/dist/img/icons/essence.png,88143,03_REVIEW_HEX_PHONE_TIMELINE
server/[timeline]/hex_4_inventory/dist/img/icons/WEAPON_GUSENBERG.png,_REVIEW_THIRD_PARTY/timeline/hex_4_inventory/dist/img/icons/WEAPON_GUSENBERG.png,59274,03_REVIEW_HEX_PHONE_TIMELINE
server/[timeline]/hex_4_inventory/dist/img/icons/fish.png,_REVIEW_THIRD_PARTY/timeline/hex_4_inventory/dist/img/icons/fish.png,73020,03_REVIEW_HEX_PHONE_TIMELINE
server/[timeline]/hex_4_inventory/dist/img/icons/WEAPON_EMPLAUNCHER.png,_REVIEW_THIRD_PARTY/timeline/hex_4_inventory/dist/img/icons/WEAPON_EMPLAUNCHER.png,87285,03_REVIEW_HEX_PHONE_TIMELINE
server/[timeline]/hex_4_inventory/dist/img/icons/WEAPON_PISTOLXM3.png,_REVIEW_THIRD_PARTY/timeline/hex_4_inventory/dist/img/icons/WEAPON_PISTOLXM3.png,54378,03_REVIEW_HEX_PHONE_TIMELINE
server/[timeline]/hex_4_inventory/dist/img/icons/radio.png,_REVIEW_THIRD_PARTY/timeline/hex_4_inventory/dist/img/icons/radio.png,115367,03_REVIEW_HEX_PHONE_TIMELINE
server/[timeline]/hex_4_inventory/dist/img/icons/WEAPON_COMBATPISTOL.png,_REVIEW_THIRD_PARTY/timeline/hex_4_inventory/dist/img/icons/WEAPON_COMBATPISTOL.png,17362,03_REVIEW_HEX_PHONE_TIMELINE
server/[timeline]/hex_4_inventory/dist/img/icons/WEAPON_RAYCARBINE.png,_REVIEW_THIRD_PARTY/timeline/hex_4_inventory/dist/img/icons/WEAPON_RAYCARBINE.png,109098,03_REVIEW_HEX_PHONE_TIMELINE
server/[timeline]/hex_4_inventory/dist/img/icons/WEAPON_PROXMINE.png,_REVIEW_THIRD_PARTY/timeline/hex_4_inventory/dist/img/icons/WEAPON_PROXMINE.png,74411,03_REVIEW_HEX_PHONE_TIMELINE
server/[timeline]/hex_4_inventory/dist/img/icons/WEAPON_DOUBLEACTION.png,_REVIEW_THIRD_PARTY/timeline/hex_4_inventory/dist/img/icons/WEAPON_DOUBLEACTION.png,71442,03_REVIEW_HEX_PHONE_TIMELINE
server/[timeline]/hex_4_inventory/dist/img/icons/WEAPON_HOMINGLAUNCHER.png,_REVIEW_THIRD_PARTY/timeline/hex_4_inventory/dist/img/icons/WEAPON_HOMINGLAUNCHER.png,40525,03_REVIEW_HEX_PHONE_TIMELINE
server/[timeline]/hex_4_inventory/dist/img/icons/medikit.png,_REVIEW_THIRD_PARTY/timeline/hex_4_inventory/dist/img/icons/medikit.png,138926,03_REVIEW_HEX_PHONE_TIMELINE
server/[timeline]/hex_4_inventory/dist/img/icons/water.png,_REVIEW_THIRD_PARTY/timeline/hex_4_inventory/dist/img/icons/water.png,109536,03_REVIEW_HEX_PHONE_TIMELINE
server/[timeline]/hex_4_inventory/dist/img/icons/WEAPON_SMG_MK2.png,_REVIEW_THIRD_PARTY/timeline/hex_4_inventory/dist/img/icons/WEAPON_SMG_MK2.png,35265,03_REVIEW_HEX_PHONE_TIMELINE
server/[timeline]/hex_4_inventory/dist/img/icons/WEAPON_HATCHET.png,_REVIEW_THIRD_PARTY/timeline/hex_4_inventory/dist/img/icons/WEAPON_HATCHET.png,53875,03_REVIEW_HEX_PHONE_TIMELINE
server/[timeline]/hex_4_inventory/dist/img/icons/WEAPON_CERAMICPISTOL.png,_REVIEW_THIRD_PARTY/timeline/hex_4_inventory/dist/img/icons/WEAPON_CERAMICPISTOL.png,45243,03_REVIEW_HEX_PHONE_TIMELINE
server/[timeline]/hex_4_inventory/dist/img/icons/WEAPON_PIPEBOMB.png,_REVIEW_THIRD_PARTY/timeline/hex_4_inventory/dist/img/icons/WEAPON_PIPEBOMB.png,129503,03_REVIEW_HEX_PHONE_TIMELINE
server/[timeline]/hex_4_inventory/dist/img/icons/WEAPON_FLAREGUN.png,_REVIEW_THIRD_PARTY/timeline/hex_4_inventory/dist/img/icons/WEAPON_FLAREGUN.png,105032,03_REVIEW_HEX_PHONE_TIMELINE
server/[timeline]/hex_4_inventory/dist/img/icons/WEAPON_TACTICALRIFLE.png,_REVIEW_THIRD_PARTY/timeline/hex_4_inventory/dist/img/icons/WEAPON_TACTICALRIFLE.png,48614,03_REVIEW_HEX_PHONE_TIMELINE
server/[timeline]/hex_4_inventory/dist/img/icons/WEAPON_NIGHTSTICK.png,_REVIEW_THIRD_PARTY/timeline/hex_4_inventory/dist/img/icons/WEAPON_NIGHTSTICK.png,33815,03_REVIEW_HEX_PHONE_TIMELINE
server/[timeline]/hex_4_inventory/dist/img/icons/WEAPON_FIREWORK.png,_REVIEW_THIRD_PARTY/timeline/hex_4_inventory/dist/img/icons/WEAPON_FIREWORK.png,52300,03_REVIEW_HEX_PHONE_TIMELINE
server/[timeline]/hex_4_inventory/dist/img/icons/WEAPON_HEAVYSNIPER_MK2.png,_REVIEW_THIRD_PARTY/timeline/hex_4_inventory/dist/img/icons/WEAPON_HEAVYSNIPER_MK2.png,42602,03_REVIEW_HEX_PHONE_TIMELINE
server/[timeline]/hex_4_inventory/dist/img/icons/WEAPON_PETROLCAN.png,_REVIEW_THIRD_PARTY/timeline/hex_4_inventory/dist/img/icons/WEAPON_PETROLCAN.png,9954,03_REVIEW_HEX_PHONE_TIMELINE
server/[timeline]/hex_4_inventory/dist/img/icons/WEAPON_HEAVYPISTOL.png,_REVIEW_THIRD_PARTY/timeline/hex_4_inventory/dist/img/icons/WEAPON_HEAVYPISTOL.png,15801,03_REVIEW_HEX_PHONE_TIMELINE
server/[timeline]/hex_4_inventory/dist/img/icons/cannabis.png,_REVIEW_THIRD_PARTY/timeline/hex_4_inventory/dist/img/icons/cannabis.png,215379,03_REVIEW_HEX_PHONE_TIMELINE
server/[timeline]/hex_4_inventory/dist/img/icons/WEAPON_GRENADELAUNCHER.png,_REVIEW_THIRD_PARTY/timeline/hex_4_inventory/dist/img/icons/WEAPON_GRENADELAUNCHER.png,64802,03_REVIEW_HEX_PHONE_TIMELINE
server/[timeline]/hex_4_inventory/dist/img/icons/washed_stone.png,_REVIEW_THIRD_PARTY/timeline/hex_4_inventory/dist/img/icons/washed_stone.png,197666,03_REVIEW_HEX_PHONE_TIMELINE
server/[timeline]/hex_4_inventory/dist/img/icons/WEAPON_HEAVYRIFLE.png,_REVIEW_THIRD_PARTY/timeline/hex_4_inventory/dist/img/icons/WEAPON_HEAVYRIFLE.png,55151,03_REVIEW_HEX_PHONE_TIMELINE
server/[timeline]/hex_4_inventory/dist/img/icons/WEAPON_MARKSMANPISTOL.png,_REVIEW_THIRD_PARTY/timeline/hex_4_inventory/dist/img/icons/WEAPON_MARKSMANPISTOL.png,68041,03_REVIEW_HEX_PHONE_TIMELINE
server/[timeline]/hex_4_inventory/dist/img/icons/WEAPON_DAGGER.png,_REVIEW_THIRD_PARTY/timeline/hex_4_inventory/dist/img/icons/WEAPON_DAGGER.png,64081,03_REVIEW_HEX_PHONE_TIMELINE
server/[timeline]/hex_4_inventory/dist/img/icons/WEAPON_COMBATMG.png,_REVIEW_THIRD_PARTY/timeline/hex_4_inventory/dist/img/icons/WEAPON_COMBATMG.png,49654,03_REVIEW_HEX_PHONE_TIMELINE
server/[timeline]/hex_4_inventory/dist/img/icons/WEAPON_SAWNOFFSHOTGUN.png,_REVIEW_THIRD_PARTY/timeline/hex_4_inventory/dist/img/icons/WEAPON_SAWNOFFSHOTGUN.png,56418,03_REVIEW_HEX_PHONE_TIMELINE
server/[timeline]/hex_4_inventory/dist/img/icons/WEAPON_FLARE.png,_REVIEW_THIRD_PARTY/timeline/hex_4_inventory/dist/img/icons/WEAPON_FLARE.png,14615,03_REVIEW_HEX_PHONE_TIMELINE
server/[timeline]/hex_4_inventory/dist/img/icons/WEAPON_CANDYCANE.png,_REVIEW_THIRD_PARTY/timeline/hex_4_inventory/dist/img/icons/WEAPON_CANDYCANE.png,15969,03_REVIEW_HEX_PHONE_TIMELINE
server/[timeline]/hex_4_inventory/dist/img/icons/gold.png,_REVIEW_THIRD_PARTY/timeline/hex_4_inventory/dist/img/icons/gold.png,103175,03_REVIEW_HEX_PHONE_TIMELINE
server/[timeline]/hex_4_inventory/dist/img/icons/WEAPON_SMOKEGRENADE.png,_REVIEW_THIRD_PARTY/timeline/hex_4_inventory/dist/img/icons/WEAPON_SMOKEGRENADE.png,48897,03_REVIEW_HEX_PHONE_TIMELINE
server/[timeline]/hex_4_inventory/dist/img/icons/WEAPON_MICROSMG.png,_REVIEW_THIRD_PARTY/timeline/hex_4_inventory/dist/img/icons/WEAPON_MICROSMG.png,20690,03_REVIEW_HEX_PHONE_TIMELINE
server/[timeline]/hex_4_inventory/dist/img/icons/WEAPON_ASSAULTSMG.png,_REVIEW_THIRD_PARTY/timeline/hex_4_inventory/dist/img/icons/WEAPON_ASSAULTSMG.png,29870,03_REVIEW_HEX_PHONE_TIMELINE
server/[timeline]/hex_4_inventory/dist/img/icons/WEAPON_STONE_HATCHET.png,_REVIEW_THIRD_PARTY/timeline/hex_4_inventory/dist/img/icons/WEAPON_STONE_HATCHET.png,70579,03_REVIEW_HEX_PHONE_TIMELINE
server/[timeline]/hex_4_inventory/dist/img/icons/WEAPON_BATTLEAXE.png,_REVIEW_THIRD_PARTY/timeline/hex_4_inventory/dist/img/icons/WEAPON_BATTLEAXE.png,57751,03_REVIEW_HEX_PHONE_TIMELINE
server/[timeline]/hex_4_inventory/dist/img/icons/WEAPON_CROWBAR.png,_REVIEW_THIRD_PARTY/timeline/hex_4_inventory/dist/img/icons/WEAPON_CROWBAR.png,28748,03_REVIEW_HEX_PHONE_TIMELINE
server/[timeline]/hex_4_inventory/dist/img/icons/WEAPON_TECPISTOL.png,_REVIEW_THIRD_PARTY/timeline/hex_4_inventory/dist/img/icons/WEAPON_TECPISTOL.png,43571,03_REVIEW_HEX_PHONE_TIMELINE
server/[timeline]/hex_4_inventory/dist/img/icons/petrol_raffin.png,_REVIEW_THIRD_PARTY/timeline/hex_4_inventory/dist/img/icons/petrol_raffin.png,151130,03_REVIEW_HEX_PHONE_TIMELINE
server/[timeline]/hex_4_inventory/dist/img/icons/WEAPON_MOLOTOV.png,_REVIEW_THIRD_PARTY/timeline/hex_4_inventory/dist/img/icons/WEAPON_MOLOTOV.png,67110,03_REVIEW_HEX_PHONE_TIMELINE
server/[timeline]/hex_4_inventory/dist/img/icons/WEAPON_BULLPUPRIFLE.png,_REVIEW_THIRD_PARTY/timeline/hex_4_inventory/dist/img/icons/WEAPON_BULLPUPRIFLE.png,29174,03_REVIEW_HEX_PHONE_TIMELINE
server/[timeline]/hex_4_inventory/dist/img/icons/WEAPON_COMPACTRIFLE.png,_REVIEW_THIRD_PARTY/timeline/hex_4_inventory/dist/img/icons/WEAPON_COMPACTRIFLE.png,41388,03_REVIEW_HEX_PHONE_TIMELINE
server/[timeline]/hex_4_inventory/dist/img/icons/WEAPON_RAYPISTOL.png,_REVIEW_THIRD_PARTY/timeline/hex_4_inventory/dist/img/icons/WEAPON_RAYPISTOL.png,54926,03_REVIEW_HEX_PHONE_TIMELINE
server/[timeline]/hex_4_inventory/dist/img/icons/money.png,_REVIEW_THIRD_PARTY/timeline/hex_4_inventory/dist/img/icons/money.png,236972,03_REVIEW_HEX_PHONE_TIMELINE
server/[timeline]/hex_4_inventory/dist/img/icons/stone.png,_REVIEW_THIRD_PARTY/timeline/hex_4_inventory/dist/img/icons/stone.png,191632,03_REVIEW_HEX_PHONE_TIMELINE
server/[timeline]/hex_4_inventory/dist/img/icons/WEAPON_STUNGUN.png,_REVIEW_THIRD_PARTY/timeline/hex_4_inventory/dist/img/icons/WEAPON_STUNGUN.png,64703,03_REVIEW_HEX_PHONE_TIMELINE
server/[timeline]/hex_4_inventory/dist/img/icons/clothe.png,_REVIEW_THIRD_PARTY/timeline/hex_4_inventory/dist/img/icons/clothe.png,157649,03_REVIEW_HEX_PHONE_TIMELINE
server/[timeline]/hex_4_inventory/dist/img/icons/WEAPON_SMG.png,_REVIEW_THIRD_PARTY/timeline/hex_4_inventory/dist/img/icons/WEAPON_SMG.png,45116,03_REVIEW_HEX_PHONE_TIMELINE
server/[timeline]/hex_4_inventory/dist/img/icons/WEAPON_ASSAULTRIFLE_MK2.png,_REVIEW_THIRD_PARTY/timeline/hex_4_inventory/dist/img/icons/WEAPON_ASSAULTRIFLE_MK2.png,40919,03_REVIEW_HEX_PHONE_TIMELINE
server/[timeline]/hex_4_inventory/dist/img/icons/bread.png,_REVIEW_THIRD_PARTY/timeline/hex_4_inventory/dist/img/icons/bread.png,171941,03_REVIEW_HEX_PHONE_TIMELINE
server/[timeline]/hex_4_inventory/dist/img/icons/blowpipe.png,_REVIEW_THIRD_PARTY/timeline/hex_4_inventory/dist/img/icons/blowpipe.png,92551,03_REVIEW_HEX_PHONE_TIMELINE
server/[timeline]/hex_4_inventory/dist/img/icons/WEAPON_RPG.png,_REVIEW_THIRD_PARTY/timeline/hex_4_inventory/dist/img/icons/WEAPON_RPG.png,28924,03_REVIEW_HEX_PHONE_TIMELINE
server/[timeline]/hex_4_inventory/dist/img/icons/WEAPON_RAYMINIGUN.png,_REVIEW_THIRD_PARTY/timeline/hex_4_inventory/dist/img/icons/WEAPON_RAYMINIGUN.png,81363,03_REVIEW_HEX_PHONE_TIMELINE
server/[timeline]/hex_4_inventory/dist/img/icons/marijuana.png,_REVIEW_THIRD_PARTY/timeline/hex_4_inventory/dist/img/icons/marijuana.png,151337,03_REVIEW_HEX_PHONE_TIMELINE
server/[timeline]/hex_4_inventory/dist/img/icons/WEAPON_COMBATSHOTGUN.png,_REVIEW_THIRD_PARTY/timeline/hex_4_inventory/dist/img/icons/WEAPON_COMBATSHOTGUN.png,38174,03_REVIEW_HEX_PHONE_TIMELINE
server/[timeline]/hex_4_inventory/dist/img/icons/WEAPON_GADGETPISTOL.png,_REVIEW_THIRD_PARTY/timeline/hex_4_inventory/dist/img/icons/WEAPON_GADGETPISTOL.png,94224,03_REVIEW_HEX_PHONE_TIMELINE
server/[timeline]/hex_4_inventory/dist/img/icons/WEAPON_COMPACTLAUNCHER.png,_REVIEW_THIRD_PARTY/timeline/hex_4_inventory/dist/img/icons/WEAPON_COMPACTLAUNCHER.png,76391,03_REVIEW_HEX_PHONE_TIMELINE
server/[timeline]/hex_4_inventory/dist/img/icons/black_money.png,_REVIEW_THIRD_PARTY/timeline/hex_4_inventory/dist/img/icons/black_money.png,296367,03_REVIEW_HEX_PHONE_TIMELINE
server/[timeline]/hex_4_inventory/dist/img/icons/WEAPON_POOLCUE.png,_REVIEW_THIRD_PARTY/timeline/hex_4_inventory/dist/img/icons/WEAPON_POOLCUE.png,28984,03_REVIEW_HEX_PHONE_TIMELINE
server/[timeline]/hex_4_inventory/dist/img/icons/WEAPON_PRECISIONRIFLE.png,_REVIEW_THIRD_PARTY/timeline/hex_4_inventory/dist/img/icons/WEAPON_PRECISIONRIFLE.png,43735,03_REVIEW_HEX_PHONE_TIMELINE
server/[timeline]/hex_4_inventory/dist/img/icons/WEAPON_SNSPISTOL.png,_REVIEW_THIRD_PARTY/timeline/hex_4_inventory/dist/img/icons/WEAPON_SNSPISTOL.png,17341,03_REVIEW_HEX_PHONE_TIMELINE
server/[timeline]/hex_4_inventory/dist/img/icons/WEAPON_GRENADE.png,_REVIEW_THIRD_PARTY/timeline/hex_4_inventory/dist/img/icons/WEAPON_GRENADE.png,24515,03_REVIEW_HEX_PHONE_TIMELINE
server/[timeline]/hex_4_inventory/dist/img/icons/WEAPON_BALL.png,_REVIEW_THIRD_PARTY/timeline/hex_4_inventory/dist/img/icons/WEAPON_BALL.png,50817,03_REVIEW_HEX_PHONE_TIMELINE
server/[timeline]/hex_4_inventory/dist/img/icons/WEAPON_SWITCHBLADE.png,_REVIEW_THIRD_PARTY/timeline/hex_4_inventory/dist/img/icons/WEAPON_SWITCHBLADE.png,32095,03_REVIEW_HEX_PHONE_TIMELINE
server/[timeline]/hex_4_inventory/dist/img/icons/WEAPON_PISTOL50.png,_REVIEW_THIRD_PARTY/timeline/hex_4_inventory/dist/img/icons/WEAPON_PISTOL50.png,16515,03_REVIEW_HEX_PHONE_TIMELINE
server/[timeline]/hex_4_inventory/dist/img/icons/WEAPON_MILITARYRIFLE.png,_REVIEW_THIRD_PARTY/timeline/hex_4_inventory/dist/img/icons/WEAPON_MILITARYRIFLE.png,55030,03_REVIEW_HEX_PHONE_TIMELINE
server/[timeline]/hex_4_inventory/dist/img/icons/WEAPON_MG.png,_REVIEW_THIRD_PARTY/timeline/hex_4_inventory/dist/img/icons/WEAPON_MG.png,38836,03_REVIEW_HEX_PHONE_TIMELINE
server/[timeline]/hex_4_inventory/dist/img/icons/bandage.png,_REVIEW_THIRD_PARTY/timeline/hex_4_inventory/dist/img/icons/bandage.png,126298,03_REVIEW_HEX_PHONE_TIMELINE
server/[timeline]/hex_4_inventory/dist/img/icons/iron.png,_REVIEW_THIRD_PARTY/timeline/hex_4_inventory/dist/img/icons/iron.png,96287,03_REVIEW_HEX_PHONE_TIMELINE
server/[timeline]/hex_4_inventory/dist/img/icons/WEAPON_MARKSMANRIFLE.png,_REVIEW_THIRD_PARTY/timeline/hex_4_inventory/dist/img/icons/WEAPON_MARKSMANRIFLE.png,32645,03_REVIEW_HEX_PHONE_TIMELINE
server/[timeline]/hex_4_inventory/dist/img/icons/WEAPON_MARKSMANRIFLE_MK2.png,_REVIEW_THIRD_PARTY/timeline/hex_4_inventory/dist/img/icons/WEAPON_MARKSMANRIFLE_MK2.png,41633,03_REVIEW_HEX_PHONE_TIMELINE
server/[timeline]/hex_4_inventory/dist/img/icons/WEAPON_BAT.png,_REVIEW_THIRD_PARTY/timeline/hex_4_inventory/dist/img/icons/WEAPON_BAT.png,26222,03_REVIEW_HEX_PHONE_TIMELINE
server/[timeline]/hex_4_inventory/dist/img/icons/WEAPON_ASSAULTSHOTGUN.png,_REVIEW_THIRD_PARTY/timeline/hex_4_inventory/dist/img/icons/WEAPON_ASSAULTSHOTGUN.png,61225,03_REVIEW_HEX_PHONE_TIMELINE
server/[timeline]/hex_4_inventory/dist/img/icons/WEAPON_SNIPERRIFLE.png,_REVIEW_THIRD_PARTY/timeline/hex_4_inventory/dist/img/icons/WEAPON_SNIPERRIFLE.png,30156,03_REVIEW_HEX_PHONE_TIMELINE
server/[timeline]/hex_4_inventory/dist/img/icons/WEAPON_NAVYREVOLVER.png,_REVIEW_THIRD_PARTY/timeline/hex_4_inventory/dist/img/icons/WEAPON_NAVYREVOLVER.png,50890,03_REVIEW_HEX_PHONE_TIMELINE
server/[timeline]/hex_4_inventory/dist/img/icons/WEAPON_BULLPUPSHOTGUN.png,_REVIEW_THIRD_PARTY/timeline/hex_4_inventory/dist/img/icons/WEAPON_BULLPUPSHOTGUN.png,52483,03_REVIEW_HEX_PHONE_TIMELINE
server/[timeline]/hex_4_inventory/dist/img/icons/WEAPON_SPECIALCARBINE.png,_REVIEW_THIRD_PARTY/timeline/hex_4_inventory/dist/img/icons/WEAPON_SPECIALCARBINE.png,58486,03_REVIEW_HEX_PHONE_TIMELINE
server/[timeline]/hex_4_inventory/dist/img/icons/WEAPON_MACHETE.png,_REVIEW_THIRD_PARTY/timeline/hex_4_inventory/dist/img/icons/WEAPON_MACHETE.png,54929,03_REVIEW_HEX_PHONE_TIMELINE
server/[timeline]/hex_4_inventory/dist/img/icons/WEAPON_MINISMG.png,_REVIEW_THIRD_PARTY/timeline/hex_4_inventory/dist/img/icons/WEAPON_MINISMG.png,41662,03_REVIEW_HEX_PHONE_TIMELINE
server/[timeline]/hex_4_inventory/dist/img/icons/WEAPON_CARBINERIFLE.png,_REVIEW_THIRD_PARTY/timeline/hex_4_inventory/dist/img/icons/WEAPON_CARBINERIFLE.png,65750,03_REVIEW_HEX_PHONE_TIMELINE
server/[timeline]/hex_4_inventory/dist/img/icons/WEAPON_PUMPSHOTGUN.png,_REVIEW_THIRD_PARTY/timeline/hex_4_inventory/dist/img/icons/WEAPON_PUMPSHOTGUN.png,35783,03_REVIEW_HEX_PHONE_TIMELINE
server/[timeline]/hex_4_inventory/dist/img/icons/WEAPON_COMBATMG_MK2.png,_REVIEW_THIRD_PARTY/timeline/hex_4_inventory/dist/img/icons/WEAPON_COMBATMG_MK2.png,60345,03_REVIEW_HEX_PHONE_TIMELINE
server/[timeline]/hex_4_inventory/dist/img/icons/WEAPON_ASSAULTRIFLE.png,_REVIEW_THIRD_PARTY/timeline/hex_4_inventory/dist/img/icons/WEAPON_ASSAULTRIFLE.png,39214,03_REVIEW_HEX_PHONE_TIMELINE
server/[timeline]/hex_4_inventory/dist/img/icons/WEAPON_STICKYBOMB.png,_REVIEW_THIRD_PARTY/timeline/hex_4_inventory/dist/img/icons/WEAPON_STICKYBOMB.png,98535,03_REVIEW_HEX_PHONE_TIMELINE
server/[timeline]/hex_4_inventory/dist/img/icons/WEAPON_SNOWBALL.png,_REVIEW_THIRD_PARTY/timeline/hex_4_inventory/dist/img/icons/WEAPON_SNOWBALL.png,52745,03_REVIEW_HEX_PHONE_TIMELINE
server/[timeline]/hex_4_inventory/dist/img/icons/WEAPON_AUTOSHOTGUN.png,_REVIEW_THIRD_PARTY/timeline/hex_4_inventory/dist/img/icons/WEAPON_AUTOSHOTGUN.png,91319,03_REVIEW_HEX_PHONE_TIMELINE
server/[timeline]/hex_4_inventory/dist/img/icons/WEAPON_HEAVYSNIPER.png,_REVIEW_THIRD_PARTY/timeline/hex_4_inventory/dist/img/icons/WEAPON_HEAVYSNIPER.png,43147,03_REVIEW_HEX_PHONE_TIMELINE
server/[timeline]/hex_4_inventory/dist/img/icons/WEAPON_KNUCKLE.png,_REVIEW_THIRD_PARTY/timeline/hex_4_inventory/dist/img/icons/WEAPON_KNUCKLE.png,51902,03_REVIEW_HEX_PHONE_TIMELINE
server/[timeline]/hex_4_inventory/dist/img/icons/WEAPON_MINIGUN.png,_REVIEW_THIRD_PARTY/timeline/hex_4_inventory/dist/img/icons/WEAPON_MINIGUN.png,64715,03_REVIEW_HEX_PHONE_TIMELINE
server/[timeline]/hex_4_inventory/dist/img/icons/phone.png,_REVIEW_THIRD_PARTY/timeline/hex_4_inventory/dist/img/icons/phone.png,116612,03_REVIEW_HEX_PHONE_TIMELINE
server/[timeline]/hex_4_inventory/dist/img/icons/gazbottle.png,_REVIEW_THIRD_PARTY/timeline/hex_4_inventory/dist/img/icons/gazbottle.png,88143,03_REVIEW_HEX_PHONE_TIMELINE
server/[timeline]/hex_jobscreator/dist/sounds/penSound.mp3,_REVIEW_THIRD_PARTY/timeline/hex_jobscreator/dist/sounds/penSound.mp3,377324,03_REVIEW_HEX_PHONE_TIMELINE
server/[timeline]/hex_jobscreator/dist/sounds/cuffSound.mp3,_REVIEW_THIRD_PARTY/timeline/hex_jobscreator/dist/sounds/cuffSound.mp3,16232,03_REVIEW_HEX_PHONE_TIMELINE
server/[timeline]/hex_jobscreator/dist/sounds/paperSound.mp3,_REVIEW_THIRD_PARTY/timeline/hex_jobscreator/dist/sounds/paperSound.mp3,445894,03_REVIEW_HEX_PHONE_TIMELINE
server/[timeline]/hex_jobscreator/dist/sounds/penClick.mp3,_REVIEW_THIRD_PARTY/timeline/hex_jobscreator/dist/sounds/penClick.mp3,336044,03_REVIEW_HEX_PHONE_TIMELINE
server/[timeline]/hex_jobscreator/dist/assets/memberchar-CtrZzbs-.png,_REVIEW_THIRD_PARTY/timeline/hex_jobscreator/dist/assets/memberchar-CtrZzbs-.png,200133,03_REVIEW_HEX_PHONE_TIMELINE
server/[timeline]/hex_jobscreator/dist/assets/logs-Dp_CyFZV.png,_REVIEW_THIRD_PARTY/timeline/hex_jobscreator/dist/assets/logs-Dp_CyFZV.png,153376,03_REVIEW_HEX_PHONE_TIMELINE
server/[timeline]/hex_jobscreator/dist/assets/einstellungen-CdojgO5K.png,_REVIEW_THIRD_PARTY/timeline/hex_jobscreator/dist/assets/einstellungen-CdojgO5K.png,126206,03_REVIEW_HEX_PHONE_TIMELINE
server/[timeline]/hex_jobscreator/dist/assets/user_icon-CGBHQeHB.png,_REVIEW_THIRD_PARTY/timeline/hex_jobscreator/dist/assets/user_icon-CGBHQeHB.png,12405,03_REVIEW_HEX_PHONE_TIMELINE
server/[timeline]/hex_jobscreator/dist/assets/kasse-D_GVjTo3.png,_REVIEW_THIRD_PARTY/timeline/hex_jobscreator/dist/assets/kasse-D_GVjTo3.png,175097,03_REVIEW_HEX_PHONE_TIMELINE
server/[timeline]/hex_jobscreator/dist/assets/bg-Cdhgw197.png,_REVIEW_THIRD_PARTY/timeline/hex_jobscreator/dist/assets/bg-Cdhgw197.png,3787703,03_REVIEW_HEX_PHONE_TIMELINE
server/[timeline]/hex_jobscreator/dist/songs/Yusuf-Arab_Money.mp3,_REVIEW_THIRD_PARTY/timeline/hex_jobscreator/dist/songs/Yusuf-Arab_Money.mp3,7207843,03_REVIEW_HEX_PHONE_TIMELINE
server/[timeline]/hex_jobscreator/dist/img/qrcode.png,_REVIEW_THIRD_PARTY/timeline/hex_jobscreator/dist/img/qrcode.png,817,03_REVIEW_HEX_PHONE_TIMELINE
server/[timeline]/hex_jobscreator/dist/img/palm.svg,_REVIEW_THIRD_PARTY/timeline/hex_jobscreator/dist/img/palm.svg,3951,03_REVIEW_HEX_PHONE_TIMELINE
server/[timeline]/hex_jobscreator/dist/img/blips/sprites/blip_sprite_909.png,_REVIEW_THIRD_PARTY/timeline/hex_jobscreator/dist/img/blips/sprites/blip_sprite_909.png,868,03_REVIEW_HEX_PHONE_TIMELINE
server/[timeline]/hex_jobscreator/dist/img/blips/sprites/blip_sprite_108.png,_REVIEW_THIRD_PARTY/timeline/hex_jobscreator/dist/img/blips/sprites/blip_sprite_108.png,1078,03_REVIEW_HEX_PHONE_TIMELINE
server/[timeline]/hex_jobscreator/dist/img/blips/sprites/blip_sprite_120.png,_REVIEW_THIRD_PARTY/timeline/hex_jobscreator/dist/img/blips/sprites/blip_sprite_120.png,1238,03_REVIEW_HEX_PHONE_TIMELINE
server/[timeline]/hex_jobscreator/dist/img/blips/sprites/blip_sprite_36.png,_REVIEW_THIRD_PARTY/timeline/hex_jobscreator/dist/img/blips/sprites/blip_sprite_36.png,1114,03_REVIEW_HEX_PHONE_TIMELINE
server/[timeline]/hex_jobscreator/dist/img/blips/sprites/blip_sprite_658.png,_REVIEW_THIRD_PARTY/timeline/hex_jobscreator/dist/img/blips/sprites/blip_sprite_658.png,1284,03_REVIEW_HEX_PHONE_TIMELINE
server/[timeline]/hex_jobscreator/dist/img/blips/sprites/blip_sprite_364.png,_REVIEW_THIRD_PARTY/timeline/hex_jobscreator/dist/img/blips/sprites/blip_sprite_364.png,796,03_REVIEW_HEX_PHONE_TIMELINE
server/[timeline]/hex_jobscreator/dist/img/blips/sprites/blip_sprite_513.png,_REVIEW_THIRD_PARTY/timeline/hex_jobscreator/dist/img/blips/sprites/blip_sprite_513.png,1178,03_REVIEW_HEX_PHONE_TIMELINE
server/[timeline]/hex_jobscreator/dist/img/blips/sprites/blip_sprite_847.png,_REVIEW_THIRD_PARTY/timeline/hex_jobscreator/dist/img/blips/sprites/blip_sprite_847.png,1254,03_REVIEW_HEX_PHONE_TIMELINE
server/[timeline]/hex_jobscreator/dist/img/blips/sprites/blip_sprite_486.png,_REVIEW_THIRD_PARTY/timeline/hex_jobscreator/dist/img/blips/sprites/blip_sprite_486.png,892,03_REVIEW_HEX_PHONE_TIMELINE
server/[timeline]/hex_jobscreator/dist/img/blips/sprites/blip_sprite_891.png,_REVIEW_THIRD_PARTY/timeline/hex_jobscreator/dist/img/blips/sprites/blip_sprite_891.png,618,03_REVIEW_HEX_PHONE_TIMELINE
server/[timeline]/hex_jobscreator/dist/img/blips/sprites/blip_sprite_160.png,_REVIEW_THIRD_PARTY/timeline/hex_jobscreator/dist/img/blips/sprites/blip_sprite_160.png,762,03_REVIEW_HEX_PHONE_TIMELINE
server/[timeline]/hex_jobscreator/dist/img/blips/sprites/blip_sprite_610.png,_REVIEW_THIRD_PARTY/timeline/hex_jobscreator/dist/img/blips/sprites/blip_sprite_610.png,954,03_REVIEW_HEX_PHONE_TIMELINE
server/[timeline]/hex_jobscreator/dist/img/blips/sprites/blip_sprite_725.png,_REVIEW_THIRD_PARTY/timeline/hex_jobscreator/dist/img/blips/sprites/blip_sprite_725.png,770,03_REVIEW_HEX_PHONE_TIMELINE
server/[timeline]/hex_jobscreator/dist/img/blips/sprites/blip_sprite_207.png,_REVIEW_THIRD_PARTY/timeline/hex_jobscreator/dist/img/blips/sprites/blip_sprite_207.png,1074,03_REVIEW_HEX_PHONE_TIMELINE
server/[timeline]/hex_jobscreator/dist/img/blips/sprites/blip_sprite_728.png,_REVIEW_THIRD_PARTY/timeline/hex_jobscreator/dist/img/blips/sprites/blip_sprite_728.png,1646,03_REVIEW_HEX_PHONE_TIMELINE
server/[timeline]/hex_jobscreator/dist/img/blips/sprites/blip_sprite_532.png,_REVIEW_THIRD_PARTY/timeline/hex_jobscreator/dist/img/blips/sprites/blip_sprite_532.png,1130,03_REVIEW_HEX_PHONE_TIMELINE
server/[timeline]/hex_jobscreator/dist/img/blips/sprites/blip_sprite_445.png,_REVIEW_THIRD_PARTY/timeline/hex_jobscreator/dist/img/blips/sprites/blip_sprite_445.png,940,03_REVIEW_HEX_PHONE_TIMELINE
server/[timeline]/hex_jobscreator/dist/img/blips/sprites/blip_sprite_540.png,_REVIEW_THIRD_PARTY/timeline/hex_jobscreator/dist/img/blips/sprites/blip_sprite_540.png,774,03_REVIEW_HEX_PHONE_TIMELINE
server/[timeline]/hex_jobscreator/dist/img/blips/sprites/blip_sprite_171.png,_REVIEW_THIRD_PARTY/timeline/hex_jobscreator/dist/img/blips/sprites/blip_sprite_171.png,706,03_REVIEW_HEX_PHONE_TIMELINE
server/[timeline]/hex_jobscreator/dist/img/blips/sprites/blip_sprite_400.png,_REVIEW_THIRD_PARTY/timeline/hex_jobscreator/dist/img/blips/sprites/blip_sprite_400.png,1138,03_REVIEW_HEX_PHONE_TIMELINE
server/[timeline]/hex_jobscreator/dist/img/blips/sprites/blip_sprite_421.png,_REVIEW_THIRD_PARTY/timeline/hex_jobscreator/dist/img/blips/sprites/blip_sprite_421.png,792,03_REVIEW_HEX_PHONE_TIMELINE
server/[timeline]/hex_jobscreator/dist/img/blips/sprites/blip_sprite_659.png,_REVIEW_THIRD_PARTY/timeline/hex_jobscreator/dist/img/blips/sprites/blip_sprite_659.png,958,03_REVIEW_HEX_PHONE_TIMELINE
server/[timeline]/hex_jobscreator/dist/img/blips/sprites/blip_sprite_889.png,_REVIEW_THIRD_PARTY/timeline/hex_jobscreator/dist/img/blips/sprites/blip_sprite_889.png,1304,03_REVIEW_HEX_PHONE_TIMELINE
server/[timeline]/hex_jobscreator/dist/img/blips/sprites/blip_sprite_648.png,_REVIEW_THIRD_PARTY/timeline/hex_jobscreator/dist/img/blips/sprites/blip_sprite_648.png,620,03_REVIEW_HEX_PHONE_TIMELINE
server/[timeline]/hex_jobscreator/dist/img/blips/sprites/blip_sprite_769.png,_REVIEW_THIRD_PARTY/timeline/hex_jobscreator/dist/img/blips/sprites/blip_sprite_769.png,988,03_REVIEW_HEX_PHONE_TIMELINE
server/[timeline]/hex_jobscreator/dist/img/blips/sprites/blip_sprite_751.png,_REVIEW_THIRD_PARTY/timeline/hex_jobscreator/dist/img/blips/sprites/blip_sprite_751.png,1440,03_REVIEW_HEX_PHONE_TIMELINE
server/[timeline]/hex_jobscreator/dist/img/blips/sprites/blip_sprite_746.png,_REVIEW_THIRD_PARTY/timeline/hex_jobscreator/dist/img/blips/sprites/blip_sprite_746.png,1234,03_REVIEW_HEX_PHONE_TIMELINE
server/[timeline]/hex_jobscreator/dist/img/blips/sprites/blip_sprite_687.png,_REVIEW_THIRD_PARTY/timeline/hex_jobscreator/dist/img/blips/sprites/blip_sprite_687.png,434,03_REVIEW_HEX_PHONE_TIMELINE
server/[timeline]/hex_jobscreator/dist/img/blips/sprites/blip_sprite_832.png,_REVIEW_THIRD_PARTY/timeline/hex_jobscreator/dist/img/blips/sprites/blip_sprite_832.png,1206,03_REVIEW_HEX_PHONE_TIMELINE
server/[timeline]/hex_jobscreator/dist/img/blips/sprites/blip_sprite_468.png,_REVIEW_THIRD_PARTY/timeline/hex_jobscreator/dist/img/blips/sprites/blip_sprite_468.png,774,03_REVIEW_HEX_PHONE_TIMELINE
server/[timeline]/hex_jobscreator/dist/img/blips/sprites/blip_sprite_89.png,_REVIEW_THIRD_PARTY/timeline/hex_jobscreator/dist/img/blips/sprites/blip_sprite_89.png,1170,03_REVIEW_HEX_PHONE_TIMELINE
server/[timeline]/hex_jobscreator/dist/img/blips/sprites/blip_sprite_676.png,_REVIEW_THIRD_PARTY/timeline/hex_jobscreator/dist/img/blips/sprites/blip_sprite_676.png,1030,03_REVIEW_HEX_PHONE_TIMELINE
server/[timeline]/hex_jobscreator/dist/img/blips/sprites/blip_sprite_827.png,_REVIEW_THIRD_PARTY/timeline/hex_jobscreator/dist/img/blips/sprites/blip_sprite_827.png,938,03_REVIEW_HEX_PHONE_TIMELINE
server/[timeline]/hex_jobscreator/dist/img/blips/sprites/blip_sprite_636.png,_REVIEW_THIRD_PARTY/timeline/hex_jobscreator/dist/img/blips/sprites/blip_sprite_636.png,942,03_REVIEW_HEX_PHONE_TIMELINE
server/[timeline]/hex_jobscreator/dist/img/blips/sprites/blip_sprite_157.png,_REVIEW_THIRD_PARTY/timeline/hex_jobscreator/dist/img/blips/sprites/blip_sprite_157.png,644,03_REVIEW_HEX_PHONE_TIMELINE
server/[timeline]/hex_jobscreator/dist/img/blips/sprites/blip_sprite_474.png,_REVIEW_THIRD_PARTY/timeline/hex_jobscreator/dist/img/blips/sprites/blip_sprite_474.png,742,03_REVIEW_HEX_PHONE_TIMELINE
server/[timeline]/hex_jobscreator/dist/img/blips/sprites/blip_sprite_79.png,_REVIEW_THIRD_PARTY/timeline/hex_jobscreator/dist/img/blips/sprites/blip_sprite_79.png,392,03_REVIEW_HEX_PHONE_TIMELINE
server/[timeline]/hex_jobscreator/dist/img/blips/sprites/blip_sprite_489.png,_REVIEW_THIRD_PARTY/timeline/hex_jobscreator/dist/img/blips/sprites/blip_sprite_489.png,634,03_REVIEW_HEX_PHONE_TIMELINE
server/[timeline]/hex_jobscreator/dist/img/blips/sprites/blip_sprite_372.png,_REVIEW_THIRD_PARTY/timeline/hex_jobscreator/dist/img/blips/sprites/blip_sprite_372.png,1122,03_REVIEW_HEX_PHONE_TIMELINE
server/[timeline]/hex_jobscreator/dist/img/blips/sprites/blip_sprite_705.png,_REVIEW_THIRD_PARTY/timeline/hex_jobscreator/dist/img/blips/sprites/blip_sprite_705.png,620,03_REVIEW_HEX_PHONE_TIMELINE
server/[timeline]/hex_jobscreator/dist/img/blips/sprites/blip_sprite_692.png,_REVIEW_THIRD_PARTY/timeline/hex_jobscreator/dist/img/blips/sprites/blip_sprite_692.png,544,03_REVIEW_HEX_PHONE_TIMELINE
server/[timeline]/hex_jobscreator/dist/img/blips/sprites/blip_sprite_477.png,_REVIEW_THIRD_PARTY/timeline/hex_jobscreator/dist/img/blips/sprites/blip_sprite_477.png,992,03_REVIEW_HEX_PHONE_TIMELINE
server/[timeline]/hex_jobscreator/dist/img/blips/sprites/blip_sprite_599.png,_REVIEW_THIRD_PARTY/timeline/hex_jobscreator/dist/img/blips/sprites/blip_sprite_599.png,972,03_REVIEW_HEX_PHONE_TIMELINE
server/[timeline]/hex_jobscreator/dist/img/blips/sprites/blip_sprite_633.png,_REVIEW_THIRD_PARTY/timeline/hex_jobscreator/dist/img/blips/sprites/blip_sprite_633.png,798,03_REVIEW_HEX_PHONE_TIMELINE
server/[timeline]/hex_jobscreator/dist/img/blips/sprites/blip_sprite_571.png,_REVIEW_THIRD_PARTY/timeline/hex_jobscreator/dist/img/blips/sprites/blip_sprite_571.png,940,03_REVIEW_HEX_PHONE_TIMELINE
server/[timeline]/hex_jobscreator/dist/img/blips/sprites/blip_sprite_708.png,_REVIEW_THIRD_PARTY/timeline/hex_jobscreator/dist/img/blips/sprites/blip_sprite_708.png,844,03_REVIEW_HEX_PHONE_TIMELINE
server/[timeline]/hex_jobscreator/dist/img/blips/sprites/blip_sprite_842.png,_REVIEW_THIRD_PARTY/timeline/hex_jobscreator/dist/img/blips/sprites/blip_sprite_842.png,904,03_REVIEW_HEX_PHONE_TIMELINE
server/[timeline]/hex_jobscreator/dist/img/blips/sprites/blip_sprite_560.png,_REVIEW_THIRD_PARTY/timeline/hex_jobscreator/dist/img/blips/sprites/blip_sprite_560.png,1034,03_REVIEW_HEX_PHONE_TIMELINE
server/[timeline]/hex_jobscreator/dist/img/blips/sprites/blip_sprite_385.png,_REVIEW_THIRD_PARTY/timeline/hex_jobscreator/dist/img/blips/sprites/blip_sprite_385.png,998,03_REVIEW_HEX_PHONE_TIMELINE
server/[timeline]/hex_jobscreator/dist/img/blips/sprites/blip_sprite_861.png,_REVIEW_THIRD_PARTY/timeline/hex_jobscreator/dist/img/blips/sprites/blip_sprite_861.png,1056,03_REVIEW_HEX_PHONE_TIMELINE
server/[timeline]/hex_jobscreator/dist/img/blips/sprites/blip_sprite_572.png,_REVIEW_THIRD_PARTY/timeline/hex_jobscreator/dist/img/blips/sprites/blip_sprite_572.png,850,03_REVIEW_HEX_PHONE_TIMELINE
server/[timeline]/hex_jobscreator/dist/img/blips/sprites/blip_sprite_154.png,_REVIEW_THIRD_PARTY/timeline/hex_jobscreator/dist/img/blips/sprites/blip_sprite_154.png,518,03_REVIEW_HEX_PHONE_TIMELINE
server/[timeline]/hex_jobscreator/dist/img/blips/sprites/blip_sprite_557.png,_REVIEW_THIRD_PARTY/timeline/hex_jobscreator/dist/img/blips/sprites/blip_sprite_557.png,608,03_REVIEW_HEX_PHONE_TIMELINE
server/[timeline]/hex_jobscreator/dist/img/blips/sprites/blip_sprite_809.png,_REVIEW_THIRD_PARTY/timeline/hex_jobscreator/dist/img/blips/sprites/blip_sprite_809.png,1310,03_REVIEW_HEX_PHONE_TIMELINE
server/[timeline]/hex_jobscreator/dist/img/blips/sprites/blip_sprite_690.png,_REVIEW_THIRD_PARTY/timeline/hex_jobscreator/dist/img/blips/sprites/blip_sprite_690.png,672,03_REVIEW_HEX_PHONE_TIMELINE
server/[timeline]/hex_jobscreator/dist/img/blips/sprites/blip_sprite_662.png,_REVIEW_THIRD_PARTY/timeline/hex_jobscreator/dist/img/blips/sprites/blip_sprite_662.png,1126,03_REVIEW_HEX_PHONE_TIMELINE
server/[timeline]/hex_jobscreator/dist/img/blips/sprites/blip_sprite_821.png,_REVIEW_THIRD_PARTY/timeline/hex_jobscreator/dist/img/blips/sprites/blip_sprite_821.png,1018,03_REVIEW_HEX_PHONE_TIMELINE
server/[timeline]/hex_jobscreator/dist/img/blips/sprites/blip_sprite_11.png,_REVIEW_THIRD_PARTY/timeline/hex_jobscreator/dist/img/blips/sprites/blip_sprite_11.png,1142,03_REVIEW_HEX_PHONE_TIMELINE
server/[timeline]/hex_jobscreator/dist/img/blips/sprites/blip_sprite_149.png,_REVIEW_THIRD_PARTY/timeline/hex_jobscreator/dist/img/blips/sprites/blip_sprite_149.png,1050,03_REVIEW_HEX_PHONE_TIMELINE
server/[timeline]/hex_jobscreator/dist/img/blips/sprites/blip_sprite_657.png,_REVIEW_THIRD_PARTY/timeline/hex_jobscreator/dist/img/blips/sprites/blip_sprite_657.png,772,03_REVIEW_HEX_PHONE_TIMELINE
server/[timeline]/hex_jobscreator/dist/img/blips/sprites/blip_sprite_886.png,_REVIEW_THIRD_PARTY/timeline/hex_jobscreator/dist/img/blips/sprites/blip_sprite_886.png,1130,03_REVIEW_HEX_PHONE_TIMELINE
server/[timeline]/hex_jobscreator/dist/img/blips/sprites/blip_sprite_841.png,_REVIEW_THIRD_PARTY/timeline/hex_jobscreator/dist/img/blips/sprites/blip_sprite_841.png,622,03_REVIEW_HEX_PHONE_TIMELINE
server/[timeline]/hex_jobscreator/dist/img/blips/sprites/blip_sprite_616.png,_REVIEW_THIRD_PARTY/timeline/hex_jobscreator/dist/img/blips/sprites/blip_sprite_616.png,780,03_REVIEW_HEX_PHONE_TIMELINE
server/[timeline]/hex_jobscreator/dist/img/blips/sprites/blip_sprite_777.png,_REVIEW_THIRD_PARTY/timeline/hex_jobscreator/dist/img/blips/sprites/blip_sprite_777.png,1566,03_REVIEW_HEX_PHONE_TIMELINE
server/[timeline]/hex_jobscreator/dist/img/blips/sprites/blip_sprite_920.png,_REVIEW_THIRD_PARTY/timeline/hex_jobscreator/dist/img/blips/sprites/blip_sprite_920.png,1740,03_REVIEW_HEX_PHONE_TIMELINE
server/[timeline]/hex_jobscreator/dist/img/blips/sprites/blip_sprite_880.png,_REVIEW_THIRD_PARTY/timeline/hex_jobscreator/dist/img/blips/sprites/blip_sprite_880.png,922,03_REVIEW_HEX_PHONE_TIMELINE
server/[timeline]/hex_jobscreator/dist/img/blips/sprites/blip_sprite_839.png,_REVIEW_THIRD_PARTY/timeline/hex_jobscreator/dist/img/blips/sprites/blip_sprite_839.png,1570,03_REVIEW_HEX_PHONE_TIMELINE
server/[timeline]/hex_jobscreator/dist/img/blips/sprites/blip_sprite_50.png,_REVIEW_THIRD_PARTY/timeline/hex_jobscreator/dist/img/blips/sprites/blip_sprite_50.png,658,03_REVIEW_HEX_PHONE_TIMELINE
server/[timeline]/hex_jobscreator/dist/img/blips/sprites/blip_sprite_469.png,_REVIEW_THIRD_PARTY/timeline/hex_jobscreator/dist/img/blips/sprites/blip_sprite_469.png,996,03_REVIEW_HEX_PHONE_TIMELINE
server/[timeline]/hex_jobscreator/dist/img/blips/sprites/blip_sprite_670.png,_REVIEW_THIRD_PARTY/timeline/hex_jobscreator/dist/img/blips/sprites/blip_sprite_670.png,1322,03_REVIEW_HEX_PHONE_TIMELINE
server/[timeline]/hex_jobscreator/dist/img/blips/sprites/blip_sprite_822.png,_REVIEW_THIRD_PARTY/timeline/hex_jobscreator/dist/img/blips/sprites/blip_sprite_822.png,1054,03_REVIEW_HEX_PHONE_TIMELINE
server/[timeline]/hex_jobscreator/dist/img/blips/sprites/blip_sprite_741.png,_REVIEW_THIRD_PARTY/timeline/hex_jobscreator/dist/img/blips/sprites/blip_sprite_741.png,2328,03_REVIEW_HEX_PHONE_TIMELINE
server/[timeline]/hex_jobscreator/dist/img/blips/sprites/blip_sprite_758.png,_REVIEW_THIRD_PARTY/timeline/hex_jobscreator/dist/img/blips/sprites/blip_sprite_758.png,1100,03_REVIEW_HEX_PHONE_TIMELINE
server/[timeline]/hex_jobscreator/dist/img/blips/sprites/blip_sprite_748.png,_REVIEW_THIRD_PARTY/timeline/hex_jobscreator/dist/img/blips/sprites/blip_sprite_748.png,1438,03_REVIEW_HEX_PHONE_TIMELINE
server/[timeline]/hex_jobscreator/dist/img/blips/sprites/blip_sprite_441.png,_REVIEW_THIRD_PARTY/timeline/hex_jobscreator/dist/img/blips/sprites/blip_sprite_441.png,872,03_REVIEW_HEX_PHONE_TIMELINE
server/[timeline]/hex_jobscreator/dist/img/blips/sprites/blip_sprite_614.png,_REVIEW_THIRD_PARTY/timeline/hex_jobscreator/dist/img/blips/sprites/blip_sprite_614.png,862,03_REVIEW_HEX_PHONE_TIMELINE
server/[timeline]/hex_jobscreator/dist/img/blips/sprites/blip_sprite_716.png,_REVIEW_THIRD_PARTY/timeline/hex_jobscreator/dist/img/blips/sprites/blip_sprite_716.png,518,03_REVIEW_HEX_PHONE_TIMELINE
server/[timeline]/hex_jobscreator/dist/img/blips/sprites/blip_sprite_750.png,_REVIEW_THIRD_PARTY/timeline/hex_jobscreator/dist/img/blips/sprites/blip_sprite_750.png,1246,03_REVIEW_HEX_PHONE_TIMELINE
server/[timeline]/hex_jobscreator/dist/img/blips/sprites/blip_sprite_524.png,_REVIEW_THIRD_PARTY/timeline/hex_jobscreator/dist/img/blips/sprites/blip_sprite_524.png,886,03_REVIEW_HEX_PHONE_TIMELINE
server/[timeline]/hex_jobscreator/dist/img/blips/sprites/blip_sprite_740.png,_REVIEW_THIRD_PARTY/timeline/hex_jobscreator/dist/img/blips/sprites/blip_sprite_740.png,1354,03_REVIEW_HEX_PHONE_TIMELINE
server/[timeline]/hex_jobscreator/dist/img/blips/sprites/blip_sprite_717.png,_REVIEW_THIRD_PARTY/timeline/hex_jobscreator/dist/img/blips/sprites/blip_sprite_717.png,830,03_REVIEW_HEX_PHONE_TIMELINE
server/[timeline]/hex_jobscreator/dist/img/blips/sprites/blip_sprite_811.png,_REVIEW_THIRD_PARTY/timeline/hex_jobscreator/dist/img/blips/sprites/blip_sprite_811.png,1052,03_REVIEW_HEX_PHONE_TIMELINE
server/[timeline]/hex_jobscreator/dist/img/blips/sprites/blip_sprite_874.png,_REVIEW_THIRD_PARTY/timeline/hex_jobscreator/dist/img/blips/sprites/blip_sprite_874.png,898,03_REVIEW_HEX_PHONE_TIMELINE
server/[timeline]/hex_jobscreator/dist/img/blips/sprites/blip_sprite_893.png,_REVIEW_THIRD_PARTY/timeline/hex_jobscreator/dist/img/blips/sprites/blip_sprite_893.png,1204,03_REVIEW_HEX_PHONE_TIMELINE
server/[timeline]/hex_jobscreator/dist/img/blips/sprites/blip_sprite_912.png,_REVIEW_THIRD_PARTY/timeline/hex_jobscreator/dist/img/blips/sprites/blip_sprite_912.png,580,03_REVIEW_HEX_PHONE_TIMELINE
server/[timeline]/hex_jobscreator/dist/img/blips/sprites/blip_sprite_465.png,_REVIEW_THIRD_PARTY/timeline/hex_jobscreator/dist/img/blips/sprites/blip_sprite_465.png,668,03_REVIEW_HEX_PHONE_TIMELINE
server/[timeline]/hex_jobscreator/dist/img/blips/sprites/blip_sprite_523.png,_REVIEW_THIRD_PARTY/timeline/hex_jobscreator/dist/img/blips/sprites/blip_sprite_523.png,852,03_REVIEW_HEX_PHONE_TIMELINE
server/[timeline]/hex_jobscreator/dist/img/blips/sprites/blip_sprite_164.png,_REVIEW_THIRD_PARTY/timeline/hex_jobscreator/dist/img/blips/sprites/blip_sprite_164.png,744,03_REVIEW_HEX_PHONE_TIMELINE
server/[timeline]/hex_jobscreator/dist/img/blips/sprites/blip_sprite_417.png,_REVIEW_THIRD_PARTY/timeline/hex_jobscreator/dist/img/blips/sprites/blip_sprite_417.png,782,03_REVIEW_HEX_PHONE_TIMELINE
server/[timeline]/hex_jobscreator/dist/img/blips/sprites/blip_sprite_439.png,_REVIEW_THIRD_PARTY/timeline/hex_jobscreator/dist/img/blips/sprites/blip_sprite_439.png,890,03_REVIEW_HEX_PHONE_TIMELINE
server/[timeline]/hex_jobscreator/dist/img/blips/sprites/blip_sprite_602.png,_REVIEW_THIRD_PARTY/timeline/hex_jobscreator/dist/img/blips/sprites/blip_sprite_602.png,934,03_REVIEW_HEX_PHONE_TIMELINE
server/[timeline]/hex_jobscreator/dist/img/blips/sprites/blip_sprite_140.png,_REVIEW_THIRD_PARTY/timeline/hex_jobscreator/dist/img/blips/sprites/blip_sprite_140.png,1262,03_REVIEW_HEX_PHONE_TIMELINE
server/[timeline]/hex_jobscreator/dist/img/blips/sprites/blip_sprite_461.png,_REVIEW_THIRD_PARTY/timeline/hex_jobscreator/dist/img/blips/sprites/blip_sprite_461.png,784,03_REVIEW_HEX_PHONE_TIMELINE
server/[timeline]/hex_jobscreator/dist/img/blips/sprites/blip_sprite_877.png,_REVIEW_THIRD_PARTY/timeline/hex_jobscreator/dist/img/blips/sprites/blip_sprite_877.png,1266,03_REVIEW_HEX_PHONE_TIMELINE
server/[timeline]/hex_jobscreator/dist/img/blips/sprites/blip_sprite_542.png,_REVIEW_THIRD_PARTY/timeline/hex_jobscreator/dist/img/blips/sprites/blip_sprite_542.png,806,03_REVIEW_HEX_PHONE_TIMELINE
server/[timeline]/hex_jobscreator/dist/img/blips/sprites/blip_sprite_789.png,_REVIEW_THIRD_PARTY/timeline/hex_jobscreator/dist/img/blips/sprites/blip_sprite_789.png,1198,03_REVIEW_HEX_PHONE_TIMELINE
server/[timeline]/hex_jobscreator/dist/img/blips/sprites/blip_sprite_677.png,_REVIEW_THIRD_PARTY/timeline/hex_jobscreator/dist/img/blips/sprites/blip_sprite_677.png,778,03_REVIEW_HEX_PHONE_TIMELINE
server/[timeline]/hex_jobscreator/dist/img/blips/sprites/blip_sprite_664.png,_REVIEW_THIRD_PARTY/timeline/hex_jobscreator/dist/img/blips/sprites/blip_sprite_664.png,968,03_REVIEW_HEX_PHONE_TIMELINE
server/[timeline]/hex_jobscreator/dist/img/blips/sprites/blip_sprite_695.png,_REVIEW_THIRD_PARTY/timeline/hex_jobscreator/dist/img/blips/sprites/blip_sprite_695.png,516,03_REVIEW_HEX_PHONE_TIMELINE
server/[timeline]/hex_jobscreator/dist/img/blips/sprites/blip_sprite_607.png,_REVIEW_THIRD_PARTY/timeline/hex_jobscreator/dist/img/blips/sprites/blip_sprite_607.png,1494,03_REVIEW_HEX_PHONE_TIMELINE
server/[timeline]/hex_jobscreator/dist/img/blips/sprites/blip_sprite_573.png,_REVIEW_THIRD_PARTY/timeline/hex_jobscreator/dist/img/blips/sprites/blip_sprite_573.png,916,03_REVIEW_HEX_PHONE_TIMELINE
server/[timeline]/hex_jobscreator/dist/img/blips/sprites/blip_sprite_629.png,_REVIEW_THIRD_PARTY/timeline/hex_jobscreator/dist/img/blips/sprites/blip_sprite_629.png,462,03_REVIEW_HEX_PHONE_TIMELINE
server/[timeline]/hex_jobscreator/dist/img/blips/sprites/blip_sprite_779.png,_REVIEW_THIRD_PARTY/timeline/hex_jobscreator/dist/img/blips/sprites/blip_sprite_779.png,1132,03_REVIEW_HEX_PHONE_TIMELINE
server/[timeline]/hex_jobscreator/dist/img/blips/sprites/blip_sprite_52.png,_REVIEW_THIRD_PARTY/timeline/hex_jobscreator/dist/img/blips/sprites/blip_sprite_52.png,1148,03_REVIEW_HEX_PHONE_TIMELINE
server/[timeline]/hex_jobscreator/dist/img/blips/sprites/blip_sprite_854.png,_REVIEW_THIRD_PARTY/timeline/hex_jobscreator/dist/img/blips/sprites/blip_sprite_854.png,944,03_REVIEW_HEX_PHONE_TIMELINE
server/[timeline]/hex_jobscreator/dist/img/blips/sprites/blip_sprite_304.png,_REVIEW_THIRD_PARTY/timeline/hex_jobscreator/dist/img/blips/sprites/blip_sprite_304.png,984,03_REVIEW_HEX_PHONE_TIMELINE
server/[timeline]/hex_jobscreator/dist/img/blips/sprites/blip_sprite_895.png,_REVIEW_THIRD_PARTY/timeline/hex_jobscreator/dist/img/blips/sprites/blip_sprite_895.png,1026,03_REVIEW_HEX_PHONE_TIMELINE
server/[timeline]/hex_jobscreator/dist/img/blips/sprites/blip_sprite_605.png,_REVIEW_THIRD_PARTY/timeline/hex_jobscreator/dist/img/blips/sprites/blip_sprite_605.png,1540,03_REVIEW_HEX_PHONE_TIMELINE
server/[timeline]/hex_jobscreator/dist/img/blips/sprites/blip_sprite_650.png,_REVIEW_THIRD_PARTY/timeline/hex_jobscreator/dist/img/blips/sprites/blip_sprite_650.png,734,03_REVIEW_HEX_PHONE_TIMELINE
server/[timeline]/hex_jobscreator/dist/img/blips/sprites/blip_sprite_365.png,_REVIEW_THIRD_PARTY/timeline/hex_jobscreator/dist/img/blips/sprites/blip_sprite_365.png,1028,03_REVIEW_HEX_PHONE_TIMELINE
server/[timeline]/hex_jobscreator/dist/img/blips/sprites/blip_sprite_478.png,_REVIEW_THIRD_PARTY/timeline/hex_jobscreator/dist/img/blips/sprites/blip_sprite_478.png,674,03_REVIEW_HEX_PHONE_TIMELINE
server/[timeline]/hex_jobscreator/dist/img/blips/sprites/blip_sprite_433.png,_REVIEW_THIRD_PARTY/timeline/hex_jobscreator/dist/img/blips/sprites/blip_sprite_433.png,954,03_REVIEW_HEX_PHONE_TIMELINE
server/[timeline]/hex_jobscreator/dist/img/blips/sprites/blip_sprite_644.png,_REVIEW_THIRD_PARTY/timeline/hex_jobscreator/dist/img/blips/sprites/blip_sprite_644.png,920,03_REVIEW_HEX_PHONE_TIMELINE
server/[timeline]/hex_jobscreator/dist/img/blips/sprites/blip_sprite_547.png,_REVIEW_THIRD_PARTY/timeline/hex_jobscreator/dist/img/blips/sprites/blip_sprite_547.png,752,03_REVIEW_HEX_PHONE_TIMELINE
server/[timeline]/hex_jobscreator/dist/img/blips/sprites/blip_sprite_773.png,_REVIEW_THIRD_PARTY/timeline/hex_jobscreator/dist/img/blips/sprites/blip_sprite_773.png,1726,03_REVIEW_HEX_PHONE_TIMELINE
server/[timeline]/hex_jobscreator/dist/img/blips/sprites/blip_sprite_906.png,_REVIEW_THIRD_PARTY/timeline/hex_jobscreator/dist/img/blips/sprites/blip_sprite_906.png,848,03_REVIEW_HEX_PHONE_TIMELINE
server/[timeline]/hex_jobscreator/dist/img/blips/sprites/blip_sprite_626.png,_REVIEW_THIRD_PARTY/timeline/hex_jobscreator/dist/img/blips/sprites/blip_sprite_626.png,1242,03_REVIEW_HEX_PHONE_TIMELINE
server/[timeline]/hex_jobscreator/dist/img/blips/sprites/blip_sprite_141.png,_REVIEW_THIRD_PARTY/timeline/hex_jobscreator/dist/img/blips/sprites/blip_sprite_141.png,1122,03_REVIEW_HEX_PHONE_TIMELINE
server/[timeline]/hex_jobscreator/dist/img/blips/sprites/blip_sprite_858.png,_REVIEW_THIRD_PARTY/timeline/hex_jobscreator/dist/img/blips/sprites/blip_sprite_858.png,1378,03_REVIEW_HEX_PHONE_TIMELINE
server/[timeline]/hex_jobscreator/dist/img/blips/sprites/blip_sprite_375.png,_REVIEW_THIRD_PARTY/timeline/hex_jobscreator/dist/img/blips/sprites/blip_sprite_375.png,1092,03_REVIEW_HEX_PHONE_TIMELINE
server/[timeline]/hex_jobscreator/dist/img/blips/sprites/blip_sprite_566.png,_REVIEW_THIRD_PARTY/timeline/hex_jobscreator/dist/img/blips/sprites/blip_sprite_566.png,966,03_REVIEW_HEX_PHONE_TIMELINE
server/[timeline]/hex_jobscreator/dist/img/blips/sprites/blip_sprite_819.png,_REVIEW_THIRD_PARTY/timeline/hex_jobscreator/dist/img/blips/sprites/blip_sprite_819.png,1154,03_REVIEW_HEX_PHONE_TIMELINE
server/[timeline]/hex_jobscreator/dist/img/blips/sprites/blip_sprite_66.png,_REVIEW_THIRD_PARTY/timeline/hex_jobscreator/dist/img/blips/sprites/blip_sprite_66.png,1032,03_REVIEW_HEX_PHONE_TIMELINE
server/[timeline]/hex_jobscreator/dist/img/blips/sprites/blip_sprite_788.png,_REVIEW_THIRD_PARTY/timeline/hex_jobscreator/dist/img/blips/sprites/blip_sprite_788.png,970,03_REVIEW_HEX_PHONE_TIMELINE
server/[timeline]/hex_jobscreator/dist/img/blips/sprites/blip_sprite_67.png,_REVIEW_THIRD_PARTY/timeline/hex_jobscreator/dist/img/blips/sprites/blip_sprite_67.png,958,03_REVIEW_HEX_PHONE_TIMELINE
server/[timeline]/hex_jobscreator/dist/img/blips/sprites/blip_sprite_388.png,_REVIEW_THIRD_PARTY/timeline/hex_jobscreator/dist/img/blips/sprites/blip_sprite_388.png,934,03_REVIEW_HEX_PHONE_TIMELINE
server/[timeline]/hex_jobscreator/dist/img/blips/sprites/blip_sprite_899.png,_REVIEW_THIRD_PARTY/timeline/hex_jobscreator/dist/img/blips/sprites/blip_sprite_899.png,630,03_REVIEW_HEX_PHONE_TIMELINE
server/[timeline]/hex_jobscreator/dist/img/blips/sprites/blip_sprite_790.png,_REVIEW_THIRD_PARTY/timeline/hex_jobscreator/dist/img/blips/sprites/blip_sprite_790.png,946,03_REVIEW_HEX_PHONE_TIMELINE
server/[timeline]/hex_jobscreator/dist/img/blips/sprites/blip_sprite_360.png,_REVIEW_THIRD_PARTY/timeline/hex_jobscreator/dist/img/blips/sprites/blip_sprite_360.png,1072,03_REVIEW_HEX_PHONE_TIMELINE
server/[timeline]/hex_jobscreator/dist/img/blips/sprites/blip_sprite_501.png,_REVIEW_THIRD_PARTY/timeline/hex_jobscreator/dist/img/blips/sprites/blip_sprite_501.png,738,03_REVIEW_HEX_PHONE_TIMELINE
server/[timeline]/hex_jobscreator/dist/img/blips/sprites/blip_sprite_919.png,_REVIEW_THIRD_PARTY/timeline/hex_jobscreator/dist/img/blips/sprites/blip_sprite_919.png,1242,03_REVIEW_HEX_PHONE_TIMELINE
server/[timeline]/hex_jobscreator/dist/img/blips/sprites/blip_sprite_850.png,_REVIEW_THIRD_PARTY/timeline/hex_jobscreator/dist/img/blips/sprites/blip_sprite_850.png,956,03_REVIEW_HEX_PHONE_TIMELINE
server/[timeline]/hex_jobscreator/dist/img/blips/sprites/blip_sprite_723.png,_REVIEW_THIRD_PARTY/timeline/hex_jobscreator/dist/img/blips/sprites/blip_sprite_723.png,874,03_REVIEW_HEX_PHONE_TIMELINE
server/[timeline]/hex_jobscreator/dist/img/blips/sprites/blip_sprite_668.png,_REVIEW_THIRD_PARTY/timeline/hex_jobscreator/dist/img/blips/sprites/blip_sprite_668.png,1364,03_REVIEW_HEX_PHONE_TIMELINE
server/[timeline]/hex_jobscreator/dist/img/blips/sprites/blip_sprite_497.png,_REVIEW_THIRD_PARTY/timeline/hex_jobscreator/dist/img/blips/sprites/blip_sprite_497.png,892,03_REVIEW_HEX_PHONE_TIMELINE
server/[timeline]/hex_jobscreator/dist/img/blips/sprites/blip_sprite_888.png,_REVIEW_THIRD_PARTY/timeline/hex_jobscreator/dist/img/blips/sprites/blip_sprite_888.png,868,03_REVIEW_HEX_PHONE_TIMELINE
server/[timeline]/hex_jobscreator/dist/img/blips/sprites/blip_sprite_810.png,_REVIEW_THIRD_PARTY/timeline/hex_jobscreator/dist/img/blips/sprites/blip_sprite_810.png,1072,03_REVIEW_HEX_PHONE_TIMELINE
server/[timeline]/hex_jobscreator/dist/img/blips/sprites/blip_sprite_894.png,_REVIEW_THIRD_PARTY/timeline/hex_jobscreator/dist/img/blips/sprites/blip_sprite_894.png,642,03_REVIEW_HEX_PHONE_TIMELINE
server/[timeline]/hex_jobscreator/dist/img/blips/sprites/blip_sprite_849.png,_REVIEW_THIRD_PARTY/timeline/hex_jobscreator/dist/img/blips/sprites/blip_sprite_849.png,336,03_REVIEW_HEX_PHONE_TIMELINE
server/[timeline]/hex_jobscreator/dist/img/blips/sprites/blip_sprite_495.png,_REVIEW_THIRD_PARTY/timeline/hex_jobscreator/dist/img/blips/sprites/blip_sprite_495.png,1474,03_REVIEW_HEX_PHONE_TIMELINE
server/[timeline]/hex_jobscreator/dist/img/blips/sprites/blip_sprite_759.png,_REVIEW_THIRD_PARTY/timeline/hex_jobscreator/dist/img/blips/sprites/blip_sprite_759.png,1072,03_REVIEW_HEX_PHONE_TIMELINE
server/[timeline]/hex_jobscreator/dist/img/blips/sprites/blip_sprite_225.png,_REVIEW_THIRD_PARTY/timeline/hex_jobscreator/dist/img/blips/sprites/blip_sprite_225.png,884,03_REVIEW_HEX_PHONE_TIMELINE
server/[timeline]/hex_jobscreator/dist/img/blips/sprites/blip_sprite_851.png,_REVIEW_THIRD_PARTY/timeline/hex_jobscreator/dist/img/blips/sprites/blip_sprite_851.png,908,03_REVIEW_HEX_PHONE_TIMELINE
server/[timeline]/hex_jobscreator/dist/img/blips/sprites/blip_sprite_848.png,_REVIEW_THIRD_PARTY/timeline/hex_jobscreator/dist/img/blips/sprites/blip_sprite_848.png,1600,03_REVIEW_HEX_PHONE_TIMELINE
server/[timeline]/hex_jobscreator/dist/img/blips/sprites/blip_sprite_785.png,_REVIEW_THIRD_PARTY/timeline/hex_jobscreator/dist/img/blips/sprites/blip_sprite_785.png,1296,03_REVIEW_HEX_PHONE_TIMELINE
server/[timeline]/hex_jobscreator/dist/img/blips/sprites/blip_sprite_828.png,_REVIEW_THIRD_PARTY/timeline/hex_jobscreator/dist/img/blips/sprites/blip_sprite_828.png,808,03_REVIEW_HEX_PHONE_TIMELINE
server/[timeline]/hex_jobscreator/dist/img/blips/sprites/blip_sprite_757.png,_REVIEW_THIRD_PARTY/timeline/hex_jobscreator/dist/img/blips/sprites/blip_sprite_757.png,1044,03_REVIEW_HEX_PHONE_TIMELINE
server/[timeline]/hex_jobscreator/dist/img/blips/sprites/blip_sprite_641.png,_REVIEW_THIRD_PARTY/timeline/hex_jobscreator/dist/img/blips/sprites/blip_sprite_641.png,1502,03_REVIEW_HEX_PHONE_TIMELINE
server/[timeline]/hex_jobscreator/dist/img/blips/sprites/blip_sprite_802.png,_REVIEW_THIRD_PARTY/timeline/hex_jobscreator/dist/img/blips/sprites/blip_sprite_802.png,644,03_REVIEW_HEX_PHONE_TIMELINE
server/[timeline]/hex_jobscreator/dist/img/blips/sprites/blip_sprite_476.png,_REVIEW_THIRD_PARTY/timeline/hex_jobscreator/dist/img/blips/sprites/blip_sprite_476.png,912,03_REVIEW_HEX_PHONE_TIMELINE
server/[timeline]/hex_jobscreator/dist/img/blips/sprites/blip_sprite_661.png,_REVIEW_THIRD_PARTY/timeline/hex_jobscreator/dist/img/blips/sprites/blip_sprite_661.png,918,03_REVIEW_HEX_PHONE_TIMELINE
server/[timeline]/hex_jobscreator/dist/img/blips/sprites/blip_sprite_628.png,_REVIEW_THIRD_PARTY/timeline/hex_jobscreator/dist/img/blips/sprites/blip_sprite_628.png,972,03_REVIEW_HEX_PHONE_TIMELINE
server/[timeline]/hex_jobscreator/dist/img/blips/sprites/blip_sprite_783.png,_REVIEW_THIRD_PARTY/timeline/hex_jobscreator/dist/img/blips/sprites/blip_sprite_783.png,750,03_REVIEW_HEX_PHONE_TIMELINE
server/[timeline]/hex_jobscreator/dist/img/blips/sprites/blip_sprite_905.png,_REVIEW_THIRD_PARTY/timeline/hex_jobscreator/dist/img/blips/sprites/blip_sprite_905.png,918,03_REVIEW_HEX_PHONE_TIMELINE
server/[timeline]/hex_jobscreator/dist/img/blips/sprites/blip_sprite_315.png,_REVIEW_THIRD_PARTY/timeline/hex_jobscreator/dist/img/blips/sprites/blip_sprite_315.png,1032,03_REVIEW_HEX_PHONE_TIMELINE
server/[timeline]/hex_jobscreator/dist/img/blips/sprites/blip_sprite_860.png,_REVIEW_THIRD_PARTY/timeline/hex_jobscreator/dist/img/blips/sprites/blip_sprite_860.png,1536,03_REVIEW_HEX_PHONE_TIMELINE
server/[timeline]/hex_jobscreator/dist/img/blips/sprites/blip_sprite_181.png,_REVIEW_THIRD_PARTY/timeline/hex_jobscreator/dist/img/blips/sprites/blip_sprite_181.png,808,03_REVIEW_HEX_PHONE_TIMELINE
server/[timeline]/hex_jobscreator/dist/img/blips/sprites/blip_sprite_863.png,_REVIEW_THIRD_PARTY/timeline/hex_jobscreator/dist/img/blips/sprites/blip_sprite_863.png,610,03_REVIEW_HEX_PHONE_TIMELINE
server/[timeline]/hex_jobscreator/dist/img/blips/sprites/blip_sprite_415.png,_REVIEW_THIRD_PARTY/timeline/hex_jobscreator/dist/img/blips/sprites/blip_sprite_415.png,684,03_REVIEW_HEX_PHONE_TIMELINE
server/[timeline]/hex_jobscreator/dist/img/blips/sprites/blip_sprite_370.png,_REVIEW_THIRD_PARTY/timeline/hex_jobscreator/dist/img/blips/sprites/blip_sprite_370.png,1110,03_REVIEW_HEX_PHONE_TIMELINE
server/[timeline]/hex_jobscreator/dist/img/blips/sprites/blip_sprite_868.png,_REVIEW_THIRD_PARTY/timeline/hex_jobscreator/dist/img/blips/sprites/blip_sprite_868.png,1002,03_REVIEW_HEX_PHONE_TIMELINE
server/[timeline]/hex_jobscreator/dist/img/blips/sprites/blip_sprite_745.png,_REVIEW_THIRD_PARTY/timeline/hex_jobscreator/dist/img/blips/sprites/blip_sprite_745.png,1018,03_REVIEW_HEX_PHONE_TIMELINE
server/[timeline]/hex_jobscreator/dist/img/blips/sprites/blip_sprite_830.png,_REVIEW_THIRD_PARTY/timeline/hex_jobscreator/dist/img/blips/sprites/blip_sprite_830.png,1120,03_REVIEW_HEX_PHONE_TIMELINE
server/[timeline]/hex_jobscreator/dist/img/blips/sprites/blip_sprite_852.png,_REVIEW_THIRD_PARTY/timeline/hex_jobscreator/dist/img/blips/sprites/blip_sprite_852.png,988,03_REVIEW_HEX_PHONE_TIMELINE
server/[timeline]/hex_jobscreator/dist/img/blips/sprites/blip_sprite_80.png,_REVIEW_THIRD_PARTY/timeline/hex_jobscreator/dist/img/blips/sprites/blip_sprite_80.png,600,03_REVIEW_HEX_PHONE_TIMELINE
server/[timeline]/hex_jobscreator/dist/img/blips/sprites/blip_sprite_700.png,_REVIEW_THIRD_PARTY/timeline/hex_jobscreator/dist/img/blips/sprites/blip_sprite_700.png,510,03_REVIEW_HEX_PHONE_TIMELINE
server/[timeline]/hex_jobscreator/dist/img/blips/sprites/blip_sprite_682.png,_REVIEW_THIRD_PARTY/timeline/hex_jobscreator/dist/img/blips/sprites/blip_sprite_682.png,1056,03_REVIEW_HEX_PHONE_TIMELINE
server/[timeline]/hex_jobscreator/dist/img/blips/sprites/blip_sprite_704.png,_REVIEW_THIRD_PARTY/timeline/hex_jobscreator/dist/img/blips/sprites/blip_sprite_704.png,770,03_REVIEW_HEX_PHONE_TIMELINE
server/[timeline]/hex_jobscreator/dist/img/blips/sprites/blip_sprite_198.png,_REVIEW_THIRD_PARTY/timeline/hex_jobscreator/dist/img/blips/sprites/blip_sprite_198.png,922,03_REVIEW_HEX_PHONE_TIMELINE
server/[timeline]/hex_jobscreator/dist/img/blips/sprites/blip_sprite_834.png,_REVIEW_THIRD_PARTY/timeline/hex_jobscreator/dist/img/blips/sprites/blip_sprite_834.png,774,03_REVIEW_HEX_PHONE_TIMELINE
server/[timeline]/hex_jobscreator/dist/img/blips/sprites/blip_sprite_696.png,_REVIEW_THIRD_PARTY/timeline/hex_jobscreator/dist/img/blips/sprites/blip_sprite_696.png,414,03_REVIEW_HEX_PHONE_TIMELINE
server/[timeline]/hex_jobscreator/dist/img/blips/sprites/blip_sprite_731.png,_REVIEW_THIRD_PARTY/timeline/hex_jobscreator/dist/img/blips/sprites/blip_sprite_731.png,930,03_REVIEW_HEX_PHONE_TIMELINE
server/[timeline]/hex_jobscreator/dist/img/blips/sprites/blip_sprite_458.png,_REVIEW_THIRD_PARTY/timeline/hex_jobscreator/dist/img/blips/sprites/blip_sprite_458.png,1098,03_REVIEW_HEX_PHONE_TIMELINE
server/[timeline]/hex_jobscreator/dist/img/blips/sprites/blip_sprite_826.png,_REVIEW_THIRD_PARTY/timeline/hex_jobscreator/dist/img/blips/sprites/blip_sprite_826.png,892,03_REVIEW_HEX_PHONE_TIMELINE
server/[timeline]/hex_jobscreator/dist/img/blips/sprites/blip_sprite_136.png,_REVIEW_THIRD_PARTY/timeline/hex_jobscreator/dist/img/blips/sprites/blip_sprite_136.png,1016,03_REVIEW_HEX_PHONE_TIMELINE
server/[timeline]/hex_jobscreator/dist/img/blips/sprites/blip_sprite_871.png,_REVIEW_THIRD_PARTY/timeline/hex_jobscreator/dist/img/blips/sprites/blip_sprite_871.png,1168,03_REVIEW_HEX_PHONE_TIMELINE
server/[timeline]/hex_jobscreator/dist/img/blips/sprites/blip_sprite_403.png,_REVIEW_THIRD_PARTY/timeline/hex_jobscreator/dist/img/blips/sprites/blip_sprite_403.png,662,03_REVIEW_HEX_PHONE_TIMELINE
server/[timeline]/hex_jobscreator/dist/img/blips/sprites/blip_sprite_585.png,_REVIEW_THIRD_PARTY/timeline/hex_jobscreator/dist/img/blips/sprites/blip_sprite_585.png,990,03_REVIEW_HEX_PHONE_TIMELINE
server/[timeline]/hex_jobscreator/dist/img/blips/sprites/blip_sprite_586.png,_REVIEW_THIRD_PARTY/timeline/hex_jobscreator/dist/img/blips/sprites/blip_sprite_586.png,914,03_REVIEW_HEX_PHONE_TIMELINE
server/[timeline]/hex_jobscreator/dist/img/blips/sprites/blip_sprite_420.png,_REVIEW_THIRD_PARTY/timeline/hex_jobscreator/dist/img/blips/sprites/blip_sprite_420.png,684,03_REVIEW_HEX_PHONE_TIMELINE
server/[timeline]/hex_jobscreator/dist/img/blips/sprites/blip_sprite_715.png,_REVIEW_THIRD_PARTY/timeline/hex_jobscreator/dist/img/blips/sprites/blip_sprite_715.png,860,03_REVIEW_HEX_PHONE_TIMELINE
server/[timeline]/hex_jobscreator/dist/img/blips/sprites/blip_sprite_730.png,_REVIEW_THIRD_PARTY/timeline/hex_jobscreator/dist/img/blips/sprites/blip_sprite_730.png,940,03_REVIEW_HEX_PHONE_TIMELINE
server/[timeline]/hex_jobscreator/dist/img/blips/sprites/blip_sprite_902.png,_REVIEW_THIRD_PARTY/timeline/hex_jobscreator/dist/img/blips/sprites/blip_sprite_902.png,1120,03_REVIEW_HEX_PHONE_TIMELINE
server/[timeline]/hex_jobscreator/dist/img/blips/sprites/blip_sprite_535.png,_REVIEW_THIRD_PARTY/timeline/hex_jobscreator/dist/img/blips/sprites/blip_sprite_535.png,930,03_REVIEW_HEX_PHONE_TIMELINE
server/[timeline]/hex_jobscreator/dist/img/blips/sprites/blip_sprite_464.png,_REVIEW_THIRD_PARTY/timeline/hex_jobscreator/dist/img/blips/sprites/blip_sprite_464.png,728,03_REVIEW_HEX_PHONE_TIMELINE
server/[timeline]/hex_jobscreator/dist/img/blips/sprites/blip_sprite_455.png,_REVIEW_THIRD_PARTY/timeline/hex_jobscreator/dist/img/blips/sprites/blip_sprite_455.png,878,03_REVIEW_HEX_PHONE_TIMELINE
server/[timeline]/hex_jobscreator/dist/img/blips/sprites/blip_sprite_634.png,_REVIEW_THIRD_PARTY/timeline/hex_jobscreator/dist/img/blips/sprites/blip_sprite_634.png,1074,03_REVIEW_HEX_PHONE_TIMELINE
server/[timeline]/hex_jobscreator/dist/img/blips/sprites/blip_sprite_387.png,_REVIEW_THIRD_PARTY/timeline/hex_jobscreator/dist/img/blips/sprites/blip_sprite_387.png,1224,03_REVIEW_HEX_PHONE_TIMELINE
server/[timeline]/hex_jobscreator/dist/img/blips/sprites/blip_sprite_885.png,_REVIEW_THIRD_PARTY/timeline/hex_jobscreator/dist/img/blips/sprites/blip_sprite_885.png,1082,03_REVIEW_HEX_PHONE_TIMELINE
server/[timeline]/hex_jobscreator/dist/img/blips/sprites/blip_sprite_574.png,_REVIEW_THIRD_PARTY/timeline/hex_jobscreator/dist/img/blips/sprites/blip_sprite_574.png,832,03_REVIEW_HEX_PHONE_TIMELINE
server/[timeline]/hex_jobscreator/dist/img/blips/sprites/blip_sprite_649.png,_REVIEW_THIRD_PARTY/timeline/hex_jobscreator/dist/img/blips/sprites/blip_sprite_649.png,514,03_REVIEW_HEX_PHONE_TIMELINE
server/[timeline]/hex_jobscreator/dist/img/blips/sprites/blip_sprite_456.png,_REVIEW_THIRD_PARTY/timeline/hex_jobscreator/dist/img/blips/sprites/blip_sprite_456.png,776,03_REVIEW_HEX_PHONE_TIMELINE
server/[timeline]/hex_jobscreator/dist/img/blips/sprites/blip_sprite_109.png,_REVIEW_THIRD_PARTY/timeline/hex_jobscreator/dist/img/blips/sprites/blip_sprite_109.png,968,03_REVIEW_HEX_PHONE_TIMELINE
server/[timeline]/hex_jobscreator/dist/img/blips/sprites/blip_sprite_818.png,_REVIEW_THIRD_PARTY/timeline/hex_jobscreator/dist/img/blips/sprites/blip_sprite_818.png,1130,03_REVIEW_HEX_PHONE_TIMELINE
server/[timeline]/hex_jobscreator/dist/img/blips/sprites/blip_sprite_350.png,_REVIEW_THIRD_PARTY/timeline/hex_jobscreator/dist/img/blips/sprites/blip_sprite_350.png,1028,03_REVIEW_HEX_PHONE_TIMELINE
server/[timeline]/hex_jobscreator/dist/img/blips/sprites/blip_sprite_84.png,_REVIEW_THIRD_PARTY/timeline/hex_jobscreator/dist/img/blips/sprites/blip_sprite_84.png,1040,03_REVIEW_HEX_PHONE_TIMELINE
server/[timeline]/hex_jobscreator/dist/img/blips/sprites/blip_sprite_853.png,_REVIEW_THIRD_PARTY/timeline/hex_jobscreator/dist/img/blips/sprites/blip_sprite_853.png,1094,03_REVIEW_HEX_PHONE_TIMELINE
server/[timeline]/hex_jobscreator/dist/img/blips/sprites/blip_sprite_56.png,_REVIEW_THIRD_PARTY/timeline/hex_jobscreator/dist/img/blips/sprites/blip_sprite_56.png,990,03_REVIEW_HEX_PHONE_TIMELINE
server/[timeline]/hex_jobscreator/dist/img/blips/sprites/blip_sprite_175.png,_REVIEW_THIRD_PARTY/timeline/hex_jobscreator/dist/img/blips/sprites/blip_sprite_175.png,598,03_REVIEW_HEX_PHONE_TIMELINE
server/[timeline]/hex_jobscreator/dist/img/blips/sprites/blip_sprite_837.png,_REVIEW_THIRD_PARTY/timeline/hex_jobscreator/dist/img/blips/sprites/blip_sprite_837.png,820,03_REVIEW_HEX_PHONE_TIMELINE
server/[timeline]/hex_jobscreator/dist/img/blips/sprites/blip_sprite_812.png,_REVIEW_THIRD_PARTY/timeline/hex_jobscreator/dist/img/blips/sprites/blip_sprite_812.png,1008,03_REVIEW_HEX_PHONE_TIMELINE
server/[timeline]/hex_jobscreator/dist/img/blips/sprites/blip_sprite_624.png,_REVIEW_THIRD_PARTY/timeline/hex_jobscreator/dist/img/blips/sprites/blip_sprite_624.png,810,03_REVIEW_HEX_PHONE_TIMELINE
server/[timeline]/hex_jobscreator/dist/img/blips/sprites/blip_sprite_526.png,_REVIEW_THIRD_PARTY/timeline/hex_jobscreator/dist/img/blips/sprites/blip_sprite_526.png,908,03_REVIEW_HEX_PHONE_TIMELINE
server/[timeline]/hex_jobscreator/dist/img/blips/sprites/blip_sprite_799.png,_REVIEW_THIRD_PARTY/timeline/hex_jobscreator/dist/img/blips/sprites/blip_sprite_799.png,1200,03_REVIEW_HEX_PHONE_TIMELINE
server/[timeline]/hex_jobscreator/dist/img/blips/sprites/blip_sprite_410.png,_REVIEW_THIRD_PARTY/timeline/hex_jobscreator/dist/img/blips/sprites/blip_sprite_410.png,916,03_REVIEW_HEX_PHONE_TIMELINE
server/[timeline]/hex_jobscreator/dist/img/blips/sprites/blip_sprite_836.png,_REVIEW_THIRD_PARTY/timeline/hex_jobscreator/dist/img/blips/sprites/blip_sprite_836.png,1246,03_REVIEW_HEX_PHONE_TIMELINE
server/[timeline]/hex_jobscreator/dist/img/blips/sprites/blip_sprite_371.png,_REVIEW_THIRD_PARTY/timeline/hex_jobscreator/dist/img/blips/sprites/blip_sprite_371.png,1178,03_REVIEW_HEX_PHONE_TIMELINE
server/[timeline]/hex_jobscreator/dist/img/blips/sprites/blip_sprite_408.png,_REVIEW_THIRD_PARTY/timeline/hex_jobscreator/dist/img/blips/sprites/blip_sprite_408.png,694,03_REVIEW_HEX_PHONE_TIMELINE
server/[timeline]/hex_jobscreator/dist/img/blips/sprites/blip_sprite_814.png,_REVIEW_THIRD_PARTY/timeline/hex_jobscreator/dist/img/blips/sprites/blip_sprite_814.png,1036,03_REVIEW_HEX_PHONE_TIMELINE
server/[timeline]/hex_jobscreator/dist/img/blips/sprites/blip_sprite_522.png,_REVIEW_THIRD_PARTY/timeline/hex_jobscreator/dist/img/blips/sprites/blip_sprite_522.png,866,03_REVIEW_HEX_PHONE_TIMELINE
server/[timeline]/hex_jobscreator/dist/img/blips/sprites/blip_sprite_51.png,_REVIEW_THIRD_PARTY/timeline/hex_jobscreator/dist/img/blips/sprites/blip_sprite_51.png,984,03_REVIEW_HEX_PHONE_TIMELINE
server/[timeline]/hex_jobscreator/dist/img/blips/sprites/blip_sprite_570.png,_REVIEW_THIRD_PARTY/timeline/hex_jobscreator/dist/img/blips/sprites/blip_sprite_570.png,692,03_REVIEW_HEX_PHONE_TIMELINE
server/[timeline]/hex_jobscreator/dist/img/blips/sprites/blip_sprite_494.png,_REVIEW_THIRD_PARTY/timeline/hex_jobscreator/dist/img/blips/sprites/blip_sprite_494.png,1046,03_REVIEW_HEX_PHONE_TIMELINE
server/[timeline]/hex_jobscreator/dist/img/blips/sprites/blip_sprite_162.png,_REVIEW_THIRD_PARTY/timeline/hex_jobscreator/dist/img/blips/sprites/blip_sprite_162.png,1028,03_REVIEW_HEX_PHONE_TIMELINE
server/[timeline]/hex_jobscreator/dist/img/blips/sprites/blip_sprite_377.png,_REVIEW_THIRD_PARTY/timeline/hex_jobscreator/dist/img/blips/sprites/blip_sprite_377.png,900,03_REVIEW_HEX_PHONE_TIMELINE
server/[timeline]/hex_jobscreator/dist/img/blips/sprites/blip_sprite_601.png,_REVIEW_THIRD_PARTY/timeline/hex_jobscreator/dist/img/blips/sprites/blip_sprite_601.png,948,03_REVIEW_HEX_PHONE_TIMELINE
server/[timeline]/hex_jobscreator/dist/img/blips/sprites/blip_sprite_667.png,_REVIEW_THIRD_PARTY/timeline/hex_jobscreator/dist/img/blips/sprites/blip_sprite_667.png,1008,03_REVIEW_HEX_PHONE_TIMELINE
server/[timeline]/hex_jobscreator/dist/img/blips/sprites/blip_sprite_376.png,_REVIEW_THIRD_PARTY/timeline/hex_jobscreator/dist/img/blips/sprites/blip_sprite_376.png,1134,03_REVIEW_HEX_PHONE_TIMELINE
server/[timeline]/hex_jobscreator/dist/img/blips/sprites/blip_sprite_530.png,_REVIEW_THIRD_PARTY/timeline/hex_jobscreator/dist/img/blips/sprites/blip_sprite_530.png,878,03_REVIEW_HEX_PHONE_TIMELINE
server/[timeline]/hex_jobscreator/dist/img/blips/sprites/blip_sprite_527.png,_REVIEW_THIRD_PARTY/timeline/hex_jobscreator/dist/img/blips/sprites/blip_sprite_527.png,1130,03_REVIEW_HEX_PHONE_TIMELINE
server/[timeline]/hex_jobscreator/dist/img/blips/sprites/blip_sprite_446.png,_REVIEW_THIRD_PARTY/timeline/hex_jobscreator/dist/img/blips/sprites/blip_sprite_446.png,1530,03_REVIEW_HEX_PHONE_TIMELINE
server/[timeline]/hex_jobscreator/dist/img/blips/sprites/blip_sprite_678.png,_REVIEW_THIRD_PARTY/timeline/hex_jobscreator/dist/img/blips/sprites/blip_sprite_678.png,1420,03_REVIEW_HEX_PHONE_TIMELINE
server/[timeline]/hex_jobscreator/dist/img/blips/sprites/blip_sprite_722.png,_REVIEW_THIRD_PARTY/timeline/hex_jobscreator/dist/img/blips/sprites/blip_sprite_722.png,644,03_REVIEW_HEX_PHONE_TIMELINE
server/[timeline]/hex_jobscreator/dist/img/blips/sprites/blip_sprite_784.png,_REVIEW_THIRD_PARTY/timeline/hex_jobscreator/dist/img/blips/sprites/blip_sprite_784.png,1136,03_REVIEW_HEX_PHONE_TIMELINE
server/[timeline]/hex_jobscreator/dist/img/blips/sprites/blip_sprite_714.png,_REVIEW_THIRD_PARTY/timeline/hex_jobscreator/dist/img/blips/sprites/blip_sprite_714.png,626,03_REVIEW_HEX_PHONE_TIMELINE
server/[timeline]/hex_jobscreator/dist/img/blips/sprites/blip_sprite_754.png,_REVIEW_THIRD_PARTY/timeline/hex_jobscreator/dist/img/blips/sprites/blip_sprite_754.png,990,03_REVIEW_HEX_PHONE_TIMELINE
server/[timeline]/hex_jobscreator/dist/img/blips/sprites/blip_sprite_359.png,_REVIEW_THIRD_PARTY/timeline/hex_jobscreator/dist/img/blips/sprites/blip_sprite_359.png,1068,03_REVIEW_HEX_PHONE_TIMELINE
server/[timeline]/hex_jobscreator/dist/img/blips/sprites/blip_sprite_188.png,_REVIEW_THIRD_PARTY/timeline/hex_jobscreator/dist/img/blips/sprites/blip_sprite_188.png,936,03_REVIEW_HEX_PHONE_TIMELINE
server/[timeline]/hex_jobscreator/dist/img/blips/sprites/blip_sprite_558.png,_REVIEW_THIRD_PARTY/timeline/hex_jobscreator/dist/img/blips/sprites/blip_sprite_558.png,888,03_REVIEW_HEX_PHONE_TIMELINE
server/[timeline]/hex_jobscreator/dist/img/blips/sprites/blip_sprite_418.png,_REVIEW_THIRD_PARTY/timeline/hex_jobscreator/dist/img/blips/sprites/blip_sprite_418.png,910,03_REVIEW_HEX_PHONE_TIMELINE
server/[timeline]/hex_jobscreator/dist/img/blips/sprites/blip_sprite_844.png,_REVIEW_THIRD_PARTY/timeline/hex_jobscreator/dist/img/blips/sprites/blip_sprite_844.png,958,03_REVIEW_HEX_PHONE_TIMELINE
server/[timeline]/hex_jobscreator/dist/img/blips/sprites/blip_sprite_121.png,_REVIEW_THIRD_PARTY/timeline/hex_jobscreator/dist/img/blips/sprites/blip_sprite_121.png,1052,03_REVIEW_HEX_PHONE_TIMELINE
server/[timeline]/hex_jobscreator/dist/img/blips/sprites/blip_sprite_498.png,_REVIEW_THIRD_PARTY/timeline/hex_jobscreator/dist/img/blips/sprites/blip_sprite_498.png,838,03_REVIEW_HEX_PHONE_TIMELINE
server/[timeline]/hex_jobscreator/dist/img/blips/sprites/blip_sprite_820.png,_REVIEW_THIRD_PARTY/timeline/hex_jobscreator/dist/img/blips/sprites/blip_sprite_820.png,1108,03_REVIEW_HEX_PHONE_TIMELINE
server/[timeline]/hex_jobscreator/dist/img/blips/sprites/blip_sprite_401.png,_REVIEW_THIRD_PARTY/timeline/hex_jobscreator/dist/img/blips/sprites/blip_sprite_401.png,992,03_REVIEW_HEX_PHONE_TIMELINE
server/[timeline]/hex_jobscreator/dist/img/blips/sprites/blip_sprite_404.png,_REVIEW_THIRD_PARTY/timeline/hex_jobscreator/dist/img/blips/sprites/blip_sprite_404.png,998,03_REVIEW_HEX_PHONE_TIMELINE
server/[timeline]/hex_jobscreator/dist/img/blips/sprites/blip_sprite_591.png,_REVIEW_THIRD_PARTY/timeline/hex_jobscreator/dist/img/blips/sprites/blip_sprite_591.png,424,03_REVIEW_HEX_PHONE_TIMELINE
server/[timeline]/hex_jobscreator/dist/img/blips/sprites/blip_sprite_786.png,_REVIEW_THIRD_PARTY/timeline/hex_jobscreator/dist/img/blips/sprites/blip_sprite_786.png,1120,03_REVIEW_HEX_PHONE_TIMELINE
server/[timeline]/hex_jobscreator/dist/img/blips/sprites/blip_sprite_173.png,_REVIEW_THIRD_PARTY/timeline/hex_jobscreator/dist/img/blips/sprites/blip_sprite_173.png,658,03_REVIEW_HEX_PHONE_TIMELINE
server/[timeline]/hex_jobscreator/dist/img/blips/sprites/blip_sprite_907.png,_REVIEW_THIRD_PARTY/timeline/hex_jobscreator/dist/img/blips/sprites/blip_sprite_907.png,852,03_REVIEW_HEX_PHONE_TIMELINE
server/[timeline]/hex_jobscreator/dist/img/blips/sprites/blip_sprite_88.png,_REVIEW_THIRD_PARTY/timeline/hex_jobscreator/dist/img/blips/sprites/blip_sprite_88.png,606,03_REVIEW_HEX_PHONE_TIMELINE
server/[timeline]/hex_jobscreator/dist/img/blips/sprites/blip_sprite_381.png,_REVIEW_THIRD_PARTY/timeline/hex_jobscreator/dist/img/blips/sprites/blip_sprite_381.png,1102,03_REVIEW_HEX_PHONE_TIMELINE
server/[timeline]/hex_jobscreator/dist/img/blips/sprites/blip_sprite_578.png,_REVIEW_THIRD_PARTY/timeline/hex_jobscreator/dist/img/blips/sprites/blip_sprite_578.png,892,03_REVIEW_HEX_PHONE_TIMELINE
server/[timeline]/hex_jobscreator/dist/img/blips/sprites/blip_sprite_16.png,_REVIEW_THIRD_PARTY/timeline/hex_jobscreator/dist/img/blips/sprites/blip_sprite_16.png,878,03_REVIEW_HEX_PHONE_TIMELINE
server/[timeline]/hex_jobscreator/dist/img/blips/sprites/blip_sprite_681.png,_REVIEW_THIRD_PARTY/timeline/hex_jobscreator/dist/img/blips/sprites/blip_sprite_681.png,1562,03_REVIEW_HEX_PHONE_TIMELINE
server/[timeline]/hex_jobscreator/dist/img/blips/sprites/blip_sprite_766.png,_REVIEW_THIRD_PARTY/timeline/hex_jobscreator/dist/img/blips/sprites/blip_sprite_766.png,1168,03_REVIEW_HEX_PHONE_TIMELINE
server/[timeline]/hex_jobscreator/dist/img/blips/sprites/blip_sprite_770.png,_REVIEW_THIRD_PARTY/timeline/hex_jobscreator/dist/img/blips/sprites/blip_sprite_770.png,886,03_REVIEW_HEX_PHONE_TIMELINE
server/[timeline]/hex_jobscreator/dist/img/blips/sprites/blip_sprite_72.png,_REVIEW_THIRD_PARTY/timeline/hex_jobscreator/dist/img/blips/sprites/blip_sprite_72.png,930,03_REVIEW_HEX_PHONE_TIMELINE
server/[timeline]/hex_jobscreator/dist/img/blips/sprites/blip_sprite_755.png,_REVIEW_THIRD_PARTY/timeline/hex_jobscreator/dist/img/blips/sprites/blip_sprite_755.png,886,03_REVIEW_HEX_PHONE_TIMELINE
server/[timeline]/hex_jobscreator/dist/img/blips/sprites/blip_sprite_380.png,_REVIEW_THIRD_PARTY/timeline/hex_jobscreator/dist/img/blips/sprites/blip_sprite_380.png,1050,03_REVIEW_HEX_PHONE_TIMELINE
server/[timeline]/hex_jobscreator/dist/img/blips/sprites/blip_sprite_588.png,_REVIEW_THIRD_PARTY/timeline/hex_jobscreator/dist/img/blips/sprites/blip_sprite_588.png,940,03_REVIEW_HEX_PHONE_TIMELINE
server/[timeline]/hex_jobscreator/dist/img/blips/sprites/blip_sprite_110.png,_REVIEW_THIRD_PARTY/timeline/hex_jobscreator/dist/img/blips/sprites/blip_sprite_110.png,848,03_REVIEW_HEX_PHONE_TIMELINE
server/[timeline]/hex_jobscreator/dist/img/blips/sprites/blip_sprite_727.png,_REVIEW_THIRD_PARTY/timeline/hex_jobscreator/dist/img/blips/sprites/blip_sprite_727.png,1152,03_REVIEW_HEX_PHONE_TIMELINE
server/[timeline]/hex_jobscreator/dist/img/blips/sprites/blip_sprite_736.png,_REVIEW_THIRD_PARTY/timeline/hex_jobscreator/dist/img/blips/sprites/blip_sprite_736.png,1348,03_REVIEW_HEX_PHONE_TIMELINE
server/[timeline]/hex_jobscreator/dist/img/blips/sprites/blip_sprite_609.png,_REVIEW_THIRD_PARTY/timeline/hex_jobscreator/dist/img/blips/sprites/blip_sprite_609.png,1824,03_REVIEW_HEX_PHONE_TIMELINE
server/[timeline]/hex_jobscreator/dist/img/blips/sprites/blip_sprite_621.png,_REVIEW_THIRD_PARTY/timeline/hex_jobscreator/dist/img/blips/sprites/blip_sprite_621.png,694,03_REVIEW_HEX_PHONE_TIMELINE
server/[timeline]/hex_jobscreator/dist/img/blips/sprites/blip_sprite_544.png,_REVIEW_THIRD_PARTY/timeline/hex_jobscreator/dist/img/blips/sprites/blip_sprite_544.png,574,03_REVIEW_HEX_PHONE_TIMELINE
server/[timeline]/hex_jobscreator/dist/img/blips/sprites/blip_sprite_481.png,_REVIEW_THIRD_PARTY/timeline/hex_jobscreator/dist/img/blips/sprites/blip_sprite_481.png,1106,03_REVIEW_HEX_PHONE_TIMELINE
server/[timeline]/hex_jobscreator/dist/img/blips/sprites/blip_sprite_531.png,_REVIEW_THIRD_PARTY/timeline/hex_jobscreator/dist/img/blips/sprites/blip_sprite_531.png,814,03_REVIEW_HEX_PHONE_TIMELINE
server/[timeline]/hex_jobscreator/dist/img/blips/sprites/blip_sprite_267.png,_REVIEW_THIRD_PARTY/timeline/hex_jobscreator/dist/img/blips/sprites/blip_sprite_267.png,802,03_REVIEW_HEX_PHONE_TIMELINE
server/[timeline]/hex_jobscreator/dist/img/blips/sprites/blip_sprite_357.png,_REVIEW_THIRD_PARTY/timeline/hex_jobscreator/dist/img/blips/sprites/blip_sprite_357.png,928,03_REVIEW_HEX_PHONE_TIMELINE
server/[timeline]/hex_jobscreator/dist/img/blips/sprites/blip_sprite_550.png,_REVIEW_THIRD_PARTY/timeline/hex_jobscreator/dist/img/blips/sprites/blip_sprite_550.png,1074,03_REVIEW_HEX_PHONE_TIMELINE
server/[timeline]/hex_jobscreator/dist/img/blips/sprites/blip_sprite_760.png,_REVIEW_THIRD_PARTY/timeline/hex_jobscreator/dist/img/blips/sprites/blip_sprite_760.png,936,03_REVIEW_HEX_PHONE_TIMELINE
server/[timeline]/hex_jobscreator/dist/img/blips/sprites/blip_sprite_402.png,_REVIEW_THIRD_PARTY/timeline/hex_jobscreator/dist/img/blips/sprites/blip_sprite_402.png,688,03_REVIEW_HEX_PHONE_TIMELINE
server/[timeline]/hex_jobscreator/dist/img/blips/sprites/blip_sprite_683.png,_REVIEW_THIRD_PARTY/timeline/hex_jobscreator/dist/img/blips/sprites/blip_sprite_683.png,1280,03_REVIEW_HEX_PHONE_TIMELINE
server/[timeline]/hex_jobscreator/dist/img/blips/sprites/blip_sprite_398.png,_REVIEW_THIRD_PARTY/timeline/hex_jobscreator/dist/img/blips/sprites/blip_sprite_398.png,854,03_REVIEW_HEX_PHONE_TIMELINE
server/[timeline]/hex_jobscreator/dist/img/blips/sprites/blip_sprite_663.png,_REVIEW_THIRD_PARTY/timeline/hex_jobscreator/dist/img/blips/sprites/blip_sprite_663.png,968,03_REVIEW_HEX_PHONE_TIMELINE
server/[timeline]/hex_jobscreator/dist/img/blips/sprites/blip_sprite_493.png,_REVIEW_THIRD_PARTY/timeline/hex_jobscreator/dist/img/blips/sprites/blip_sprite_493.png,1048,03_REVIEW_HEX_PHONE_TIMELINE
server/[timeline]/hex_jobscreator/dist/img/blips/sprites/blip_sprite_379.png,_REVIEW_THIRD_PARTY/timeline/hex_jobscreator/dist/img/blips/sprites/blip_sprite_379.png,1002,03_REVIEW_HEX_PHONE_TIMELINE
server/[timeline]/hex_jobscreator/dist/img/blips/sprites/blip_sprite_706.png,_REVIEW_THIRD_PARTY/timeline/hex_jobscreator/dist/img/blips/sprites/blip_sprite_706.png,718,03_REVIEW_HEX_PHONE_TIMELINE
server/[timeline]/hex_jobscreator/dist/img/blips/sprites/blip_sprite_466.png,_REVIEW_THIRD_PARTY/timeline/hex_jobscreator/dist/img/blips/sprites/blip_sprite_466.png,836,03_REVIEW_HEX_PHONE_TIMELINE
server/[timeline]/hex_jobscreator/dist/img/blips/sprites/blip_sprite_150.png,_REVIEW_THIRD_PARTY/timeline/hex_jobscreator/dist/img/blips/sprites/blip_sprite_150.png,776,03_REVIEW_HEX_PHONE_TIMELINE
server/[timeline]/hex_jobscreator/dist/img/blips/sprites/blip_sprite_630.png,_REVIEW_THIRD_PARTY/timeline/hex_jobscreator/dist/img/blips/sprites/blip_sprite_630.png,976,03_REVIEW_HEX_PHONE_TIMELINE
server/[timeline]/hex_jobscreator/dist/img/blips/sprites/blip_sprite_672.png,_REVIEW_THIRD_PARTY/timeline/hex_jobscreator/dist/img/blips/sprites/blip_sprite_672.png,1082,03_REVIEW_HEX_PHONE_TIMELINE
server/[timeline]/hex_jobscreator/dist/img/blips/sprites/blip_sprite_843.png,_REVIEW_THIRD_PARTY/timeline/hex_jobscreator/dist/img/blips/sprites/blip_sprite_843.png,970,03_REVIEW_HEX_PHONE_TIMELINE
server/[timeline]/hex_jobscreator/dist/img/blips/sprites/blip_sprite_801.png,_REVIEW_THIRD_PARTY/timeline/hex_jobscreator/dist/img/blips/sprites/blip_sprite_801.png,1092,03_REVIEW_HEX_PHONE_TIMELINE
server/[timeline]/hex_jobscreator/dist/img/blips/sprites/blip_sprite_355.png,_REVIEW_THIRD_PARTY/timeline/hex_jobscreator/dist/img/blips/sprites/blip_sprite_355.png,910,03_REVIEW_HEX_PHONE_TIMELINE
server/[timeline]/hex_jobscreator/dist/img/blips/sprites/blip_sprite_702.png,_REVIEW_THIRD_PARTY/timeline/hex_jobscreator/dist/img/blips/sprites/blip_sprite_702.png,442,03_REVIEW_HEX_PHONE_TIMELINE
server/[timeline]/hex_jobscreator/dist/img/blips/sprites/blip_sprite_666.png,_REVIEW_THIRD_PARTY/timeline/hex_jobscreator/dist/img/blips/sprites/blip_sprite_666.png,1254,03_REVIEW_HEX_PHONE_TIMELINE
server/[timeline]/hex_jobscreator/dist/img/blips/sprites/blip_sprite_565.png,_REVIEW_THIRD_PARTY/timeline/hex_jobscreator/dist/img/blips/sprites/blip_sprite_565.png,1026,03_REVIEW_HEX_PHONE_TIMELINE
server/[timeline]/hex_jobscreator/dist/img/blips/sprites/blip_sprite_697.png,_REVIEW_THIRD_PARTY/timeline/hex_jobscreator/dist/img/blips/sprites/blip_sprite_697.png,750,03_REVIEW_HEX_PHONE_TIMELINE
server/[timeline]/hex_jobscreator/dist/img/blips/sprites/blip_sprite_749.png,_REVIEW_THIRD_PARTY/timeline/hex_jobscreator/dist/img/blips/sprites/blip_sprite_749.png,1226,03_REVIEW_HEX_PHONE_TIMELINE
server/[timeline]/hex_jobscreator/dist/img/blips/sprites/blip_sprite_85.png,_REVIEW_THIRD_PARTY/timeline/hex_jobscreator/dist/img/blips/sprites/blip_sprite_85.png,1044,03_REVIEW_HEX_PHONE_TIMELINE
server/[timeline]/hex_jobscreator/dist/img/blips/sprites/blip_sprite_174.png,_REVIEW_THIRD_PARTY/timeline/hex_jobscreator/dist/img/blips/sprites/blip_sprite_174.png,752,03_REVIEW_HEX_PHONE_TIMELINE
server/[timeline]/hex_jobscreator/dist/img/blips/sprites/blip_sprite_313.png,_REVIEW_THIRD_PARTY/timeline/hex_jobscreator/dist/img/blips/sprites/blip_sprite_313.png,1416,03_REVIEW_HEX_PHONE_TIMELINE
server/[timeline]/hex_jobscreator/dist/img/blips/sprites/blip_sprite_541.png,_REVIEW_THIRD_PARTY/timeline/hex_jobscreator/dist/img/blips/sprites/blip_sprite_541.png,964,03_REVIEW_HEX_PHONE_TIMELINE
server/[timeline]/hex_jobscreator/dist/img/blips/sprites/blip_sprite_611.png,_REVIEW_THIRD_PARTY/timeline/hex_jobscreator/dist/img/blips/sprites/blip_sprite_611.png,972,03_REVIEW_HEX_PHONE_TIMELINE
server/[timeline]/hex_jobscreator/dist/img/blips/sprites/blip_sprite_604.png,_REVIEW_THIRD_PARTY/timeline/hex_jobscreator/dist/img/blips/sprites/blip_sprite_604.png,334,03_REVIEW_HEX_PHONE_TIMELINE
server/[timeline]/hex_jobscreator/dist/img/blips/sprites/blip_sprite_756.png,_REVIEW_THIRD_PARTY/timeline/hex_jobscreator/dist/img/blips/sprites/blip_sprite_756.png,998,03_REVIEW_HEX_PHONE_TIMELINE
server/[timeline]/hex_jobscreator/dist/img/blips/sprites/blip_sprite_382.png,_REVIEW_THIRD_PARTY/timeline/hex_jobscreator/dist/img/blips/sprites/blip_sprite_382.png,1072,03_REVIEW_HEX_PHONE_TIMELINE
server/[timeline]/hex_jobscreator/dist/img/blips/sprites/blip_sprite_534.png,_REVIEW_THIRD_PARTY/timeline/hex_jobscreator/dist/img/blips/sprites/blip_sprite_534.png,870,03_REVIEW_HEX_PHONE_TIMELINE
server/[timeline]/hex_jobscreator/dist/img/blips/sprites/blip_sprite_229.png,_REVIEW_THIRD_PARTY/timeline/hex_jobscreator/dist/img/blips/sprites/blip_sprite_229.png,1038,03_REVIEW_HEX_PHONE_TIMELINE
server/[timeline]/hex_jobscreator/dist/img/blips/sprites/blip_sprite_898.png,_REVIEW_THIRD_PARTY/timeline/hex_jobscreator/dist/img/blips/sprites/blip_sprite_898.png,896,03_REVIEW_HEX_PHONE_TIMELINE
server/[timeline]/hex_jobscreator/dist/img/blips/sprites/blip_sprite_873.png,_REVIEW_THIRD_PARTY/timeline/hex_jobscreator/dist/img/blips/sprites/blip_sprite_873.png,818,03_REVIEW_HEX_PHONE_TIMELINE
server/[timeline]/hex_jobscreator/dist/img/blips/sprites/blip_sprite_618.png,_REVIEW_THIRD_PARTY/timeline/hex_jobscreator/dist/img/blips/sprites/blip_sprite_618.png,750,03_REVIEW_HEX_PHONE_TIMELINE
server/[timeline]/hex_jobscreator/dist/img/blips/sprites/blip_sprite_701.png,_REVIEW_THIRD_PARTY/timeline/hex_jobscreator/dist/img/blips/sprites/blip_sprite_701.png,792,03_REVIEW_HEX_PHONE_TIMELINE
server/[timeline]/hex_jobscreator/dist/img/blips/sprites/blip_sprite_436.png,_REVIEW_THIRD_PARTY/timeline/hex_jobscreator/dist/img/blips/sprites/blip_sprite_436.png,1042,03_REVIEW_HEX_PHONE_TIMELINE
server/[timeline]/hex_jobscreator/dist/img/blips/sprites/blip_sprite_856.png,_REVIEW_THIRD_PARTY/timeline/hex_jobscreator/dist/img/blips/sprites/blip_sprite_856.png,928,03_REVIEW_HEX_PHONE_TIMELINE
server/[timeline]/hex_jobscreator/dist/img/blips/sprites/blip_sprite_316.png,_REVIEW_THIRD_PARTY/timeline/hex_jobscreator/dist/img/blips/sprites/blip_sprite_316.png,1040,03_REVIEW_HEX_PHONE_TIMELINE
server/[timeline]/hex_jobscreator/dist/img/blips/sprites/blip_sprite_865.png,_REVIEW_THIRD_PARTY/timeline/hex_jobscreator/dist/img/blips/sprites/blip_sprite_865.png,906,03_REVIEW_HEX_PHONE_TIMELINE
server/[timeline]/hex_jobscreator/dist/img/blips/sprites/blip_sprite_163.png,_REVIEW_THIRD_PARTY/timeline/hex_jobscreator/dist/img/blips/sprites/blip_sprite_163.png,660,03_REVIEW_HEX_PHONE_TIMELINE
server/[timeline]/hex_jobscreator/dist/img/blips/sprites/blip_sprite_310.png,_REVIEW_THIRD_PARTY/timeline/hex_jobscreator/dist/img/blips/sprites/blip_sprite_310.png,1096,03_REVIEW_HEX_PHONE_TIMELINE
server/[timeline]/hex_jobscreator/dist/img/blips/sprites/blip_sprite_613.png,_REVIEW_THIRD_PARTY/timeline/hex_jobscreator/dist/img/blips/sprites/blip_sprite_613.png,770,03_REVIEW_HEX_PHONE_TIMELINE
server/[timeline]/hex_jobscreator/dist/img/blips/sprites/blip_sprite_568.png,_REVIEW_THIRD_PARTY/timeline/hex_jobscreator/dist/img/blips/sprites/blip_sprite_568.png,628,03_REVIEW_HEX_PHONE_TIMELINE
server/[timeline]/hex_jobscreator/dist/img/blips/sprites/blip_sprite_710.png,_REVIEW_THIRD_PARTY/timeline/hex_jobscreator/dist/img/blips/sprites/blip_sprite_710.png,838,03_REVIEW_HEX_PHONE_TIMELINE
server/[timeline]/hex_jobscreator/dist/img/blips/sprites/blip_sprite_612.png,_REVIEW_THIRD_PARTY/timeline/hex_jobscreator/dist/img/blips/sprites/blip_sprite_612.png,978,03_REVIEW_HEX_PHONE_TIMELINE
server/[timeline]/hex_jobscreator/dist/img/blips/sprites/blip_sprite_651.png,_REVIEW_THIRD_PARTY/timeline/hex_jobscreator/dist/img/blips/sprites/blip_sprite_651.png,810,03_REVIEW_HEX_PHONE_TIMELINE
server/[timeline]/hex_jobscreator/dist/img/blips/sprites/blip_sprite_548.png,_REVIEW_THIRD_PARTY/timeline/hex_jobscreator/dist/img/blips/sprites/blip_sprite_548.png,714,03_REVIEW_HEX_PHONE_TIMELINE
server/[timeline]/hex_jobscreator/dist/img/blips/sprites/blip_sprite_764.png,_REVIEW_THIRD_PARTY/timeline/hex_jobscreator/dist/img/blips/sprites/blip_sprite_764.png,674,03_REVIEW_HEX_PHONE_TIMELINE
server/[timeline]/hex_jobscreator/dist/img/blips/sprites/blip_sprite_917.png,_REVIEW_THIRD_PARTY/timeline/hex_jobscreator/dist/img/blips/sprites/blip_sprite_917.png,926,03_REVIEW_HEX_PHONE_TIMELINE
server/[timeline]/hex_jobscreator/dist/img/blips/sprites/blip_sprite_308.png,_REVIEW_THIRD_PARTY/timeline/hex_jobscreator/dist/img/blips/sprites/blip_sprite_308.png,896,03_REVIEW_HEX_PHONE_TIMELINE
server/[timeline]/hex_jobscreator/dist/img/blips/sprites/blip_sprite_721.png,_REVIEW_THIRD_PARTY/timeline/hex_jobscreator/dist/img/blips/sprites/blip_sprite_721.png,872,03_REVIEW_HEX_PHONE_TIMELINE
server/[timeline]/hex_jobscreator/dist/img/blips/sprites/blip_sprite_435.png,_REVIEW_THIRD_PARTY/timeline/hex_jobscreator/dist/img/blips/sprites/blip_sprite_435.png,1042,03_REVIEW_HEX_PHONE_TIMELINE
server/[timeline]/hex_jobscreator/dist/img/blips/sprites/blip_sprite_463.png,_REVIEW_THIRD_PARTY/timeline/hex_jobscreator/dist/img/blips/sprites/blip_sprite_463.png,882,03_REVIEW_HEX_PHONE_TIMELINE
server/[timeline]/hex_jobscreator/dist/img/blips/sprites/blip_sprite_119.png,_REVIEW_THIRD_PARTY/timeline/hex_jobscreator/dist/img/blips/sprites/blip_sprite_119.png,1052,03_REVIEW_HEX_PHONE_TIMELINE
server/[timeline]/hex_jobscreator/dist/img/blips/sprites/blip_sprite_367.png,_REVIEW_THIRD_PARTY/timeline/hex_jobscreator/dist/img/blips/sprites/blip_sprite_367.png,652,03_REVIEW_HEX_PHONE_TIMELINE
server/[timeline]/hex_jobscreator/dist/img/blips/sprites/blip_sprite_835.png,_REVIEW_THIRD_PARTY/timeline/hex_jobscreator/dist/img/blips/sprites/blip_sprite_835.png,756,03_REVIEW_HEX_PHONE_TIMELINE
server/[timeline]/hex_jobscreator/dist/img/blips/sprites/blip_sprite_660.png,_REVIEW_THIRD_PARTY/timeline/hex_jobscreator/dist/img/blips/sprites/blip_sprite_660.png,1216,03_REVIEW_HEX_PHONE_TIMELINE
server/[timeline]/hex_jobscreator/dist/img/blips/sprites/blip_sprite_567.png,_REVIEW_THIRD_PARTY/timeline/hex_jobscreator/dist/img/blips/sprites/blip_sprite_567.png,724,03_REVIEW_HEX_PHONE_TIMELINE
server/[timeline]/hex_jobscreator/dist/img/blips/sprites/blip_sprite_642.png,_REVIEW_THIRD_PARTY/timeline/hex_jobscreator/dist/img/blips/sprites/blip_sprite_642.png,1508,03_REVIEW_HEX_PHONE_TIMELINE
server/[timeline]/hex_jobscreator/dist/img/blips/sprites/blip_sprite_1.png,_REVIEW_THIRD_PARTY/timeline/hex_jobscreator/dist/img/blips/sprites/blip_sprite_1.png,682,03_REVIEW_HEX_PHONE_TIMELINE
server/[timeline]/hex_jobscreator/dist/img/blips/sprites/blip_sprite_409.png,_REVIEW_THIRD_PARTY/timeline/hex_jobscreator/dist/img/blips/sprites/blip_sprite_409.png,912,03_REVIEW_HEX_PHONE_TIMELINE
server/[timeline]/hex_jobscreator/dist/img/blips/sprites/blip_sprite_314.png,_REVIEW_THIRD_PARTY/timeline/hex_jobscreator/dist/img/blips/sprites/blip_sprite_314.png,1140,03_REVIEW_HEX_PHONE_TIMELINE
server/[timeline]/hex_jobscreator/dist/img/blips/sprites/blip_sprite_627.png,_REVIEW_THIRD_PARTY/timeline/hex_jobscreator/dist/img/blips/sprites/blip_sprite_627.png,1628,03_REVIEW_HEX_PHONE_TIMELINE
server/[timeline]/hex_jobscreator/dist/img/blips/sprites/blip_sprite_559.png,_REVIEW_THIRD_PARTY/timeline/hex_jobscreator/dist/img/blips/sprites/blip_sprite_559.png,966,03_REVIEW_HEX_PHONE_TIMELINE
server/[timeline]/hex_jobscreator/dist/img/blips/sprites/blip_sprite_711.png,_REVIEW_THIRD_PARTY/timeline/hex_jobscreator/dist/img/blips/sprites/blip_sprite_711.png,624,03_REVIEW_HEX_PHONE_TIMELINE
server/[timeline]/hex_jobscreator/dist/img/blips/sprites/blip_sprite_896.png,_REVIEW_THIRD_PARTY/timeline/hex_jobscreator/dist/img/blips/sprites/blip_sprite_896.png,1150,03_REVIEW_HEX_PHONE_TIMELINE
server/[timeline]/hex_jobscreator/dist/img/blips/sprites/blip_sprite_437.png,_REVIEW_THIRD_PARTY/timeline/hex_jobscreator/dist/img/blips/sprites/blip_sprite_437.png,1302,03_REVIEW_HEX_PHONE_TIMELINE
server/[timeline]/hex_jobscreator/dist/img/blips/sprites/blip_sprite_90.png,_REVIEW_THIRD_PARTY/timeline/hex_jobscreator/dist/img/blips/sprites/blip_sprite_90.png,1054,03_REVIEW_HEX_PHONE_TIMELINE
server/[timeline]/hex_jobscreator/dist/img/blips/sprites/blip_sprite_838.png,_REVIEW_THIRD_PARTY/timeline/hex_jobscreator/dist/img/blips/sprites/blip_sprite_838.png,938,03_REVIEW_HEX_PHONE_TIMELINE
server/[timeline]/hex_jobscreator/dist/img/blips/sprites/blip_sprite_823.png,_REVIEW_THIRD_PARTY/timeline/hex_jobscreator/dist/img/blips/sprites/blip_sprite_823.png,1062,03_REVIEW_HEX_PHONE_TIMELINE
server/[timeline]/hex_jobscreator/dist/img/blips/sprites/blip_sprite_378.png,_REVIEW_THIRD_PARTY/timeline/hex_jobscreator/dist/img/blips/sprites/blip_sprite_378.png,1460,03_REVIEW_HEX_PHONE_TIMELINE
server/[timeline]/hex_jobscreator/dist/img/blips/sprites/blip_sprite_703.png,_REVIEW_THIRD_PARTY/timeline/hex_jobscreator/dist/img/blips/sprites/blip_sprite_703.png,788,03_REVIEW_HEX_PHONE_TIMELINE
server/[timeline]/hex_jobscreator/dist/img/blips/sprites/blip_sprite_713.png,_REVIEW_THIRD_PARTY/timeline/hex_jobscreator/dist/img/blips/sprites/blip_sprite_713.png,628,03_REVIEW_HEX_PHONE_TIMELINE
server/[timeline]/hex_jobscreator/dist/img/blips/sprites/blip_sprite_694.png,_REVIEW_THIRD_PARTY/timeline/hex_jobscreator/dist/img/blips/sprites/blip_sprite_694.png,694,03_REVIEW_HEX_PHONE_TIMELINE
server/[timeline]/hex_jobscreator/dist/img/blips/sprites/blip_sprite_472.png,_REVIEW_THIRD_PARTY/timeline/hex_jobscreator/dist/img/blips/sprites/blip_sprite_472.png,758,03_REVIEW_HEX_PHONE_TIMELINE
server/[timeline]/hex_jobscreator/dist/img/blips/sprites/blip_sprite_528.png,_REVIEW_THIRD_PARTY/timeline/hex_jobscreator/dist/img/blips/sprites/blip_sprite_528.png,1076,03_REVIEW_HEX_PHONE_TIMELINE
server/[timeline]/hex_jobscreator/dist/img/blips/sprites/blip_sprite_427.png,_REVIEW_THIRD_PARTY/timeline/hex_jobscreator/dist/img/blips/sprites/blip_sprite_427.png,880,03_REVIEW_HEX_PHONE_TIMELINE
server/[timeline]/hex_jobscreator/dist/img/blips/sprites/blip_sprite_71.png,_REVIEW_THIRD_PARTY/timeline/hex_jobscreator/dist/img/blips/sprites/blip_sprite_71.png,1214,03_REVIEW_HEX_PHONE_TIMELINE
server/[timeline]/hex_jobscreator/dist/img/blips/sprites/blip_sprite_569.png,_REVIEW_THIRD_PARTY/timeline/hex_jobscreator/dist/img/blips/sprites/blip_sprite_569.png,810,03_REVIEW_HEX_PHONE_TIMELINE
server/[timeline]/hex_jobscreator/dist/img/blips/sprites/blip_sprite_93.png,_REVIEW_THIRD_PARTY/timeline/hex_jobscreator/dist/img/blips/sprites/blip_sprite_93.png,1006,03_REVIEW_HEX_PHONE_TIMELINE
server/[timeline]/hex_jobscreator/dist/img/blips/sprites/blip_sprite_855.png,_REVIEW_THIRD_PARTY/timeline/hex_jobscreator/dist/img/blips/sprites/blip_sprite_855.png,856,03_REVIEW_HEX_PHONE_TIMELINE
server/[timeline]/hex_jobscreator/dist/img/blips/sprites/blip_sprite_549.png,_REVIEW_THIRD_PARTY/timeline/hex_jobscreator/dist/img/blips/sprites/blip_sprite_549.png,684,03_REVIEW_HEX_PHONE_TIMELINE
server/[timeline]/hex_jobscreator/dist/img/blips/sprites/blip_sprite_606.png,_REVIEW_THIRD_PARTY/timeline/hex_jobscreator/dist/img/blips/sprites/blip_sprite_606.png,736,03_REVIEW_HEX_PHONE_TIMELINE
server/[timeline]/hex_jobscreator/dist/img/blips/sprites/blip_sprite_432.png,_REVIEW_THIRD_PARTY/timeline/hex_jobscreator/dist/img/blips/sprites/blip_sprite_432.png,902,03_REVIEW_HEX_PHONE_TIMELINE
server/[timeline]/hex_jobscreator/dist/img/blips/sprites/blip_sprite_255.png,_REVIEW_THIRD_PARTY/timeline/hex_jobscreator/dist/img/blips/sprites/blip_sprite_255.png,716,03_REVIEW_HEX_PHONE_TIMELINE
server/[timeline]/hex_jobscreator/dist/img/blips/sprites/blip_sprite_583.png,_REVIEW_THIRD_PARTY/timeline/hex_jobscreator/dist/img/blips/sprites/blip_sprite_583.png,722,03_REVIEW_HEX_PHONE_TIMELINE
server/[timeline]/hex_jobscreator/dist/img/blips/sprites/blip_sprite_274.png,_REVIEW_THIRD_PARTY/timeline/hex_jobscreator/dist/img/blips/sprites/blip_sprite_274.png,466,03_REVIEW_HEX_PHONE_TIMELINE
server/[timeline]/hex_jobscreator/dist/img/blips/sprites/blip_sprite_652.png,_REVIEW_THIRD_PARTY/timeline/hex_jobscreator/dist/img/blips/sprites/blip_sprite_652.png,626,03_REVIEW_HEX_PHONE_TIMELINE
server/[timeline]/hex_jobscreator/dist/img/blips/sprites/blip_sprite_158.png,_REVIEW_THIRD_PARTY/timeline/hex_jobscreator/dist/img/blips/sprites/blip_sprite_158.png,642,03_REVIEW_HEX_PHONE_TIMELINE
server/[timeline]/hex_jobscreator/dist/img/blips/sprites/blip_sprite_734.png,_REVIEW_THIRD_PARTY/timeline/hex_jobscreator/dist/img/blips/sprites/blip_sprite_734.png,1674,03_REVIEW_HEX_PHONE_TIMELINE
server/[timeline]/hex_jobscreator/dist/img/blips/sprites/blip_sprite_718.png,_REVIEW_THIRD_PARTY/timeline/hex_jobscreator/dist/img/blips/sprites/blip_sprite_718.png,618,03_REVIEW_HEX_PHONE_TIMELINE
server/[timeline]/hex_jobscreator/dist/img/blips/sprites/blip_sprite_908.png,_REVIEW_THIRD_PARTY/timeline/hex_jobscreator/dist/img/blips/sprites/blip_sprite_908.png,778,03_REVIEW_HEX_PHONE_TIMELINE
server/[timeline]/hex_jobscreator/dist/img/blips/sprites/blip_sprite_743.png,_REVIEW_THIRD_PARTY/timeline/hex_jobscreator/dist/img/blips/sprites/blip_sprite_743.png,752,03_REVIEW_HEX_PHONE_TIMELINE
server/[timeline]/hex_jobscreator/dist/img/blips/sprites/blip_sprite_197.png,_REVIEW_THIRD_PARTY/timeline/hex_jobscreator/dist/img/blips/sprites/blip_sprite_197.png,1256,03_REVIEW_HEX_PHONE_TIMELINE
server/[timeline]/hex_jobscreator/dist/img/blips/sprites/blip_sprite_665.png,_REVIEW_THIRD_PARTY/timeline/hex_jobscreator/dist/img/blips/sprites/blip_sprite_665.png,1180,03_REVIEW_HEX_PHONE_TIMELINE
server/[timeline]/hex_jobscreator/dist/img/blips/sprites/blip_sprite_792.png,_REVIEW_THIRD_PARTY/timeline/hex_jobscreator/dist/img/blips/sprites/blip_sprite_792.png,1042,03_REVIEW_HEX_PHONE_TIMELINE
server/[timeline]/hex_jobscreator/dist/img/blips/sprites/blip_sprite_778.png,_REVIEW_THIRD_PARTY/timeline/hex_jobscreator/dist/img/blips/sprites/blip_sprite_778.png,1438,03_REVIEW_HEX_PHONE_TIMELINE
server/[timeline]/hex_jobscreator/dist/img/blips/sprites/blip_sprite_100.png,_REVIEW_THIRD_PARTY/timeline/hex_jobscreator/dist/img/blips/sprites/blip_sprite_100.png,1018,03_REVIEW_HEX_PHONE_TIMELINE
server/[timeline]/hex_jobscreator/dist/img/blips/sprites/blip_sprite_563.png,_REVIEW_THIRD_PARTY/timeline/hex_jobscreator/dist/img/blips/sprites/blip_sprite_563.png,912,03_REVIEW_HEX_PHONE_TIMELINE
server/[timeline]/hex_jobscreator/dist/img/blips/sprites/blip_sprite_475.png,_REVIEW_THIRD_PARTY/timeline/hex_jobscreator/dist/img/blips/sprites/blip_sprite_475.png,838,03_REVIEW_HEX_PHONE_TIMELINE
server/[timeline]/hex_jobscreator/dist/img/blips/sprites/blip_sprite_688.png,_REVIEW_THIRD_PARTY/timeline/hex_jobscreator/dist/img/blips/sprites/blip_sprite_688.png,680,03_REVIEW_HEX_PHONE_TIMELINE
server/[timeline]/hex_jobscreator/dist/img/blips/sprites/blip_sprite_901.png,_REVIEW_THIRD_PARTY/timeline/hex_jobscreator/dist/img/blips/sprites/blip_sprite_901.png,1628,03_REVIEW_HEX_PHONE_TIMELINE
server/[timeline]/hex_jobscreator/dist/img/blips/sprites/blip_sprite_914.png,_REVIEW_THIRD_PARTY/timeline/hex_jobscreator/dist/img/blips/sprites/blip_sprite_914.png,816,03_REVIEW_HEX_PHONE_TIMELINE
server/[timeline]/hex_jobscreator/dist/img/blips/sprites/blip_sprite_775.png,_REVIEW_THIRD_PARTY/timeline/hex_jobscreator/dist/img/blips/sprites/blip_sprite_775.png,1144,03_REVIEW_HEX_PHONE_TIMELINE
server/[timeline]/hex_jobscreator/dist/img/blips/sprites/blip_sprite_135.png,_REVIEW_THIRD_PARTY/timeline/hex_jobscreator/dist/img/blips/sprites/blip_sprite_135.png,916,03_REVIEW_HEX_PHONE_TIMELINE
server/[timeline]/hex_jobscreator/dist/img/blips/sprites/blip_sprite_484.png,_REVIEW_THIRD_PARTY/timeline/hex_jobscreator/dist/img/blips/sprites/blip_sprite_484.png,830,03_REVIEW_HEX_PHONE_TIMELINE
server/[timeline]/hex_jobscreator/dist/img/blips/sprites/blip_sprite_752.png,_REVIEW_THIRD_PARTY/timeline/hex_jobscreator/dist/img/blips/sprites/blip_sprite_752.png,978,03_REVIEW_HEX_PHONE_TIMELINE
server/[timeline]/hex_jobscreator/dist/img/blips/sprites/blip_sprite_639.png,_REVIEW_THIRD_PARTY/timeline/hex_jobscreator/dist/img/blips/sprites/blip_sprite_639.png,956,03_REVIEW_HEX_PHONE_TIMELINE
server/[timeline]/hex_jobscreator/dist/img/blips/sprites/blip_sprite_747.png,_REVIEW_THIRD_PARTY/timeline/hex_jobscreator/dist/img/blips/sprites/blip_sprite_747.png,1142,03_REVIEW_HEX_PHONE_TIMELINE
server/[timeline]/hex_jobscreator/dist/img/blips/sprites/blip_sprite_60.png,_REVIEW_THIRD_PARTY/timeline/hex_jobscreator/dist/img/blips/sprites/blip_sprite_60.png,1078,03_REVIEW_HEX_PHONE_TIMELINE
server/[timeline]/hex_jobscreator/dist/img/blips/sprites/blip_sprite_587.png,_REVIEW_THIRD_PARTY/timeline/hex_jobscreator/dist/img/blips/sprites/blip_sprite_587.png,710,03_REVIEW_HEX_PHONE_TIMELINE
server/[timeline]/hex_jobscreator/dist/img/blips/sprites/blip_sprite_543.png,_REVIEW_THIRD_PARTY/timeline/hex_jobscreator/dist/img/blips/sprites/blip_sprite_543.png,1042,03_REVIEW_HEX_PHONE_TIMELINE
server/[timeline]/hex_jobscreator/dist/img/blips/sprites/blip_sprite_582.png,_REVIEW_THIRD_PARTY/timeline/hex_jobscreator/dist/img/blips/sprites/blip_sprite_582.png,976,03_REVIEW_HEX_PHONE_TIMELINE
server/[timeline]/hex_jobscreator/dist/img/blips/sprites/blip_sprite_872.png,_REVIEW_THIRD_PARTY/timeline/hex_jobscreator/dist/img/blips/sprites/blip_sprite_872.png,1440,03_REVIEW_HEX_PHONE_TIMELINE
server/[timeline]/hex_jobscreator/dist/img/blips/sprites/blip_sprite_285.png,_REVIEW_THIRD_PARTY/timeline/hex_jobscreator/dist/img/blips/sprites/blip_sprite_285.png,754,03_REVIEW_HEX_PHONE_TIMELINE
server/[timeline]/hex_jobscreator/dist/img/blips/sprites/blip_sprite_577.png,_REVIEW_THIRD_PARTY/timeline/hex_jobscreator/dist/img/blips/sprites/blip_sprite_577.png,614,03_REVIEW_HEX_PHONE_TIMELINE
server/[timeline]/hex_jobscreator/dist/img/blips/sprites/blip_sprite_798.png,_REVIEW_THIRD_PARTY/timeline/hex_jobscreator/dist/img/blips/sprites/blip_sprite_798.png,1052,03_REVIEW_HEX_PHONE_TIMELINE
server/[timeline]/hex_jobscreator/dist/img/blips/sprites/blip_sprite_719.png,_REVIEW_THIRD_PARTY/timeline/hex_jobscreator/dist/img/blips/sprites/blip_sprite_719.png,812,03_REVIEW_HEX_PHONE_TIMELINE
server/[timeline]/hex_jobscreator/dist/img/blips/sprites/blip_sprite_561.png,_REVIEW_THIRD_PARTY/timeline/hex_jobscreator/dist/img/blips/sprites/blip_sprite_561.png,908,03_REVIEW_HEX_PHONE_TIMELINE
server/[timeline]/hex_jobscreator/dist/img/blips/sprites/blip_sprite_442.png,_REVIEW_THIRD_PARTY/timeline/hex_jobscreator/dist/img/blips/sprites/blip_sprite_442.png,1152,03_REVIEW_HEX_PHONE_TIMELINE
server/[timeline]/hex_jobscreator/dist/img/blips/sprites/blip_sprite_780.png,_REVIEW_THIRD_PARTY/timeline/hex_jobscreator/dist/img/blips/sprites/blip_sprite_780.png,1202,03_REVIEW_HEX_PHONE_TIMELINE
server/[timeline]/hex_jobscreator/dist/img/blips/sprites/blip_sprite_795.png,_REVIEW_THIRD_PARTY/timeline/hex_jobscreator/dist/img/blips/sprites/blip_sprite_795.png,1258,03_REVIEW_HEX_PHONE_TIMELINE
server/[timeline]/hex_jobscreator/dist/img/blips/sprites/blip_sprite_43.png,_REVIEW_THIRD_PARTY/timeline/hex_jobscreator/dist/img/blips/sprites/blip_sprite_43.png,886,03_REVIEW_HEX_PHONE_TIMELINE
server/[timeline]/hex_jobscreator/dist/img/blips/sprites/blip_sprite_643.png,_REVIEW_THIRD_PARTY/timeline/hex_jobscreator/dist/img/blips/sprites/blip_sprite_643.png,1520,03_REVIEW_HEX_PHONE_TIMELINE
server/[timeline]/hex_jobscreator/dist/img/blips/sprites/blip_sprite_460.png,_REVIEW_THIRD_PARTY/timeline/hex_jobscreator/dist/img/blips/sprites/blip_sprite_460.png,902,03_REVIEW_HEX_PHONE_TIMELINE
server/[timeline]/hex_jobscreator/dist/img/blips/sprites/blip_sprite_102.png,_REVIEW_THIRD_PARTY/timeline/hex_jobscreator/dist/img/blips/sprites/blip_sprite_102.png,1254,03_REVIEW_HEX_PHONE_TIMELINE
server/[timeline]/hex_jobscreator/dist/img/blips/sprites/blip_sprite_556.png,_REVIEW_THIRD_PARTY/timeline/hex_jobscreator/dist/img/blips/sprites/blip_sprite_556.png,1144,03_REVIEW_HEX_PHONE_TIMELINE
server/[timeline]/hex_jobscreator/dist/img/blips/sprites/blip_sprite_794.png,_REVIEW_THIRD_PARTY/timeline/hex_jobscreator/dist/img/blips/sprites/blip_sprite_794.png,1162,03_REVIEW_HEX_PHONE_TIMELINE
server/[timeline]/hex_jobscreator/dist/img/blips/sprites/blip_sprite_876.png,_REVIEW_THIRD_PARTY/timeline/hex_jobscreator/dist/img/blips/sprites/blip_sprite_876.png,1278,03_REVIEW_HEX_PHONE_TIMELINE
server/[timeline]/hex_jobscreator/dist/img/blips/sprites/blip_sprite_911.png,_REVIEW_THIRD_PARTY/timeline/hex_jobscreator/dist/img/blips/sprites/blip_sprite_911.png,858,03_REVIEW_HEX_PHONE_TIMELINE
server/[timeline]/hex_jobscreator/dist/img/blips/sprites/blip_sprite_619.png,_REVIEW_THIRD_PARTY/timeline/hex_jobscreator/dist/img/blips/sprites/blip_sprite_619.png,676,03_REVIEW_HEX_PHONE_TIMELINE
server/[timeline]/hex_jobscreator/dist/img/blips/sprites/blip_sprite_539.png,_REVIEW_THIRD_PARTY/timeline/hex_jobscreator/dist/img/blips/sprites/blip_sprite_539.png,800,03_REVIEW_HEX_PHONE_TIMELINE
server/[timeline]/hex_jobscreator/dist/img/blips/sprites/blip_sprite_75.png,_REVIEW_THIRD_PARTY/timeline/hex_jobscreator/dist/img/blips/sprites/blip_sprite_75.png,1202,03_REVIEW_HEX_PHONE_TIMELINE
server/[timeline]/hex_jobscreator/dist/img/blips/sprites/blip_sprite_431.png,_REVIEW_THIRD_PARTY/timeline/hex_jobscreator/dist/img/blips/sprites/blip_sprite_431.png,848,03_REVIEW_HEX_PHONE_TIMELINE
server/[timeline]/hex_jobscreator/dist/img/blips/sprites/blip_sprite_875.png,_REVIEW_THIRD_PARTY/timeline/hex_jobscreator/dist/img/blips/sprites/blip_sprite_875.png,880,03_REVIEW_HEX_PHONE_TIMELINE
server/[timeline]/hex_jobscreator/dist/img/blips/sprites/blip_sprite_617.png,_REVIEW_THIRD_PARTY/timeline/hex_jobscreator/dist/img/blips/sprites/blip_sprite_617.png,932,03_REVIEW_HEX_PHONE_TIMELINE
server/[timeline]/hex_jobscreator/dist/img/blips/sprites/blip_sprite_753.png,_REVIEW_THIRD_PARTY/timeline/hex_jobscreator/dist/img/blips/sprites/blip_sprite_753.png,1106,03_REVIEW_HEX_PHONE_TIMELINE
server/[timeline]/hex_jobscreator/dist/img/blips/sprites/blip_sprite_279.png,_REVIEW_THIRD_PARTY/timeline/hex_jobscreator/dist/img/blips/sprites/blip_sprite_279.png,1010,03_REVIEW_HEX_PHONE_TIMELINE
server/[timeline]/hex_jobscreator/dist/img/blips/sprites/blip_sprite_673.png,_REVIEW_THIRD_PARTY/timeline/hex_jobscreator/dist/img/blips/sprites/blip_sprite_673.png,1752,03_REVIEW_HEX_PHONE_TIMELINE
server/[timeline]/hex_jobscreator/dist/img/blips/sprites/blip_sprite_156.png,_REVIEW_THIRD_PARTY/timeline/hex_jobscreator/dist/img/blips/sprites/blip_sprite_156.png,558,03_REVIEW_HEX_PHONE_TIMELINE
server/[timeline]/hex_jobscreator/dist/img/blips/sprites/blip_sprite_733.png,_REVIEW_THIRD_PARTY/timeline/hex_jobscreator/dist/img/blips/sprites/blip_sprite_733.png,904,03_REVIEW_HEX_PHONE_TIMELINE
server/[timeline]/hex_jobscreator/dist/img/blips/sprites/blip_sprite_829.png,_REVIEW_THIRD_PARTY/timeline/hex_jobscreator/dist/img/blips/sprites/blip_sprite_829.png,1282,03_REVIEW_HEX_PHONE_TIMELINE
server/[timeline]/hex_jobscreator/dist/img/blips/sprites/blip_sprite_514.png,_REVIEW_THIRD_PARTY/timeline/hex_jobscreator/dist/img/blips/sprites/blip_sprite_514.png,912,03_REVIEW_HEX_PHONE_TIMELINE
server/[timeline]/hex_jobscreator/dist/img/blips/sprites/blip_sprite_155.png,_REVIEW_THIRD_PARTY/timeline/hex_jobscreator/dist/img/blips/sprites/blip_sprite_155.png,448,03_REVIEW_HEX_PHONE_TIMELINE
server/[timeline]/hex_jobscreator/dist/img/blips/sprites/blip_sprite_707.png,_REVIEW_THIRD_PARTY/timeline/hex_jobscreator/dist/img/blips/sprites/blip_sprite_707.png,592,03_REVIEW_HEX_PHONE_TIMELINE
server/[timeline]/hex_jobscreator/dist/img/blips/sprites/blip_sprite_915.png,_REVIEW_THIRD_PARTY/timeline/hex_jobscreator/dist/img/blips/sprites/blip_sprite_915.png,846,03_REVIEW_HEX_PHONE_TIMELINE
server/[timeline]/hex_jobscreator/dist/img/blips/sprites/blip_sprite_152.png,_REVIEW_THIRD_PARTY/timeline/hex_jobscreator/dist/img/blips/sprites/blip_sprite_152.png,562,03_REVIEW_HEX_PHONE_TIMELINE
server/[timeline]/hex_jobscreator/dist/img/blips/sprites/blip_sprite_487.png,_REVIEW_THIRD_PARTY/timeline/hex_jobscreator/dist/img/blips/sprites/blip_sprite_487.png,812,03_REVIEW_HEX_PHONE_TIMELINE
server/[timeline]/hex_jobscreator/dist/img/blips/sprites/blip_sprite_277.png,_REVIEW_THIRD_PARTY/timeline/hex_jobscreator/dist/img/blips/sprites/blip_sprite_277.png,750,03_REVIEW_HEX_PHONE_TIMELINE
server/[timeline]/hex_jobscreator/dist/img/blips/sprites/blip_sprite_545.png,_REVIEW_THIRD_PARTY/timeline/hex_jobscreator/dist/img/blips/sprites/blip_sprite_545.png,1194,03_REVIEW_HEX_PHONE_TIMELINE
server/[timeline]/hex_jobscreator/dist/img/blips/sprites/blip_sprite_492.png,_REVIEW_THIRD_PARTY/timeline/hex_jobscreator/dist/img/blips/sprites/blip_sprite_492.png,940,03_REVIEW_HEX_PHONE_TIMELINE
server/[timeline]/hex_jobscreator/dist/img/blips/sprites/blip_sprite_831.png,_REVIEW_THIRD_PARTY/timeline/hex_jobscreator/dist/img/blips/sprites/blip_sprite_831.png,1110,03_REVIEW_HEX_PHONE_TIMELINE
server/[timeline]/hex_jobscreator/dist/img/blips/sprites/blip_sprite_625.png,_REVIEW_THIRD_PARTY/timeline/hex_jobscreator/dist/img/blips/sprites/blip_sprite_625.png,786,03_REVIEW_HEX_PHONE_TIMELINE
server/[timeline]/hex_jobscreator/dist/img/blips/sprites/blip_sprite_815.png,_REVIEW_THIRD_PARTY/timeline/hex_jobscreator/dist/img/blips/sprites/blip_sprite_815.png,1064,03_REVIEW_HEX_PHONE_TIMELINE
server/[timeline]/hex_jobscreator/dist/img/blips/sprites/blip_sprite_500.png,_REVIEW_THIRD_PARTY/timeline/hex_jobscreator/dist/img/blips/sprites/blip_sprite_500.png,974,03_REVIEW_HEX_PHONE_TIMELINE
server/[timeline]/hex_jobscreator/dist/img/blips/sprites/blip_sprite_800.png,_REVIEW_THIRD_PARTY/timeline/hex_jobscreator/dist/img/blips/sprites/blip_sprite_800.png,1146,03_REVIEW_HEX_PHONE_TIMELINE
server/[timeline]/hex_jobscreator/dist/img/blips/sprites/blip_sprite_592.png,_REVIEW_THIRD_PARTY/timeline/hex_jobscreator/dist/img/blips/sprites/blip_sprite_592.png,970,03_REVIEW_HEX_PHONE_TIMELINE
server/[timeline]/hex_jobscreator/dist/img/blips/sprites/blip_sprite_771.png,_REVIEW_THIRD_PARTY/timeline/hex_jobscreator/dist/img/blips/sprites/blip_sprite_771.png,1306,03_REVIEW_HEX_PHONE_TIMELINE
server/[timeline]/hex_jobscreator/dist/img/blips/sprites/blip_sprite_653.png,_REVIEW_THIRD_PARTY/timeline/hex_jobscreator/dist/img/blips/sprites/blip_sprite_653.png,818,03_REVIEW_HEX_PHONE_TIMELINE
server/[timeline]/hex_jobscreator/dist/img/blips/sprites/blip_sprite_712.png,_REVIEW_THIRD_PARTY/timeline/hex_jobscreator/dist/img/blips/sprites/blip_sprite_712.png,778,03_REVIEW_HEX_PHONE_TIMELINE
server/[timeline]/hex_jobscreator/dist/img/blips/sprites/blip_sprite_363.png,_REVIEW_THIRD_PARTY/timeline/hex_jobscreator/dist/img/blips/sprites/blip_sprite_363.png,1044,03_REVIEW_HEX_PHONE_TIMELINE
server/[timeline]/hex_jobscreator/dist/img/blips/sprites/blip_sprite_897.png,_REVIEW_THIRD_PARTY/timeline/hex_jobscreator/dist/img/blips/sprites/blip_sprite_897.png,922,03_REVIEW_HEX_PHONE_TIMELINE
server/[timeline]/hex_jobscreator/dist/img/blips/sprites/blip_sprite_813.png,_REVIEW_THIRD_PARTY/timeline/hex_jobscreator/dist/img/blips/sprites/blip_sprite_813.png,984,03_REVIEW_HEX_PHONE_TIMELINE
server/[timeline]/hex_jobscreator/dist/img/blips/sprites/blip_sprite_68.png,_REVIEW_THIRD_PARTY/timeline/hex_jobscreator/dist/img/blips/sprites/blip_sprite_68.png,1034,03_REVIEW_HEX_PHONE_TIMELINE
server/[timeline]/hex_jobscreator/dist/img/blips/sprites/blip_sprite_622.png,_REVIEW_THIRD_PARTY/timeline/hex_jobscreator/dist/img/blips/sprites/blip_sprite_622.png,876,03_REVIEW_HEX_PHONE_TIMELINE
server/[timeline]/hex_jobscreator/dist/img/blips/sprites/blip_sprite_496.png,_REVIEW_THIRD_PARTY/timeline/hex_jobscreator/dist/img/blips/sprites/blip_sprite_496.png,1268,03_REVIEW_HEX_PHONE_TIMELINE
server/[timeline]/hex_jobscreator/dist/img/blips/sprites/blip_sprite_857.png,_REVIEW_THIRD_PARTY/timeline/hex_jobscreator/dist/img/blips/sprites/blip_sprite_857.png,1536,03_REVIEW_HEX_PHONE_TIMELINE
server/[timeline]/hex_jobscreator/dist/img/blips/sprites/blip_sprite_471.png,_REVIEW_THIRD_PARTY/timeline/hex_jobscreator/dist/img/blips/sprites/blip_sprite_471.png,840,03_REVIEW_HEX_PHONE_TIMELINE
server/[timeline]/hex_jobscreator/dist/img/blips/sprites/blip_sprite_904.png,_REVIEW_THIRD_PARTY/timeline/hex_jobscreator/dist/img/blips/sprites/blip_sprite_904.png,1146,03_REVIEW_HEX_PHONE_TIMELINE
server/[timeline]/hex_jobscreator/dist/img/blips/sprites/blip_sprite_390.png,_REVIEW_THIRD_PARTY/timeline/hex_jobscreator/dist/img/blips/sprites/blip_sprite_390.png,208,03_REVIEW_HEX_PHONE_TIMELINE
server/[timeline]/hex_jobscreator/dist/img/blips/sprites/blip_sprite_735.png,_REVIEW_THIRD_PARTY/timeline/hex_jobscreator/dist/img/blips/sprites/blip_sprite_735.png,1236,03_REVIEW_HEX_PHONE_TIMELINE
server/[timeline]/hex_jobscreator/dist/img/blips/sprites/blip_sprite_537.png,_REVIEW_THIRD_PARTY/timeline/hex_jobscreator/dist/img/blips/sprites/blip_sprite_537.png,934,03_REVIEW_HEX_PHONE_TIMELINE
server/[timeline]/hex_jobscreator/dist/img/blips/sprites/blip_sprite_467.png,_REVIEW_THIRD_PARTY/timeline/hex_jobscreator/dist/img/blips/sprites/blip_sprite_467.png,984,03_REVIEW_HEX_PHONE_TIMELINE
server/[timeline]/hex_jobscreator/dist/img/blips/sprites/blip_sprite_698.png,_REVIEW_THIRD_PARTY/timeline/hex_jobscreator/dist/img/blips/sprites/blip_sprite_698.png,518,03_REVIEW_HEX_PHONE_TIMELINE
server/[timeline]/hex_jobscreator/dist/img/blips/sprites/blip_sprite_303.png,_REVIEW_THIRD_PARTY/timeline/hex_jobscreator/dist/img/blips/sprites/blip_sprite_303.png,874,03_REVIEW_HEX_PHONE_TIMELINE
server/[timeline]/hex_jobscreator/dist/img/blips/sprites/blip_sprite_689.png,_REVIEW_THIRD_PARTY/timeline/hex_jobscreator/dist/img/blips/sprites/blip_sprite_689.png,396,03_REVIEW_HEX_PHONE_TIMELINE
server/[timeline]/hex_jobscreator/dist/img/blips/sprites/blip_sprite_869.png,_REVIEW_THIRD_PARTY/timeline/hex_jobscreator/dist/img/blips/sprites/blip_sprite_869.png,784,03_REVIEW_HEX_PHONE_TIMELINE
server/[timeline]/hex_jobscreator/dist/img/blips/sprites/blip_sprite_151.png,_REVIEW_THIRD_PARTY/timeline/hex_jobscreator/dist/img/blips/sprites/blip_sprite_151.png,456,03_REVIEW_HEX_PHONE_TIMELINE
server/[timeline]/hex_jobscreator/dist/img/blips/sprites/blip_sprite_307.png,_REVIEW_THIRD_PARTY/timeline/hex_jobscreator/dist/img/blips/sprites/blip_sprite_307.png,996,03_REVIEW_HEX_PHONE_TIMELINE
server/[timeline]/hex_jobscreator/dist/img/blips/sprites/blip_sprite_354.png,_REVIEW_THIRD_PARTY/timeline/hex_jobscreator/dist/img/blips/sprites/blip_sprite_354.png,684,03_REVIEW_HEX_PHONE_TIMELINE
server/[timeline]/hex_jobscreator/dist/img/blips/sprites/blip_sprite_797.png,_REVIEW_THIRD_PARTY/timeline/hex_jobscreator/dist/img/blips/sprites/blip_sprite_797.png,1068,03_REVIEW_HEX_PHONE_TIMELINE
server/[timeline]/hex_jobscreator/dist/img/blips/sprites/blip_sprite_862.png,_REVIEW_THIRD_PARTY/timeline/hex_jobscreator/dist/img/blips/sprites/blip_sprite_862.png,1162,03_REVIEW_HEX_PHONE_TIMELINE
server/[timeline]/hex_jobscreator/dist/img/blips/sprites/blip_sprite_768.png,_REVIEW_THIRD_PARTY/timeline/hex_jobscreator/dist/img/blips/sprites/blip_sprite_768.png,1010,03_REVIEW_HEX_PHONE_TIMELINE
server/[timeline]/hex_jobscreator/dist/img/blips/sprites/blip_sprite_384.png,_REVIEW_THIRD_PARTY/timeline/hex_jobscreator/dist/img/blips/sprites/blip_sprite_384.png,1194,03_REVIEW_HEX_PHONE_TIMELINE
server/[timeline]/hex_jobscreator/dist/img/blips/sprites/blip_sprite_816.png,_REVIEW_THIRD_PARTY/timeline/hex_jobscreator/dist/img/blips/sprites/blip_sprite_816.png,1006,03_REVIEW_HEX_PHONE_TIMELINE
server/[timeline]/hex_jobscreator/dist/img/blips/sprites/blip_sprite_383.png,_REVIEW_THIRD_PARTY/timeline/hex_jobscreator/dist/img/blips/sprites/blip_sprite_383.png,1248,03_REVIEW_HEX_PHONE_TIMELINE
server/[timeline]/hex_jobscreator/dist/img/blips/sprites/blip_sprite_655.png,_REVIEW_THIRD_PARTY/timeline/hex_jobscreator/dist/img/blips/sprites/blip_sprite_655.png,710,03_REVIEW_HEX_PHONE_TIMELINE
server/[timeline]/hex_jobscreator/dist/img/blips/sprites/blip_sprite_38.png,_REVIEW_THIRD_PARTY/timeline/hex_jobscreator/dist/img/blips/sprites/blip_sprite_38.png,834,03_REVIEW_HEX_PHONE_TIMELINE
server/[timeline]/hex_jobscreator/dist/img/blips/sprites/blip_sprite_94.png,_REVIEW_THIRD_PARTY/timeline/hex_jobscreator/dist/img/blips/sprites/blip_sprite_94.png,1036,03_REVIEW_HEX_PHONE_TIMELINE
server/[timeline]/hex_jobscreator/dist/img/blips/sprites/blip_sprite_358.png,_REVIEW_THIRD_PARTY/timeline/hex_jobscreator/dist/img/blips/sprites/blip_sprite_358.png,612,03_REVIEW_HEX_PHONE_TIMELINE
server/[timeline]/hex_jobscreator/dist/img/blips/sprites/blip_sprite_620.png,_REVIEW_THIRD_PARTY/timeline/hex_jobscreator/dist/img/blips/sprites/blip_sprite_620.png,1126,03_REVIEW_HEX_PHONE_TIMELINE
server/[timeline]/hex_jobscreator/dist/img/blips/sprites/blip_sprite_846.png,_REVIEW_THIRD_PARTY/timeline/hex_jobscreator/dist/img/blips/sprites/blip_sprite_846.png,1386,03_REVIEW_HEX_PHONE_TIMELINE
server/[timeline]/hex_jobscreator/dist/img/blips/sprites/blip_sprite_490.png,_REVIEW_THIRD_PARTY/timeline/hex_jobscreator/dist/img/blips/sprites/blip_sprite_490.png,1342,03_REVIEW_HEX_PHONE_TIMELINE
server/[timeline]/hex_jobscreator/dist/img/blips/sprites/blip_sprite_724.png,_REVIEW_THIRD_PARTY/timeline/hex_jobscreator/dist/img/blips/sprites/blip_sprite_724.png,982,03_REVIEW_HEX_PHONE_TIMELINE
server/[timeline]/hex_jobscreator/dist/img/blips/sprites/blip_sprite_473.png,_REVIEW_THIRD_PARTY/timeline/hex_jobscreator/dist/img/blips/sprites/blip_sprite_473.png,628,03_REVIEW_HEX_PHONE_TIMELINE
server/[timeline]/hex_jobscreator/dist/img/blips/sprites/blip_sprite_761.png,_REVIEW_THIRD_PARTY/timeline/hex_jobscreator/dist/img/blips/sprites/blip_sprite_761.png,996,03_REVIEW_HEX_PHONE_TIMELINE
server/[timeline]/hex_jobscreator/dist/img/blips/sprites/blip_sprite_693.png,_REVIEW_THIRD_PARTY/timeline/hex_jobscreator/dist/img/blips/sprites/blip_sprite_693.png,472,03_REVIEW_HEX_PHONE_TIMELINE
server/[timeline]/hex_jobscreator/dist/img/blips/sprites/blip_sprite_900.png,_REVIEW_THIRD_PARTY/timeline/hex_jobscreator/dist/img/blips/sprites/blip_sprite_900.png,1048,03_REVIEW_HEX_PHONE_TIMELINE
server/[timeline]/hex_jobscreator/dist/img/blips/sprites/blip_sprite_159.png,_REVIEW_THIRD_PARTY/timeline/hex_jobscreator/dist/img/blips/sprites/blip_sprite_159.png,582,03_REVIEW_HEX_PHONE_TIMELINE
server/[timeline]/hex_jobscreator/dist/img/blips/sprites/blip_sprite_580.png,_REVIEW_THIRD_PARTY/timeline/hex_jobscreator/dist/img/blips/sprites/blip_sprite_580.png,906,03_REVIEW_HEX_PHONE_TIMELINE
server/[timeline]/hex_jobscreator/dist/img/blips/sprites/blip_sprite_793.png,_REVIEW_THIRD_PARTY/timeline/hex_jobscreator/dist/img/blips/sprites/blip_sprite_793.png,706,03_REVIEW_HEX_PHONE_TIMELINE
server/[timeline]/hex_jobscreator/dist/img/blips/sprites/blip_sprite_732.png,_REVIEW_THIRD_PARTY/timeline/hex_jobscreator/dist/img/blips/sprites/blip_sprite_732.png,914,03_REVIEW_HEX_PHONE_TIMELINE
server/[timeline]/hex_jobscreator/dist/img/blips/sprites/blip_sprite_479.png,_REVIEW_THIRD_PARTY/timeline/hex_jobscreator/dist/img/blips/sprites/blip_sprite_479.png,854,03_REVIEW_HEX_PHONE_TIMELINE
server/[timeline]/hex_jobscreator/dist/img/blips/sprites/blip_sprite_411.png,_REVIEW_THIRD_PARTY/timeline/hex_jobscreator/dist/img/blips/sprites/blip_sprite_411.png,820,03_REVIEW_HEX_PHONE_TIMELINE
server/[timeline]/hex_jobscreator/dist/img/blips/sprites/blip_sprite_488.png,_REVIEW_THIRD_PARTY/timeline/hex_jobscreator/dist/img/blips/sprites/blip_sprite_488.png,1374,03_REVIEW_HEX_PHONE_TIMELINE
server/[timeline]/hex_jobscreator/dist/img/blips/sprites/blip_sprite_546.png,_REVIEW_THIRD_PARTY/timeline/hex_jobscreator/dist/img/blips/sprites/blip_sprite_546.png,888,03_REVIEW_HEX_PHONE_TIMELINE
server/[timeline]/hex_jobscreator/dist/img/blips/sprites/blip_sprite_762.png,_REVIEW_THIRD_PARTY/timeline/hex_jobscreator/dist/img/blips/sprites/blip_sprite_762.png,1054,03_REVIEW_HEX_PHONE_TIMELINE
server/[timeline]/hex_jobscreator/dist/img/blips/sprites/blip_sprite_638.png,_REVIEW_THIRD_PARTY/timeline/hex_jobscreator/dist/img/blips/sprites/blip_sprite_638.png,890,03_REVIEW_HEX_PHONE_TIMELINE
server/[timeline]/hex_jobscreator/dist/img/blips/sprites/blip_sprite_273.png,_REVIEW_THIRD_PARTY/timeline/hex_jobscreator/dist/img/blips/sprites/blip_sprite_273.png,958,03_REVIEW_HEX_PHONE_TIMELINE
server/[timeline]/hex_jobscreator/dist/img/blips/sprites/blip_sprite_782.png,_REVIEW_THIRD_PARTY/timeline/hex_jobscreator/dist/img/blips/sprites/blip_sprite_782.png,1206,03_REVIEW_HEX_PHONE_TIMELINE
server/[timeline]/hex_jobscreator/dist/img/blips/sprites/blip_sprite_637.png,_REVIEW_THIRD_PARTY/timeline/hex_jobscreator/dist/img/blips/sprites/blip_sprite_637.png,736,03_REVIEW_HEX_PHONE_TIMELINE
server/[timeline]/hex_jobscreator/dist/img/blips/sprites/blip_sprite_122.png,_REVIEW_THIRD_PARTY/timeline/hex_jobscreator/dist/img/blips/sprites/blip_sprite_122.png,1354,03_REVIEW_HEX_PHONE_TIMELINE
server/[timeline]/hex_jobscreator/dist/img/blips/sprites/blip_sprite_765.png,_REVIEW_THIRD_PARTY/timeline/hex_jobscreator/dist/img/blips/sprites/blip_sprite_765.png,1218,03_REVIEW_HEX_PHONE_TIMELINE
server/[timeline]/hex_jobscreator/dist/img/blips/sprites/blip_sprite_470.png,_REVIEW_THIRD_PARTY/timeline/hex_jobscreator/dist/img/blips/sprites/blip_sprite_470.png,642,03_REVIEW_HEX_PHONE_TIMELINE
server/[timeline]/hex_jobscreator/dist/img/blips/sprites/blip_sprite_720.png,_REVIEW_THIRD_PARTY/timeline/hex_jobscreator/dist/img/blips/sprites/blip_sprite_720.png,612,03_REVIEW_HEX_PHONE_TIMELINE
server/[timeline]/hex_jobscreator/dist/img/blips/sprites/blip_sprite_631.png,_REVIEW_THIRD_PARTY/timeline/hex_jobscreator/dist/img/blips/sprites/blip_sprite_631.png,1078,03_REVIEW_HEX_PHONE_TIMELINE
server/[timeline]/hex_jobscreator/dist/img/blips/sprites/blip_sprite_61.png,_REVIEW_THIRD_PARTY/timeline/hex_jobscreator/dist/img/blips/sprites/blip_sprite_61.png,1200,03_REVIEW_HEX_PHONE_TIMELINE
server/[timeline]/hex_jobscreator/dist/img/blips/sprites/blip_sprite_318.png,_REVIEW_THIRD_PARTY/timeline/hex_jobscreator/dist/img/blips/sprites/blip_sprite_318.png,908,03_REVIEW_HEX_PHONE_TIMELINE
server/[timeline]/hex_jobscreator/dist/img/blips/sprites/blip_sprite_840.png,_REVIEW_THIRD_PARTY/timeline/hex_jobscreator/dist/img/blips/sprites/blip_sprite_840.png,1036,03_REVIEW_HEX_PHONE_TIMELINE
server/[timeline]/hex_jobscreator/dist/img/blips/sprites/blip_sprite_825.png,_REVIEW_THIRD_PARTY/timeline/hex_jobscreator/dist/img/blips/sprites/blip_sprite_825.png,1082,03_REVIEW_HEX_PHONE_TIMELINE
server/[timeline]/hex_jobscreator/dist/img/blips/sprites/blip_sprite_512.png,_REVIEW_THIRD_PARTY/timeline/hex_jobscreator/dist/img/blips/sprites/blip_sprite_512.png,1106,03_REVIEW_HEX_PHONE_TIMELINE
server/[timeline]/hex_jobscreator/dist/img/blips/sprites/blip_sprite_485.png,_REVIEW_THIRD_PARTY/timeline/hex_jobscreator/dist/img/blips/sprites/blip_sprite_485.png,672,03_REVIEW_HEX_PHONE_TIMELINE
server/[timeline]/hex_jobscreator/dist/img/blips/sprites/blip_sprite_635.png,_REVIEW_THIRD_PARTY/timeline/hex_jobscreator/dist/img/blips/sprites/blip_sprite_635.png,826,03_REVIEW_HEX_PHONE_TIMELINE
server/[timeline]/hex_jobscreator/dist/img/blips/sprites/blip_sprite_430.png,_REVIEW_THIRD_PARTY/timeline/hex_jobscreator/dist/img/blips/sprites/blip_sprite_430.png,1208,03_REVIEW_HEX_PHONE_TIMELINE
server/[timeline]/hex_jobscreator/dist/img/blips/sprites/blip_sprite_73.png,_REVIEW_THIRD_PARTY/timeline/hex_jobscreator/dist/img/blips/sprites/blip_sprite_73.png,878,03_REVIEW_HEX_PHONE_TIMELINE
server/[timeline]/hex_jobscreator/dist/img/blips/sprites/blip_sprite_791.png,_REVIEW_THIRD_PARTY/timeline/hex_jobscreator/dist/img/blips/sprites/blip_sprite_791.png,990,03_REVIEW_HEX_PHONE_TIMELINE
server/[timeline]/hex_jobscreator/dist/img/blips/sprites/blip_sprite_603.png,_REVIEW_THIRD_PARTY/timeline/hex_jobscreator/dist/img/blips/sprites/blip_sprite_603.png,1260,03_REVIEW_HEX_PHONE_TIMELINE
server/[timeline]/hex_jobscreator/dist/img/blips/sprites/blip_sprite_584.png,_REVIEW_THIRD_PARTY/timeline/hex_jobscreator/dist/img/blips/sprites/blip_sprite_584.png,664,03_REVIEW_HEX_PHONE_TIMELINE
server/[timeline]/hex_jobscreator/dist/img/blips/sprites/blip_sprite_8.png,_REVIEW_THIRD_PARTY/timeline/hex_jobscreator/dist/img/blips/sprites/blip_sprite_8.png,782,03_REVIEW_HEX_PHONE_TIMELINE
server/[timeline]/hex_jobscreator/dist/img/blips/sprites/blip_sprite_562.png,_REVIEW_THIRD_PARTY/timeline/hex_jobscreator/dist/img/blips/sprites/blip_sprite_562.png,932,03_REVIEW_HEX_PHONE_TIMELINE
server/[timeline]/hex_jobscreator/dist/img/blips/sprites/blip_sprite_389.png,_REVIEW_THIRD_PARTY/timeline/hex_jobscreator/dist/img/blips/sprites/blip_sprite_389.png,1002,03_REVIEW_HEX_PHONE_TIMELINE
server/[timeline]/hex_jobscreator/dist/img/blips/sprites/blip_sprite_709.png,_REVIEW_THIRD_PARTY/timeline/hex_jobscreator/dist/img/blips/sprites/blip_sprite_709.png,554,03_REVIEW_HEX_PHONE_TIMELINE
server/[timeline]/hex_jobscreator/dist/img/blips/sprites/blip_sprite_596.png,_REVIEW_THIRD_PARTY/timeline/hex_jobscreator/dist/img/blips/sprites/blip_sprite_596.png,774,03_REVIEW_HEX_PHONE_TIMELINE
server/[timeline]/hex_jobscreator/dist/img/blips/sprites/blip_sprite_881.png,_REVIEW_THIRD_PARTY/timeline/hex_jobscreator/dist/img/blips/sprites/blip_sprite_881.png,798,03_REVIEW_HEX_PHONE_TIMELINE
server/[timeline]/hex_jobscreator/dist/img/blips/sprites/blip_sprite_796.png,_REVIEW_THIRD_PARTY/timeline/hex_jobscreator/dist/img/blips/sprites/blip_sprite_796.png,1060,03_REVIEW_HEX_PHONE_TIMELINE
server/[timeline]/hex_jobscreator/dist/img/blips/sprites/blip_sprite_147.png,_REVIEW_THIRD_PARTY/timeline/hex_jobscreator/dist/img/blips/sprites/blip_sprite_147.png,916,03_REVIEW_HEX_PHONE_TIMELINE
server/[timeline]/hex_jobscreator/dist/img/blips/sprites/blip_sprite_352.png,_REVIEW_THIRD_PARTY/timeline/hex_jobscreator/dist/img/blips/sprites/blip_sprite_352.png,1002,03_REVIEW_HEX_PHONE_TIMELINE
server/[timeline]/hex_jobscreator/dist/img/blips/sprites/blip_sprite_859.png,_REVIEW_THIRD_PARTY/timeline/hex_jobscreator/dist/img/blips/sprites/blip_sprite_859.png,1238,03_REVIEW_HEX_PHONE_TIMELINE
server/[timeline]/hex_jobscreator/dist/img/blips/sprites/blip_sprite_590.png,_REVIEW_THIRD_PARTY/timeline/hex_jobscreator/dist/img/blips/sprites/blip_sprite_590.png,1332,03_REVIEW_HEX_PHONE_TIMELINE
server/[timeline]/hex_jobscreator/dist/img/blips/sprites/blip_sprite_646.png,_REVIEW_THIRD_PARTY/timeline/hex_jobscreator/dist/img/blips/sprites/blip_sprite_646.png,1090,03_REVIEW_HEX_PHONE_TIMELINE
server/[timeline]/hex_jobscreator/dist/img/blips/sprites/blip_sprite_521.png,_REVIEW_THIRD_PARTY/timeline/hex_jobscreator/dist/img/blips/sprites/blip_sprite_521.png,828,03_REVIEW_HEX_PHONE_TIMELINE
server/[timeline]/hex_jobscreator/dist/img/blips/sprites/blip_sprite_767.png,_REVIEW_THIRD_PARTY/timeline/hex_jobscreator/dist/img/blips/sprites/blip_sprite_767.png,1312,03_REVIEW_HEX_PHONE_TIMELINE
server/[timeline]/hex_jobscreator/dist/img/blips/sprites/blip_sprite_685.png,_REVIEW_THIRD_PARTY/timeline/hex_jobscreator/dist/img/blips/sprites/blip_sprite_685.png,1250,03_REVIEW_HEX_PHONE_TIMELINE
server/[timeline]/hex_jobscreator/dist/img/blips/sprites/blip_sprite_824.png,_REVIEW_THIRD_PARTY/timeline/hex_jobscreator/dist/img/blips/sprites/blip_sprite_824.png,1054,03_REVIEW_HEX_PHONE_TIMELINE
server/[timeline]/hex_jobscreator/dist/img/blips/sprites/blip_sprite_763.png,_REVIEW_THIRD_PARTY/timeline/hex_jobscreator/dist/img/blips/sprites/blip_sprite_763.png,772,03_REVIEW_HEX_PHONE_TIMELINE
server/[timeline]/hex_jobscreator/dist/img/blips/sprites/blip_sprite_878.png,_REVIEW_THIRD_PARTY/timeline/hex_jobscreator/dist/img/blips/sprites/blip_sprite_878.png,1508,03_REVIEW_HEX_PHONE_TIMELINE
server/[timeline]/hex_jobscreator/dist/img/blips/sprites/blip_sprite_491.png,_REVIEW_THIRD_PARTY/timeline/hex_jobscreator/dist/img/blips/sprites/blip_sprite_491.png,1024,03_REVIEW_HEX_PHONE_TIMELINE
server/[timeline]/hex_jobscreator/dist/img/blips/sprites/blip_sprite_903.png,_REVIEW_THIRD_PARTY/timeline/hex_jobscreator/dist/img/blips/sprites/blip_sprite_903.png,758,03_REVIEW_HEX_PHONE_TIMELINE
server/[timeline]/hex_jobscreator/dist/img/blips/sprites/blip_sprite_884.png,_REVIEW_THIRD_PARTY/timeline/hex_jobscreator/dist/img/blips/sprites/blip_sprite_884.png,1144,03_REVIEW_HEX_PHONE_TIMELINE
server/[timeline]/hex_jobscreator/dist/img/blips/sprites/blip_sprite_575.png,_REVIEW_THIRD_PARTY/timeline/hex_jobscreator/dist/img/blips/sprites/blip_sprite_575.png,706,03_REVIEW_HEX_PHONE_TIMELINE
server/[timeline]/hex_jobscreator/dist/img/blips/sprites/blip_sprite_887.png,_REVIEW_THIRD_PARTY/timeline/hex_jobscreator/dist/img/blips/sprites/blip_sprite_887.png,1254,03_REVIEW_HEX_PHONE_TIMELINE
server/[timeline]/hex_jobscreator/dist/img/blips/sprites/blip_sprite_529.png,_REVIEW_THIRD_PARTY/timeline/hex_jobscreator/dist/img/blips/sprites/blip_sprite_529.png,920,03_REVIEW_HEX_PHONE_TIMELINE
server/[timeline]/hex_jobscreator/dist/img/blips/sprites/blip_sprite_890.png,_REVIEW_THIRD_PARTY/timeline/hex_jobscreator/dist/img/blips/sprites/blip_sprite_890.png,1240,03_REVIEW_HEX_PHONE_TIMELINE
server/[timeline]/hex_jobscreator/dist/img/blips/sprites/blip_sprite_686.png,_REVIEW_THIRD_PARTY/timeline/hex_jobscreator/dist/img/blips/sprites/blip_sprite_686.png,498,03_REVIEW_HEX_PHONE_TIMELINE
server/[timeline]/hex_jobscreator/dist/img/blips/sprites/blip_sprite_266.png,_REVIEW_THIRD_PARTY/timeline/hex_jobscreator/dist/img/blips/sprites/blip_sprite_266.png,1400,03_REVIEW_HEX_PHONE_TIMELINE
server/[timeline]/hex_jobscreator/dist/img/blips/sprites/blip_sprite_311.png,_REVIEW_THIRD_PARTY/timeline/hex_jobscreator/dist/img/blips/sprites/blip_sprite_311.png,1070,03_REVIEW_HEX_PHONE_TIMELINE
server/[timeline]/hex_jobscreator/dist/img/blips/sprites/blip_sprite_40.png,_REVIEW_THIRD_PARTY/timeline/hex_jobscreator/dist/img/blips/sprites/blip_sprite_40.png,982,03_REVIEW_HEX_PHONE_TIMELINE
server/[timeline]/hex_jobscreator/dist/img/blips/sprites/blip_sprite_594.png,_REVIEW_THIRD_PARTY/timeline/hex_jobscreator/dist/img/blips/sprites/blip_sprite_594.png,1332,03_REVIEW_HEX_PHONE_TIMELINE
server/[timeline]/hex_jobscreator/dist/img/blips/sprites/blip_sprite_579.png,_REVIEW_THIRD_PARTY/timeline/hex_jobscreator/dist/img/blips/sprites/blip_sprite_579.png,964,03_REVIEW_HEX_PHONE_TIMELINE
server/[timeline]/hex_jobscreator/dist/img/blips/sprites/blip_sprite_238.png,_REVIEW_THIRD_PARTY/timeline/hex_jobscreator/dist/img/blips/sprites/blip_sprite_238.png,678,03_REVIEW_HEX_PHONE_TIMELINE
server/[timeline]/hex_jobscreator/dist/img/blips/sprites/blip_sprite_78.png,_REVIEW_THIRD_PARTY/timeline/hex_jobscreator/dist/img/blips/sprites/blip_sprite_78.png,890,03_REVIEW_HEX_PHONE_TIMELINE
server/[timeline]/hex_jobscreator/dist/img/blips/sprites/blip_sprite_127.png,_REVIEW_THIRD_PARTY/timeline/hex_jobscreator/dist/img/blips/sprites/blip_sprite_127.png,1008,03_REVIEW_HEX_PHONE_TIMELINE
server/[timeline]/hex_jobscreator/dist/img/blips/sprites/blip_sprite_103.png,_REVIEW_THIRD_PARTY/timeline/hex_jobscreator/dist/img/blips/sprites/blip_sprite_103.png,1022,03_REVIEW_HEX_PHONE_TIMELINE
server/[timeline]/hex_jobscreator/dist/img/blips/sprites/blip_sprite_600.png,_REVIEW_THIRD_PARTY/timeline/hex_jobscreator/dist/img/blips/sprites/blip_sprite_600.png,818,03_REVIEW_HEX_PHONE_TIMELINE
server/[timeline]/hex_jobscreator/dist/img/blips/sprites/blip_sprite_739.png,_REVIEW_THIRD_PARTY/timeline/hex_jobscreator/dist/img/blips/sprites/blip_sprite_739.png,1510,03_REVIEW_HEX_PHONE_TIMELINE
server/[timeline]/hex_jobscreator/dist/img/blips/sprites/blip_sprite_913.png,_REVIEW_THIRD_PARTY/timeline/hex_jobscreator/dist/img/blips/sprites/blip_sprite_913.png,736,03_REVIEW_HEX_PHONE_TIMELINE
server/[timeline]/hex_jobscreator/dist/img/blips/sprites/blip_sprite_356.png,_REVIEW_THIRD_PARTY/timeline/hex_jobscreator/dist/img/blips/sprites/blip_sprite_356.png,1076,03_REVIEW_HEX_PHONE_TIMELINE
server/[timeline]/hex_jobscreator/dist/img/blips/sprites/blip_sprite_671.png,_REVIEW_THIRD_PARTY/timeline/hex_jobscreator/dist/img/blips/sprites/blip_sprite_671.png,1536,03_REVIEW_HEX_PHONE_TIMELINE
server/[timeline]/hex_jobscreator/dist/img/blips/sprites/blip_sprite_362.png,_REVIEW_THIRD_PARTY/timeline/hex_jobscreator/dist/img/blips/sprites/blip_sprite_362.png,1032,03_REVIEW_HEX_PHONE_TIMELINE
server/[timeline]/hex_jobscreator/dist/img/blips/sprites/blip_sprite_675.png,_REVIEW_THIRD_PARTY/timeline/hex_jobscreator/dist/img/blips/sprites/blip_sprite_675.png,1554,03_REVIEW_HEX_PHONE_TIMELINE
server/[timeline]/hex_jobscreator/dist/img/blips/sprites/blip_sprite_419.png,_REVIEW_THIRD_PARTY/timeline/hex_jobscreator/dist/img/blips/sprites/blip_sprite_419.png,1060,03_REVIEW_HEX_PHONE_TIMELINE
server/[timeline]/hex_jobscreator/dist/img/blips/sprites/blip_sprite_699.png,_REVIEW_THIRD_PARTY/timeline/hex_jobscreator/dist/img/blips/sprites/blip_sprite_699.png,718,03_REVIEW_HEX_PHONE_TIMELINE
server/[timeline]/hex_jobscreator/dist/img/blips/sprites/blip_sprite_787.png,_REVIEW_THIRD_PARTY/timeline/hex_jobscreator/dist/img/blips/sprites/blip_sprite_787.png,1056,03_REVIEW_HEX_PHONE_TIMELINE
server/[timeline]/hex_jobscreator/dist/img/blips/sprites/blip_sprite_538.png,_REVIEW_THIRD_PARTY/timeline/hex_jobscreator/dist/img/blips/sprites/blip_sprite_538.png,898,03_REVIEW_HEX_PHONE_TIMELINE
server/[timeline]/hex_jobscreator/dist/img/blips/sprites/blip_sprite_781.png,_REVIEW_THIRD_PARTY/timeline/hex_jobscreator/dist/img/blips/sprites/blip_sprite_781.png,1066,03_REVIEW_HEX_PHONE_TIMELINE
server/[timeline]/hex_jobscreator/dist/img/blips/sprites/blip_sprite_369.png,_REVIEW_THIRD_PARTY/timeline/hex_jobscreator/dist/img/blips/sprites/blip_sprite_369.png,940,03_REVIEW_HEX_PHONE_TIMELINE
server/[timeline]/hex_jobscreator/dist/img/blips/sprites/blip_sprite_742.png,_REVIEW_THIRD_PARTY/timeline/hex_jobscreator/dist/img/blips/sprites/blip_sprite_742.png,1078,03_REVIEW_HEX_PHONE_TIMELINE
server/[timeline]/hex_jobscreator/dist/img/blips/sprites/blip_sprite_867.png,_REVIEW_THIRD_PARTY/timeline/hex_jobscreator/dist/img/blips/sprites/blip_sprite_867.png,1130,03_REVIEW_HEX_PHONE_TIMELINE
server/[timeline]/hex_jobscreator/dist/img/blips/sprites/blip_sprite_368.png,_REVIEW_THIRD_PARTY/timeline/hex_jobscreator/dist/img/blips/sprites/blip_sprite_368.png,716,03_REVIEW_HEX_PHONE_TIMELINE
server/[timeline]/hex_jobscreator/dist/img/blips/sprites/blip_sprite_679.png,_REVIEW_THIRD_PARTY/timeline/hex_jobscreator/dist/img/blips/sprites/blip_sprite_679.png,1156,03_REVIEW_HEX_PHONE_TIMELINE
server/[timeline]/hex_jobscreator/dist/img/blips/sprites/blip_sprite_351.png,_REVIEW_THIRD_PARTY/timeline/hex_jobscreator/dist/img/blips/sprites/blip_sprite_351.png,576,03_REVIEW_HEX_PHONE_TIMELINE
server/[timeline]/hex_jobscreator/dist/img/blips/sprites/blip_sprite_184.png,_REVIEW_THIRD_PARTY/timeline/hex_jobscreator/dist/img/blips/sprites/blip_sprite_184.png,982,03_REVIEW_HEX_PHONE_TIMELINE
server/[timeline]/hex_jobscreator/dist/img/blips/sprites/blip_sprite_744.png,_REVIEW_THIRD_PARTY/timeline/hex_jobscreator/dist/img/blips/sprites/blip_sprite_744.png,1160,03_REVIEW_HEX_PHONE_TIMELINE
server/[timeline]/hex_jobscreator/dist/img/blips/sprites/blip_sprite_533.png,_REVIEW_THIRD_PARTY/timeline/hex_jobscreator/dist/img/blips/sprites/blip_sprite_533.png,820,03_REVIEW_HEX_PHONE_TIMELINE
server/[timeline]/hex_jobscreator/dist/img/blips/sprites/blip_sprite_729.png,_REVIEW_THIRD_PARTY/timeline/hex_jobscreator/dist/img/blips/sprites/blip_sprite_729.png,1596,03_REVIEW_HEX_PHONE_TIMELINE
server/[timeline]/hex_jobscreator/dist/img/blips/sprites/blip_sprite_133.png,_REVIEW_THIRD_PARTY/timeline/hex_jobscreator/dist/img/blips/sprites/blip_sprite_133.png,774,03_REVIEW_HEX_PHONE_TIMELINE
server/[timeline]/hex_jobscreator/dist/img/blips/sprites/blip_sprite_280.png,_REVIEW_THIRD_PARTY/timeline/hex_jobscreator/dist/img/blips/sprites/blip_sprite_280.png,836,03_REVIEW_HEX_PHONE_TIMELINE
server/[timeline]/hex_jobscreator/dist/img/blips/sprites/blip_sprite_645.png,_REVIEW_THIRD_PARTY/timeline/hex_jobscreator/dist/img/blips/sprites/blip_sprite_645.png,1200,03_REVIEW_HEX_PHONE_TIMELINE
server/[timeline]/hex_jobscreator/dist/img/blips/sprites/blip_sprite_515.png,_REVIEW_THIRD_PARTY/timeline/hex_jobscreator/dist/img/blips/sprites/blip_sprite_515.png,784,03_REVIEW_HEX_PHONE_TIMELINE
server/[timeline]/hex_jobscreator/dist/img/blips/sprites/blip_sprite_269.png,_REVIEW_THIRD_PARTY/timeline/hex_jobscreator/dist/img/blips/sprites/blip_sprite_269.png,1068,03_REVIEW_HEX_PHONE_TIMELINE
server/[timeline]/hex_jobscreator/dist/img/blips/sprites/blip_sprite_483.png,_REVIEW_THIRD_PARTY/timeline/hex_jobscreator/dist/img/blips/sprites/blip_sprite_483.png,864,03_REVIEW_HEX_PHONE_TIMELINE
server/[timeline]/hex_jobscreator/dist/img/blips/sprites/blip_sprite_921.png,_REVIEW_THIRD_PARTY/timeline/hex_jobscreator/dist/img/blips/sprites/blip_sprite_921.png,438,03_REVIEW_HEX_PHONE_TIMELINE
server/[timeline]/hex_jobscreator/dist/img/blips/sprites/blip_sprite_206.png,_REVIEW_THIRD_PARTY/timeline/hex_jobscreator/dist/img/blips/sprites/blip_sprite_206.png,922,03_REVIEW_HEX_PHONE_TIMELINE
server/[timeline]/hex_jobscreator/dist/img/blips/sprites/blip_sprite_361.png,_REVIEW_THIRD_PARTY/timeline/hex_jobscreator/dist/img/blips/sprites/blip_sprite_361.png,912,03_REVIEW_HEX_PHONE_TIMELINE
server/[timeline]/hex_jobscreator/dist/img/blips/sprites/blip_sprite_459.png,_REVIEW_THIRD_PARTY/timeline/hex_jobscreator/dist/img/blips/sprites/blip_sprite_459.png,988,03_REVIEW_HEX_PHONE_TIMELINE
server/[timeline]/hex_jobscreator/dist/img/blips/sprites/blip_sprite_845.png,_REVIEW_THIRD_PARTY/timeline/hex_jobscreator/dist/img/blips/sprites/blip_sprite_845.png,1124,03_REVIEW_HEX_PHONE_TIMELINE
server/[timeline]/hex_jobscreator/dist/img/blips/sprites/blip_sprite_918.png,_REVIEW_THIRD_PARTY/timeline/hex_jobscreator/dist/img/blips/sprites/blip_sprite_918.png,816,03_REVIEW_HEX_PHONE_TIMELINE
server/[timeline]/hex_jobscreator/dist/img/blips/sprites/blip_sprite_499.png,_REVIEW_THIRD_PARTY/timeline/hex_jobscreator/dist/img/blips/sprites/blip_sprite_499.png,1036,03_REVIEW_HEX_PHONE_TIMELINE
server/[timeline]/hex_jobscreator/dist/img/blips/sprites/blip_sprite_305.png,_REVIEW_THIRD_PARTY/timeline/hex_jobscreator/dist/img/blips/sprites/blip_sprite_305.png,924,03_REVIEW_HEX_PHONE_TIMELINE
server/[timeline]/hex_jobscreator/dist/img/blips/sprites/blip_sprite_306.png,_REVIEW_THIRD_PARTY/timeline/hex_jobscreator/dist/img/blips/sprites/blip_sprite_306.png,654,03_REVIEW_HEX_PHONE_TIMELINE
server/[timeline]/hex_jobscreator/dist/img/blips/sprites/blip_sprite_684.png,_REVIEW_THIRD_PARTY/timeline/hex_jobscreator/dist/img/blips/sprites/blip_sprite_684.png,1254,03_REVIEW_HEX_PHONE_TIMELINE
server/[timeline]/hex_jobscreator/dist/img/blips/sprites/blip_sprite_910.png,_REVIEW_THIRD_PARTY/timeline/hex_jobscreator/dist/img/blips/sprites/blip_sprite_910.png,878,03_REVIEW_HEX_PHONE_TIMELINE
server/[timeline]/hex_jobscreator/dist/img/blips/sprites/blip_sprite_576.png,_REVIEW_THIRD_PARTY/timeline/hex_jobscreator/dist/img/blips/sprites/blip_sprite_576.png,1128,03_REVIEW_HEX_PHONE_TIMELINE
server/[timeline]/hex_jobscreator/dist/img/blips/sprites/blip_sprite_674.png,_REVIEW_THIRD_PARTY/timeline/hex_jobscreator/dist/img/blips/sprites/blip_sprite_674.png,1190,03_REVIEW_HEX_PHONE_TIMELINE
server/[timeline]/hex_jobscreator/dist/img/blips/sprites/blip_sprite_226.png,_REVIEW_THIRD_PARTY/timeline/hex_jobscreator/dist/img/blips/sprites/blip_sprite_226.png,918,03_REVIEW_HEX_PHONE_TIMELINE
server/[timeline]/hex_jobscreator/dist/img/blips/sprites/blip_sprite_864.png,_REVIEW_THIRD_PARTY/timeline/hex_jobscreator/dist/img/blips/sprites/blip_sprite_864.png,602,03_REVIEW_HEX_PHONE_TIMELINE
server/[timeline]/hex_jobscreator/dist/img/blips/sprites/blip_sprite_882.png,_REVIEW_THIRD_PARTY/timeline/hex_jobscreator/dist/img/blips/sprites/blip_sprite_882.png,1144,03_REVIEW_HEX_PHONE_TIMELINE
server/[timeline]/hex_jobscreator/dist/img/blips/sprites/blip_sprite_669.png,_REVIEW_THIRD_PARTY/timeline/hex_jobscreator/dist/img/blips/sprites/blip_sprite_669.png,846,03_REVIEW_HEX_PHONE_TIMELINE
server/[timeline]/hex_jobscreator/dist/img/blips/sprites/blip_sprite_536.png,_REVIEW_THIRD_PARTY/timeline/hex_jobscreator/dist/img/blips/sprites/blip_sprite_536.png,910,03_REVIEW_HEX_PHONE_TIMELINE
server/[timeline]/hex_jobscreator/dist/img/blips/sprites/blip_sprite_595.png,_REVIEW_THIRD_PARTY/timeline/hex_jobscreator/dist/img/blips/sprites/blip_sprite_595.png,732,03_REVIEW_HEX_PHONE_TIMELINE
server/[timeline]/hex_jobscreator/dist/img/blips/sprites/blip_sprite_833.png,_REVIEW_THIRD_PARTY/timeline/hex_jobscreator/dist/img/blips/sprites/blip_sprite_833.png,1200,03_REVIEW_HEX_PHONE_TIMELINE
server/[timeline]/hex_jobscreator/dist/img/blips/sprites/blip_sprite_597.png,_REVIEW_THIRD_PARTY/timeline/hex_jobscreator/dist/img/blips/sprites/blip_sprite_597.png,920,03_REVIEW_HEX_PHONE_TIMELINE
server/[timeline]/hex_jobscreator/dist/img/blips/sprites/blip_sprite_647.png,_REVIEW_THIRD_PARTY/timeline/hex_jobscreator/dist/img/blips/sprites/blip_sprite_647.png,1034,03_REVIEW_HEX_PHONE_TIMELINE
server/[timeline]/hex_jobscreator/dist/img/blips/sprites/blip_sprite_434.png,_REVIEW_THIRD_PARTY/timeline/hex_jobscreator/dist/img/blips/sprites/blip_sprite_434.png,668,03_REVIEW_HEX_PHONE_TIMELINE
server/[timeline]/hex_jobscreator/dist/img/blips/sprites/blip_sprite_615.png,_REVIEW_THIRD_PARTY/timeline/hex_jobscreator/dist/img/blips/sprites/blip_sprite_615.png,700,03_REVIEW_HEX_PHONE_TIMELINE
server/[timeline]/hex_jobscreator/dist/img/blips/sprites/blip_sprite_589.png,_REVIEW_THIRD_PARTY/timeline/hex_jobscreator/dist/img/blips/sprites/blip_sprite_589.png,944,03_REVIEW_HEX_PHONE_TIMELINE
server/[timeline]/hex_jobscreator/dist/img/blips/sprites/blip_sprite_691.png,_REVIEW_THIRD_PARTY/timeline/hex_jobscreator/dist/img/blips/sprites/blip_sprite_691.png,472,03_REVIEW_HEX_PHONE_TIMELINE
server/[timeline]/hex_jobscreator/dist/img/blips/sprites/blip_sprite_879.png,_REVIEW_THIRD_PARTY/timeline/hex_jobscreator/dist/img/blips/sprites/blip_sprite_879.png,826,03_REVIEW_HEX_PHONE_TIMELINE
server/[timeline]/hex_jobscreator/dist/img/blips/sprites/blip_sprite_106.png,_REVIEW_THIRD_PARTY/timeline/hex_jobscreator/dist/img/blips/sprites/blip_sprite_106.png,948,03_REVIEW_HEX_PHONE_TIMELINE
server/[timeline]/hex_jobscreator/dist/img/blips/sprites/blip_sprite_77.png,_REVIEW_THIRD_PARTY/timeline/hex_jobscreator/dist/img/blips/sprites/blip_sprite_77.png,306,03_REVIEW_HEX_PHONE_TIMELINE
server/[timeline]/hex_jobscreator/dist/img/blips/sprites/blip_sprite_405.png,_REVIEW_THIRD_PARTY/timeline/hex_jobscreator/dist/img/blips/sprites/blip_sprite_405.png,1000,03_REVIEW_HEX_PHONE_TIMELINE
server/[timeline]/hex_jobscreator/dist/img/blips/sprites/blip_sprite_440.png,_REVIEW_THIRD_PARTY/timeline/hex_jobscreator/dist/img/blips/sprites/blip_sprite_440.png,874,03_REVIEW_HEX_PHONE_TIMELINE
server/[timeline]/hex_jobscreator/dist/img/blips/sprites/blip_sprite_608.png,_REVIEW_THIRD_PARTY/timeline/hex_jobscreator/dist/img/blips/sprites/blip_sprite_608.png,1230,03_REVIEW_HEX_PHONE_TIMELINE
server/[timeline]/hex_jobscreator/dist/img/blips/sprites/blip_sprite_525.png,_REVIEW_THIRD_PARTY/timeline/hex_jobscreator/dist/img/blips/sprites/blip_sprite_525.png,618,03_REVIEW_HEX_PHONE_TIMELINE
server/[timeline]/hex_jobscreator/dist/img/blips/sprites/blip_sprite_680.png,_REVIEW_THIRD_PARTY/timeline/hex_jobscreator/dist/img/blips/sprites/blip_sprite_680.png,860,03_REVIEW_HEX_PHONE_TIMELINE
server/[timeline]/hex_jobscreator/dist/img/blips/sprites/blip_sprite_632.png,_REVIEW_THIRD_PARTY/timeline/hex_jobscreator/dist/img/blips/sprites/blip_sprite_632.png,748,03_REVIEW_HEX_PHONE_TIMELINE
server/[timeline]/hex_jobscreator/dist/img/blips/sprites/blip_sprite_738.png,_REVIEW_THIRD_PARTY/timeline/hex_jobscreator/dist/img/blips/sprites/blip_sprite_738.png,1992,03_REVIEW_HEX_PHONE_TIMELINE
server/[timeline]/hex_jobscreator/dist/img/blips/sprites/blip_sprite_126.png,_REVIEW_THIRD_PARTY/timeline/hex_jobscreator/dist/img/blips/sprites/blip_sprite_126.png,1118,03_REVIEW_HEX_PHONE_TIMELINE
server/[timeline]/hex_jobscreator/dist/img/blips/sprites/blip_sprite_593.png,_REVIEW_THIRD_PARTY/timeline/hex_jobscreator/dist/img/blips/sprites/blip_sprite_593.png,1420,03_REVIEW_HEX_PHONE_TIMELINE
server/[timeline]/hex_jobscreator/dist/img/blips/sprites/blip_sprite_270.png,_REVIEW_THIRD_PARTY/timeline/hex_jobscreator/dist/img/blips/sprites/blip_sprite_270.png,876,03_REVIEW_HEX_PHONE_TIMELINE
server/[timeline]/hex_jobscreator/dist/img/blips/sprites/blip_sprite_480.png,_REVIEW_THIRD_PARTY/timeline/hex_jobscreator/dist/img/blips/sprites/blip_sprite_480.png,770,03_REVIEW_HEX_PHONE_TIMELINE
server/[timeline]/hex_jobscreator/dist/img/blips/sprites/blip_sprite_726.png,_REVIEW_THIRD_PARTY/timeline/hex_jobscreator/dist/img/blips/sprites/blip_sprite_726.png,1068,03_REVIEW_HEX_PHONE_TIMELINE
server/[timeline]/hex_jobscreator/dist/img/blips/sprites/blip_sprite_598.png,_REVIEW_THIRD_PARTY/timeline/hex_jobscreator/dist/img/blips/sprites/blip_sprite_598.png,744,03_REVIEW_HEX_PHONE_TIMELINE
server/[timeline]/hex_jobscreator/dist/img/blips/sprites/blip_sprite_76.png,_REVIEW_THIRD_PARTY/timeline/hex_jobscreator/dist/img/blips/sprites/blip_sprite_76.png,910,03_REVIEW_HEX_PHONE_TIMELINE
server/[timeline]/hex_jobscreator/dist/img/blips/sprites/blip_sprite_153.png,_REVIEW_THIRD_PARTY/timeline/hex_jobscreator/dist/img/blips/sprites/blip_sprite_153.png,436,03_REVIEW_HEX_PHONE_TIMELINE
server/[timeline]/hex_jobscreator/dist/img/blips/sprites/blip_sprite_817.png,_REVIEW_THIRD_PARTY/timeline/hex_jobscreator/dist/img/blips/sprites/blip_sprite_817.png,706,03_REVIEW_HEX_PHONE_TIMELINE
server/[timeline]/hex_jobscreator/dist/img/blips/sprites/blip_sprite_654.png,_REVIEW_THIRD_PARTY/timeline/hex_jobscreator/dist/img/blips/sprites/blip_sprite_654.png,812,03_REVIEW_HEX_PHONE_TIMELINE
server/[timeline]/hex_jobscreator/dist/img/blips/sprites/blip_sprite_251.png,_REVIEW_THIRD_PARTY/timeline/hex_jobscreator/dist/img/blips/sprites/blip_sprite_251.png,818,03_REVIEW_HEX_PHONE_TIMELINE
server/[timeline]/hex_jobscreator/dist/img/blips/sprites/blip_sprite_737.png,_REVIEW_THIRD_PARTY/timeline/hex_jobscreator/dist/img/blips/sprites/blip_sprite_737.png,1414,03_REVIEW_HEX_PHONE_TIMELINE
server/[timeline]/hex_jobscreator/dist/img/blips/sprites/blip_sprite_774.png,_REVIEW_THIRD_PARTY/timeline/hex_jobscreator/dist/img/blips/sprites/blip_sprite_774.png,1498,03_REVIEW_HEX_PHONE_TIMELINE
server/[timeline]/hex_jobscreator/dist/img/blips/sprites/blip_sprite_916.png,_REVIEW_THIRD_PARTY/timeline/hex_jobscreator/dist/img/blips/sprites/blip_sprite_916.png,970,03_REVIEW_HEX_PHONE_TIMELINE
server/[timeline]/hex_jobscreator/dist/img/blips/sprites/blip_sprite_374.png,_REVIEW_THIRD_PARTY/timeline/hex_jobscreator/dist/img/blips/sprites/blip_sprite_374.png,1032,03_REVIEW_HEX_PHONE_TIMELINE
server/[timeline]/hex_jobscreator/dist/img/blips/sprites/blip_sprite_623.png,_REVIEW_THIRD_PARTY/timeline/hex_jobscreator/dist/img/blips/sprites/blip_sprite_623.png,816,03_REVIEW_HEX_PHONE_TIMELINE
server/[timeline]/hex_jobscreator/dist/img/blips/sprites/blip_sprite_772.png,_REVIEW_THIRD_PARTY/timeline/hex_jobscreator/dist/img/blips/sprites/blip_sprite_772.png,1004,03_REVIEW_HEX_PHONE_TIMELINE
server/[timeline]/hex_jobscreator/dist/img/blips/sprites/blip_sprite_866.png,_REVIEW_THIRD_PARTY/timeline/hex_jobscreator/dist/img/blips/sprites/blip_sprite_866.png,1128,03_REVIEW_HEX_PHONE_TIMELINE
server/[timeline]/hex_jobscreator/dist/img/blips/sprites/blip_sprite_205.png,_REVIEW_THIRD_PARTY/timeline/hex_jobscreator/dist/img/blips/sprites/blip_sprite_205.png,1036,03_REVIEW_HEX_PHONE_TIMELINE
server/[timeline]/hex_jobscreator/dist/img/blips/sprites/blip_sprite_776.png,_REVIEW_THIRD_PARTY/timeline/hex_jobscreator/dist/img/blips/sprites/blip_sprite_776.png,1094,03_REVIEW_HEX_PHONE_TIMELINE
server/[timeline]/hex_jobscreator/dist/img/blips/sprites/blip_sprite_870.png,_REVIEW_THIRD_PARTY/timeline/hex_jobscreator/dist/img/blips/sprites/blip_sprite_870.png,914,03_REVIEW_HEX_PHONE_TIMELINE
server/[timeline]/hex_jobscreator/dist/img/blips/sprites/blip_sprite_581.png,_REVIEW_THIRD_PARTY/timeline/hex_jobscreator/dist/img/blips/sprites/blip_sprite_581.png,880,03_REVIEW_HEX_PHONE_TIMELINE
server/[timeline]/hex_jobscreator/dist/img/blips/sprites/blip_sprite_883.png,_REVIEW_THIRD_PARTY/timeline/hex_jobscreator/dist/img/blips/sprites/blip_sprite_883.png,1058,03_REVIEW_HEX_PHONE_TIMELINE
server/[timeline]/hex_jobscreator/dist/img/blips/sprites/blip_sprite_564.png,_REVIEW_THIRD_PARTY/timeline/hex_jobscreator/dist/img/blips/sprites/blip_sprite_564.png,916,03_REVIEW_HEX_PHONE_TIMELINE
server/[timeline]/hex_jobscreator/dist/img/blips/colors/blip_color_38.png,_REVIEW_THIRD_PARTY/timeline/hex_jobscreator/dist/img/blips/colors/blip_color_38.png,254,03_REVIEW_HEX_PHONE_TIMELINE
server/[timeline]/hex_jobscreator/dist/img/blips/colors/blip_color_61.png,_REVIEW_THIRD_PARTY/timeline/hex_jobscreator/dist/img/blips/colors/blip_color_61.png,250,03_REVIEW_HEX_PHONE_TIMELINE
server/[timeline]/hex_jobscreator/dist/img/blips/colors/blip_color_60.png,_REVIEW_THIRD_PARTY/timeline/hex_jobscreator/dist/img/blips/colors/blip_color_60.png,242,03_REVIEW_HEX_PHONE_TIMELINE
server/[timeline]/hex_jobscreator/dist/img/blips/colors/blip_color_52.png,_REVIEW_THIRD_PARTY/timeline/hex_jobscreator/dist/img/blips/colors/blip_color_52.png,208,03_REVIEW_HEX_PHONE_TIMELINE
server/[timeline]/hex_jobscreator/dist/img/blips/colors/blip_color_62.png,_REVIEW_THIRD_PARTY/timeline/hex_jobscreator/dist/img/blips/colors/blip_color_62.png,130,03_REVIEW_HEX_PHONE_TIMELINE
server/[timeline]/hex_jobscreator/dist/img/blips/colors/blip_color_21.png,_REVIEW_THIRD_PARTY/timeline/hex_jobscreator/dist/img/blips/colors/blip_color_21.png,252,03_REVIEW_HEX_PHONE_TIMELINE
server/[timeline]/hex_jobscreator/dist/img/blips/colors/blip_color_75.png,_REVIEW_THIRD_PARTY/timeline/hex_jobscreator/dist/img/blips/colors/blip_color_75.png,216,03_REVIEW_HEX_PHONE_TIMELINE
server/[timeline]/hex_jobscreator/dist/img/blips/colors/blip_color_27.png,_REVIEW_THIRD_PARTY/timeline/hex_jobscreator/dist/img/blips/colors/blip_color_27.png,258,03_REVIEW_HEX_PHONE_TIMELINE
server/[timeline]/hex_jobscreator/dist/img/blips/colors/blip_color_68.png,_REVIEW_THIRD_PARTY/timeline/hex_jobscreator/dist/img/blips/colors/blip_color_68.png,266,03_REVIEW_HEX_PHONE_TIMELINE
server/[timeline]/hex_jobscreator/dist/img/blips/colors/blip_color_53.png,_REVIEW_THIRD_PARTY/timeline/hex_jobscreator/dist/img/blips/colors/blip_color_53.png,260,03_REVIEW_HEX_PHONE_TIMELINE
server/[timeline]/hex_jobscreator/dist/img/blips/colors/blip_color_51.png,_REVIEW_THIRD_PARTY/timeline/hex_jobscreator/dist/img/blips/colors/blip_color_51.png,244,03_REVIEW_HEX_PHONE_TIMELINE
server/[timeline]/hex_jobscreator/dist/img/blips/colors/blip_color_65.png,_REVIEW_THIRD_PARTY/timeline/hex_jobscreator/dist/img/blips/colors/blip_color_65.png,240,03_REVIEW_HEX_PHONE_TIMELINE
server/[timeline]/hex_jobscreator/dist/img/blips/colors/blip_color_41.png,_REVIEW_THIRD_PARTY/timeline/hex_jobscreator/dist/img/blips/colors/blip_color_41.png,204,03_REVIEW_HEX_PHONE_TIMELINE
server/[timeline]/hex_jobscreator/dist/img/blips/colors/blip_color_29.png,_REVIEW_THIRD_PARTY/timeline/hex_jobscreator/dist/img/blips/colors/blip_color_29.png,250,03_REVIEW_HEX_PHONE_TIMELINE
server/[timeline]/hex_jobscreator/dist/img/blips/colors/blip_color_14.png,_REVIEW_THIRD_PARTY/timeline/hex_jobscreator/dist/img/blips/colors/blip_color_14.png,250,03_REVIEW_HEX_PHONE_TIMELINE
server/[timeline]/hex_jobscreator/dist/img/blips/colors/blip_color_6.png,_REVIEW_THIRD_PARTY/timeline/hex_jobscreator/dist/img/blips/colors/blip_color_6.png,258,03_REVIEW_HEX_PHONE_TIMELINE
server/[timeline]/hex_jobscreator/dist/img/blips/colors/blip_color_18.png,_REVIEW_THIRD_PARTY/timeline/hex_jobscreator/dist/img/blips/colors/blip_color_18.png,246,03_REVIEW_HEX_PHONE_TIMELINE
server/[timeline]/hex_jobscreator/dist/img/blips/colors/blip_color_76.png,_REVIEW_THIRD_PARTY/timeline/hex_jobscreator/dist/img/blips/colors/blip_color_76.png,200,03_REVIEW_HEX_PHONE_TIMELINE
server/[timeline]/hex_jobscreator/dist/img/blips/colors/blip_color_77.png,_REVIEW_THIRD_PARTY/timeline/hex_jobscreator/dist/img/blips/colors/blip_color_77.png,266,03_REVIEW_HEX_PHONE_TIMELINE
server/[timeline]/hex_jobscreator/dist/img/blips/colors/blip_color_5.png,_REVIEW_THIRD_PARTY/timeline/hex_jobscreator/dist/img/blips/colors/blip_color_5.png,242,03_REVIEW_HEX_PHONE_TIMELINE
server/[timeline]/hex_jobscreator/dist/img/blips/colors/blip_color_37.png,_REVIEW_THIRD_PARTY/timeline/hex_jobscreator/dist/img/blips/colors/blip_color_37.png,132,03_REVIEW_HEX_PHONE_TIMELINE
server/[timeline]/hex_jobscreator/dist/img/blips/colors/blip_color_43.png,_REVIEW_THIRD_PARTY/timeline/hex_jobscreator/dist/img/blips/colors/blip_color_43.png,256,03_REVIEW_HEX_PHONE_TIMELINE
server/[timeline]/hex_jobscreator/dist/img/blips/colors/blip_color_47.png,_REVIEW_THIRD_PARTY/timeline/hex_jobscreator/dist/img/blips/colors/blip_color_47.png,246,03_REVIEW_HEX_PHONE_TIMELINE
server/[timeline]/hex_jobscreator/dist/img/blips/colors/blip_color_74.png,_REVIEW_THIRD_PARTY/timeline/hex_jobscreator/dist/img/blips/colors/blip_color_74.png,266,03_REVIEW_HEX_PHONE_TIMELINE
server/[timeline]/hex_jobscreator/dist/img/blips/colors/blip_color_40.png,_REVIEW_THIRD_PARTY/timeline/hex_jobscreator/dist/img/blips/colors/blip_color_40.png,140,03_REVIEW_HEX_PHONE_TIMELINE
server/[timeline]/hex_jobscreator/dist/img/blips/colors/blip_color_55.png,_REVIEW_THIRD_PARTY/timeline/hex_jobscreator/dist/img/blips/colors/blip_color_55.png,128,03_REVIEW_HEX_PHONE_TIMELINE
server/[timeline]/hex_jobscreator/dist/img/blips/colors/blip_color_71.png,_REVIEW_THIRD_PARTY/timeline/hex_jobscreator/dist/img/blips/colors/blip_color_71.png,242,03_REVIEW_HEX_PHONE_TIMELINE
server/[timeline]/hex_jobscreator/dist/img/blips/colors/blip_color_13.png,_REVIEW_THIRD_PARTY/timeline/hex_jobscreator/dist/img/blips/colors/blip_color_13.png,260,03_REVIEW_HEX_PHONE_TIMELINE
server/[timeline]/hex_jobscreator/dist/img/blips/colors/blip_color_35.png,_REVIEW_THIRD_PARTY/timeline/hex_jobscreator/dist/img/blips/colors/blip_color_35.png,208,03_REVIEW_HEX_PHONE_TIMELINE
server/[timeline]/hex_jobscreator/dist/img/blips/colors/blip_color_20.png,_REVIEW_THIRD_PARTY/timeline/hex_jobscreator/dist/img/blips/colors/blip_color_20.png,252,03_REVIEW_HEX_PHONE_TIMELINE
server/[timeline]/hex_jobscreator/dist/img/blips/colors/blip_color_7.png,_REVIEW_THIRD_PARTY/timeline/hex_jobscreator/dist/img/blips/colors/blip_color_7.png,250,03_REVIEW_HEX_PHONE_TIMELINE
server/[timeline]/hex_jobscreator/dist/img/blips/colors/blip_color_42.png,_REVIEW_THIRD_PARTY/timeline/hex_jobscreator/dist/img/blips/colors/blip_color_42.png,254,03_REVIEW_HEX_PHONE_TIMELINE
server/[timeline]/hex_jobscreator/dist/img/blips/colors/blip_color_1.png,_REVIEW_THIRD_PARTY/timeline/hex_jobscreator/dist/img/blips/colors/blip_color_1.png,216,03_REVIEW_HEX_PHONE_TIMELINE
server/[timeline]/hex_jobscreator/dist/img/blips/colors/blip_color_8.png,_REVIEW_THIRD_PARTY/timeline/hex_jobscreator/dist/img/blips/colors/blip_color_8.png,244,03_REVIEW_HEX_PHONE_TIMELINE
server/[timeline]/hex_jobscreator/dist/img/blips/colors/blip_color_2.png,_REVIEW_THIRD_PARTY/timeline/hex_jobscreator/dist/img/blips/colors/blip_color_2.png,206,03_REVIEW_HEX_PHONE_TIMELINE
server/[timeline]/hex_jobscreator/dist/img/blips/colors/blip_color_85.png,_REVIEW_THIRD_PARTY/timeline/hex_jobscreator/dist/img/blips/colors/blip_color_85.png,34,03_REVIEW_HEX_PHONE_TIMELINE
server/[timeline]/hex_jobscreator/dist/img/blips/colors/blip_color_46.png,_REVIEW_THIRD_PARTY/timeline/hex_jobscreator/dist/img/blips/colors/blip_color_46.png,246,03_REVIEW_HEX_PHONE_TIMELINE
server/[timeline]/hex_jobscreator/dist/img/blips/colors/blip_color_39.png,_REVIEW_THIRD_PARTY/timeline/hex_jobscreator/dist/img/blips/colors/blip_color_39.png,128,03_REVIEW_HEX_PHONE_TIMELINE
server/[timeline]/hex_jobscreator/dist/img/blips/colors/blip_color_78.png,_REVIEW_THIRD_PARTY/timeline/hex_jobscreator/dist/img/blips/colors/blip_color_78.png,260,03_REVIEW_HEX_PHONE_TIMELINE
server/[timeline]/hex_jobscreator/dist/img/blips/colors/blip_color_23.png,_REVIEW_THIRD_PARTY/timeline/hex_jobscreator/dist/img/blips/colors/blip_color_23.png,254,03_REVIEW_HEX_PHONE_TIMELINE
server/[timeline]/hex_jobscreator/dist/img/blips/colors/blip_color_31.png,_REVIEW_THIRD_PARTY/timeline/hex_jobscreator/dist/img/blips/colors/blip_color_31.png,254,03_REVIEW_HEX_PHONE_TIMELINE
server/[timeline]/hex_jobscreator/dist/img/blips/colors/blip_color_84.png,_REVIEW_THIRD_PARTY/timeline/hex_jobscreator/dist/img/blips/colors/blip_color_84.png,266,03_REVIEW_HEX_PHONE_TIMELINE
server/[timeline]/hex_jobscreator/dist/img/blips/colors/blip_color_34.png,_REVIEW_THIRD_PARTY/timeline/hex_jobscreator/dist/img/blips/colors/blip_color_34.png,242,03_REVIEW_HEX_PHONE_TIMELINE
server/[timeline]/hex_jobscreator/dist/img/blips/colors/blip_color_32.png,_REVIEW_THIRD_PARTY/timeline/hex_jobscreator/dist/img/blips/colors/blip_color_32.png,260,03_REVIEW_HEX_PHONE_TIMELINE
server/[timeline]/hex_jobscreator/dist/img/blips/colors/blip_color_12.png,_REVIEW_THIRD_PARTY/timeline/hex_jobscreator/dist/img/blips/colors/blip_color_12.png,240,03_REVIEW_HEX_PHONE_TIMELINE
server/[timeline]/hex_jobscreator/dist/img/blips/colors/blip_color_58.png,_REVIEW_THIRD_PARTY/timeline/hex_jobscreator/dist/img/blips/colors/blip_color_58.png,246,03_REVIEW_HEX_PHONE_TIMELINE
server/[timeline]/hex_jobscreator/dist/img/blips/colors/blip_color_4.png,_REVIEW_THIRD_PARTY/timeline/hex_jobscreator/dist/img/blips/colors/blip_color_4.png,132,03_REVIEW_HEX_PHONE_TIMELINE
server/[timeline]/hex_jobscreator/dist/img/blips/colors/blip_color_16.png,_REVIEW_THIRD_PARTY/timeline/hex_jobscreator/dist/img/blips/colors/blip_color_16.png,262,03_REVIEW_HEX_PHONE_TIMELINE
server/[timeline]/hex_jobscreator/dist/img/blips/colors/blip_color_45.png,_REVIEW_THIRD_PARTY/timeline/hex_jobscreator/dist/img/blips/colors/blip_color_45.png,132,03_REVIEW_HEX_PHONE_TIMELINE
server/[timeline]/hex_jobscreator/dist/img/blips/colors/blip_color_3.png,_REVIEW_THIRD_PARTY/timeline/hex_jobscreator/dist/img/blips/colors/blip_color_3.png,266,03_REVIEW_HEX_PHONE_TIMELINE
server/[timeline]/hex_jobscreator/dist/img/blips/colors/blip_color_54.png,_REVIEW_THIRD_PARTY/timeline/hex_jobscreator/dist/img/blips/colors/blip_color_54.png,260,03_REVIEW_HEX_PHONE_TIMELINE
server/[timeline]/hex_jobscreator/dist/img/blips/colors/blip_color_26.png,_REVIEW_THIRD_PARTY/timeline/hex_jobscreator/dist/img/blips/colors/blip_color_26.png,190,03_REVIEW_HEX_PHONE_TIMELINE
server/[timeline]/hex_jobscreator/dist/img/blips/colors/blip_color_72.png,_REVIEW_THIRD_PARTY/timeline/hex_jobscreator/dist/img/blips/colors/blip_color_72.png,34,03_REVIEW_HEX_PHONE_TIMELINE
server/[timeline]/hex_jobscreator/dist/img/blips/colors/blip_color_67.png,_REVIEW_THIRD_PARTY/timeline/hex_jobscreator/dist/img/blips/colors/blip_color_67.png,266,03_REVIEW_HEX_PHONE_TIMELINE
server/[timeline]/hex_jobscreator/dist/img/blips/colors/blip_color_22.png,_REVIEW_THIRD_PARTY/timeline/hex_jobscreator/dist/img/blips/colors/blip_color_22.png,250,03_REVIEW_HEX_PHONE_TIMELINE
server/[timeline]/hex_jobscreator/dist/img/blips/colors/blip_color_48.png,_REVIEW_THIRD_PARTY/timeline/hex_jobscreator/dist/img/blips/colors/blip_color_48.png,254,03_REVIEW_HEX_PHONE_TIMELINE
server/[timeline]/hex_jobscreator/dist/img/blips/colors/blip_color_19.png,_REVIEW_THIRD_PARTY/timeline/hex_jobscreator/dist/img/blips/colors/blip_color_19.png,248,03_REVIEW_HEX_PHONE_TIMELINE
server/[timeline]/hex_jobscreator/dist/img/blips/colors/blip_color_33.png,_REVIEW_THIRD_PARTY/timeline/hex_jobscreator/dist/img/blips/colors/blip_color_33.png,212,03_REVIEW_HEX_PHONE_TIMELINE
server/[timeline]/hex_jobscreator/dist/img/blips/colors/blip_color_49.png,_REVIEW_THIRD_PARTY/timeline/hex_jobscreator/dist/img/blips/colors/blip_color_49.png,216,03_REVIEW_HEX_PHONE_TIMELINE
server/[timeline]/hex_jobscreator/dist/img/blips/colors/blip_color_64.png,_REVIEW_THIRD_PARTY/timeline/hex_jobscreator/dist/img/blips/colors/blip_color_64.png,212,03_REVIEW_HEX_PHONE_TIMELINE
server/[timeline]/hex_jobscreator/dist/img/blips/colors/blip_color_36.png,_REVIEW_THIRD_PARTY/timeline/hex_jobscreator/dist/img/blips/colors/blip_color_36.png,248,03_REVIEW_HEX_PHONE_TIMELINE
server/[timeline]/hex_jobscreator/dist/img/blips/colors/blip_color_56.png,_REVIEW_THIRD_PARTY/timeline/hex_jobscreator/dist/img/blips/colors/blip_color_56.png,244,03_REVIEW_HEX_PHONE_TIMELINE
server/[timeline]/hex_jobscreator/dist/img/blips/colors/blip_color_73.png,_REVIEW_THIRD_PARTY/timeline/hex_jobscreator/dist/img/blips/colors/blip_color_73.png,242,03_REVIEW_HEX_PHONE_TIMELINE
server/[timeline]/hex_jobscreator/dist/img/blips/colors/blip_color_28.png,_REVIEW_THIRD_PARTY/timeline/hex_jobscreator/dist/img/blips/colors/blip_color_28.png,238,03_REVIEW_HEX_PHONE_TIMELINE
server/[timeline]/hex_jobscreator/dist/img/blips/colors/blip_color_44.png,_REVIEW_THIRD_PARTY/timeline/hex_jobscreator/dist/img/blips/colors/blip_color_44.png,262,03_REVIEW_HEX_PHONE_TIMELINE
server/[timeline]/hex_jobscreator/dist/img/blips/colors/blip_color_79.png,_REVIEW_THIRD_PARTY/timeline/hex_jobscreator/dist/img/blips/colors/blip_color_79.png,216,03_REVIEW_HEX_PHONE_TIMELINE
server/[timeline]/hex_jobscreator/dist/img/blips/colors/blip_color_82.png,_REVIEW_THIRD_PARTY/timeline/hex_jobscreator/dist/img/blips/colors/blip_color_82.png,252,03_REVIEW_HEX_PHONE_TIMELINE
server/[timeline]/hex_jobscreator/dist/img/blips/colors/blip_color_69.png,_REVIEW_THIRD_PARTY/timeline/hex_jobscreator/dist/img/blips/colors/blip_color_69.png,206,03_REVIEW_HEX_PHONE_TIMELINE
server/[timeline]/hex_jobscreator/dist/img/blips/colors/blip_color_57.png,_REVIEW_THIRD_PARTY/timeline/hex_jobscreator/dist/img/blips/colors/blip_color_57.png,266,03_REVIEW_HEX_PHONE_TIMELINE
server/[timeline]/hex_jobscreator/dist/img/blips/colors/blip_color_9.png,_REVIEW_THIRD_PARTY/timeline/hex_jobscreator/dist/img/blips/colors/blip_color_9.png,208,03_REVIEW_HEX_PHONE_TIMELINE
server/[timeline]/hex_jobscreator/dist/img/blips/colors/blip_color_17.png,_REVIEW_THIRD_PARTY/timeline/hex_jobscreator/dist/img/blips/colors/blip_color_17.png,256,03_REVIEW_HEX_PHONE_TIMELINE
server/[timeline]/hex_jobscreator/dist/img/blips/colors/blip_color_15.png,_REVIEW_THIRD_PARTY/timeline/hex_jobscreator/dist/img/blips/colors/blip_color_15.png,250,03_REVIEW_HEX_PHONE_TIMELINE
server/[timeline]/hex_jobscreator/dist/img/blips/colors/blip_color_50.png,_REVIEW_THIRD_PARTY/timeline/hex_jobscreator/dist/img/blips/colors/blip_color_50.png,258,03_REVIEW_HEX_PHONE_TIMELINE
server/[timeline]/hex_jobscreator/dist/img/blips/colors/blip_color_10.png,_REVIEW_THIRD_PARTY/timeline/hex_jobscreator/dist/img/blips/colors/blip_color_10.png,252,03_REVIEW_HEX_PHONE_TIMELINE
server/[timeline]/hex_jobscreator/dist/img/blips/colors/blip_color_80.png,_REVIEW_THIRD_PARTY/timeline/hex_jobscreator/dist/img/blips/colors/blip_color_80.png,266,03_REVIEW_HEX_PHONE_TIMELINE
server/[timeline]/hex_jobscreator/dist/img/blips/colors/blip_color_70.png,_REVIEW_THIRD_PARTY/timeline/hex_jobscreator/dist/img/blips/colors/blip_color_70.png,242,03_REVIEW_HEX_PHONE_TIMELINE
server/[timeline]/hex_jobscreator/dist/img/blips/colors/blip_color_11.png,_REVIEW_THIRD_PARTY/timeline/hex_jobscreator/dist/img/blips/colors/blip_color_11.png,250,03_REVIEW_HEX_PHONE_TIMELINE
server/[timeline]/hex_jobscreator/dist/img/blips/colors/blip_color_81.png,_REVIEW_THIRD_PARTY/timeline/hex_jobscreator/dist/img/blips/colors/blip_color_81.png,244,03_REVIEW_HEX_PHONE_TIMELINE
server/[timeline]/hex_jobscreator/dist/img/blips/colors/blip_color_63.png,_REVIEW_THIRD_PARTY/timeline/hex_jobscreator/dist/img/blips/colors/blip_color_63.png,258,03_REVIEW_HEX_PHONE_TIMELINE
server/[timeline]/hex_jobscreator/dist/img/blips/colors/blip_color_83.png,_REVIEW_THIRD_PARTY/timeline/hex_jobscreator/dist/img/blips/colors/blip_color_83.png,216,03_REVIEW_HEX_PHONE_TIMELINE
server/[timeline]/hex_jobscreator/dist/img/blips/colors/blip_color_30.png,_REVIEW_THIRD_PARTY/timeline/hex_jobscreator/dist/img/blips/colors/blip_color_30.png,234,03_REVIEW_HEX_PHONE_TIMELINE
server/[timeline]/hex_jobscreator/dist/img/blips/colors/blip_color_59.png,_REVIEW_THIRD_PARTY/timeline/hex_jobscreator/dist/img/blips/colors/blip_color_59.png,216,03_REVIEW_HEX_PHONE_TIMELINE
server/[timeline]/hex_jobscreator/dist/img/blips/colors/blip_color_25.png,_REVIEW_THIRD_PARTY/timeline/hex_jobscreator/dist/img/blips/colors/blip_color_25.png,250,03_REVIEW_HEX_PHONE_TIMELINE
server/[timeline]/hex_jobscreator/dist/img/blips/colors/blip_color_24.png,_REVIEW_THIRD_PARTY/timeline/hex_jobscreator/dist/img/blips/colors/blip_color_24.png,258,03_REVIEW_HEX_PHONE_TIMELINE
server/[timeline]/hex_jobscreator/dist/img/blips/colors/blip_color_66.png,_REVIEW_THIRD_PARTY/timeline/hex_jobscreator/dist/img/blips/colors/blip_color_66.png,242,03_REVIEW_HEX_PHONE_TIMELINE
server/[timeline]/hex_jobscreator/dist/img/palm.png,_REVIEW_THIRD_PARTY/timeline/hex_jobscreator/dist/img/palm.png,8157,03_REVIEW_HEX_PHONE_TIMELINE
server/[timeline]/hex_jobscreator/dist/img/marker/types/marker_type_40.png,_REVIEW_THIRD_PARTY/timeline/hex_jobscreator/dist/img/marker/types/marker_type_40.png,56007,03_REVIEW_HEX_PHONE_TIMELINE
server/[timeline]/hex_jobscreator/dist/img/marker/types/marker_type_17.png,_REVIEW_THIRD_PARTY/timeline/hex_jobscreator/dist/img/marker/types/marker_type_17.png,53678,03_REVIEW_HEX_PHONE_TIMELINE
server/[timeline]/hex_jobscreator/dist/img/marker/types/marker_type_14.png,_REVIEW_THIRD_PARTY/timeline/hex_jobscreator/dist/img/marker/types/marker_type_14.png,54979,03_REVIEW_HEX_PHONE_TIMELINE
server/[timeline]/hex_jobscreator/dist/img/marker/types/marker_type_19.png,_REVIEW_THIRD_PARTY/timeline/hex_jobscreator/dist/img/marker/types/marker_type_19.png,55171,03_REVIEW_HEX_PHONE_TIMELINE
server/[timeline]/hex_jobscreator/dist/img/marker/types/marker_type_26.png,_REVIEW_THIRD_PARTY/timeline/hex_jobscreator/dist/img/marker/types/marker_type_26.png,51121,03_REVIEW_HEX_PHONE_TIMELINE
server/[timeline]/hex_jobscreator/dist/img/marker/types/marker_type_18.png,_REVIEW_THIRD_PARTY/timeline/hex_jobscreator/dist/img/marker/types/marker_type_18.png,55285,03_REVIEW_HEX_PHONE_TIMELINE
server/[timeline]/hex_jobscreator/dist/img/marker/types/marker_type_37.png,_REVIEW_THIRD_PARTY/timeline/hex_jobscreator/dist/img/marker/types/marker_type_37.png,53882,03_REVIEW_HEX_PHONE_TIMELINE
server/[timeline]/hex_jobscreator/dist/img/marker/types/marker_type_25.png,_REVIEW_THIRD_PARTY/timeline/hex_jobscreator/dist/img/marker/types/marker_type_25.png,51131,03_REVIEW_HEX_PHONE_TIMELINE
server/[timeline]/hex_jobscreator/dist/img/marker/types/marker_type_11.png,_REVIEW_THIRD_PARTY/timeline/hex_jobscreator/dist/img/marker/types/marker_type_11.png,54190,03_REVIEW_HEX_PHONE_TIMELINE
server/[timeline]/hex_jobscreator/dist/img/marker/types/marker_type_29.png,_REVIEW_THIRD_PARTY/timeline/hex_jobscreator/dist/img/marker/types/marker_type_29.png,53509,03_REVIEW_HEX_PHONE_TIMELINE
server/[timeline]/hex_jobscreator/dist/img/marker/types/marker_type_2.png,_REVIEW_THIRD_PARTY/timeline/hex_jobscreator/dist/img/marker/types/marker_type_2.png,52669,03_REVIEW_HEX_PHONE_TIMELINE
server/[timeline]/hex_jobscreator/dist/img/marker/types/marker_type_36.png,_REVIEW_THIRD_PARTY/timeline/hex_jobscreator/dist/img/marker/types/marker_type_36.png,53721,03_REVIEW_HEX_PHONE_TIMELINE
server/[timeline]/hex_jobscreator/dist/img/marker/types/marker_type_27.png,_REVIEW_THIRD_PARTY/timeline/hex_jobscreator/dist/img/marker/types/marker_type_27.png,51257,03_REVIEW_HEX_PHONE_TIMELINE
server/[timeline]/hex_jobscreator/dist/img/marker/types/marker_type_33.png,_REVIEW_THIRD_PARTY/timeline/hex_jobscreator/dist/img/marker/types/marker_type_33.png,54804,03_REVIEW_HEX_PHONE_TIMELINE
server/[timeline]/hex_jobscreator/dist/img/marker/types/marker_type_28.png,_REVIEW_THIRD_PARTY/timeline/hex_jobscreator/dist/img/marker/types/marker_type_28.png,51842,03_REVIEW_HEX_PHONE_TIMELINE
server/[timeline]/hex_jobscreator/dist/img/marker/types/marker_type_1.png,_REVIEW_THIRD_PARTY/timeline/hex_jobscreator/dist/img/marker/types/marker_type_1.png,52815,03_REVIEW_HEX_PHONE_TIMELINE
server/[timeline]/hex_jobscreator/dist/img/marker/types/marker_type_13.png,_REVIEW_THIRD_PARTY/timeline/hex_jobscreator/dist/img/marker/types/marker_type_13.png,54903,03_REVIEW_HEX_PHONE_TIMELINE
server/[timeline]/hex_jobscreator/dist/img/marker/types/marker_type_20.png,_REVIEW_THIRD_PARTY/timeline/hex_jobscreator/dist/img/marker/types/marker_type_20.png,52648,03_REVIEW_HEX_PHONE_TIMELINE
server/[timeline]/hex_jobscreator/dist/img/marker/types/marker_type_31.png,_REVIEW_THIRD_PARTY/timeline/hex_jobscreator/dist/img/marker/types/marker_type_31.png,55502,03_REVIEW_HEX_PHONE_TIMELINE
server/[timeline]/hex_jobscreator/dist/img/marker/types/marker_type_10.png,_REVIEW_THIRD_PARTY/timeline/hex_jobscreator/dist/img/marker/types/marker_type_10.png,55429,03_REVIEW_HEX_PHONE_TIMELINE
server/[timeline]/hex_jobscreator/dist/img/marker/types/marker_type_0.png,_REVIEW_THIRD_PARTY/timeline/hex_jobscreator/dist/img/marker/types/marker_type_0.png,56361,03_REVIEW_HEX_PHONE_TIMELINE
server/[timeline]/hex_jobscreator/dist/img/marker/types/marker_type_9.png,_REVIEW_THIRD_PARTY/timeline/hex_jobscreator/dist/img/marker/types/marker_type_9.png,54854,03_REVIEW_HEX_PHONE_TIMELINE
server/[timeline]/hex_jobscreator/dist/img/marker/types/marker_type_41.png,_REVIEW_THIRD_PARTY/timeline/hex_jobscreator/dist/img/marker/types/marker_type_41.png,54819,03_REVIEW_HEX_PHONE_TIMELINE
server/[timeline]/hex_jobscreator/dist/img/marker/types/marker_type_15.png,_REVIEW_THIRD_PARTY/timeline/hex_jobscreator/dist/img/marker/types/marker_type_15.png,55174,03_REVIEW_HEX_PHONE_TIMELINE
server/[timeline]/hex_jobscreator/dist/img/marker/types/marker_type_12.png,_REVIEW_THIRD_PARTY/timeline/hex_jobscreator/dist/img/marker/types/marker_type_12.png,53740,03_REVIEW_HEX_PHONE_TIMELINE
server/[timeline]/hex_jobscreator/dist/img/marker/types/marker_type_16.png,_REVIEW_THIRD_PARTY/timeline/hex_jobscreator/dist/img/marker/types/marker_type_16.png,55703,03_REVIEW_HEX_PHONE_TIMELINE
server/[timeline]/hex_jobscreator/dist/img/marker/types/marker_type_30.png,_REVIEW_THIRD_PARTY/timeline/hex_jobscreator/dist/img/marker/types/marker_type_30.png,51628,03_REVIEW_HEX_PHONE_TIMELINE
server/[timeline]/hex_jobscreator/dist/img/marker/types/marker_type_21.png,_REVIEW_THIRD_PARTY/timeline/hex_jobscreator/dist/img/marker/types/marker_type_21.png,54542,03_REVIEW_HEX_PHONE_TIMELINE
server/[timeline]/hex_jobscreator/dist/img/marker/types/marker_type_39.png,_REVIEW_THIRD_PARTY/timeline/hex_jobscreator/dist/img/marker/types/marker_type_39.png,54302,03_REVIEW_HEX_PHONE_TIMELINE
server/[timeline]/hex_jobscreator/dist/img/marker/types/marker_type_34.png,_REVIEW_THIRD_PARTY/timeline/hex_jobscreator/dist/img/marker/types/marker_type_34.png,54383,03_REVIEW_HEX_PHONE_TIMELINE
server/[timeline]/hex_jobscreator/dist/img/marker/types/marker_type_35.png,_REVIEW_THIRD_PARTY/timeline/hex_jobscreator/dist/img/marker/types/marker_type_35.png,55284,03_REVIEW_HEX_PHONE_TIMELINE
server/[timeline]/hex_jobscreator/dist/img/marker/types/marker_type_32.png,_REVIEW_THIRD_PARTY/timeline/hex_jobscreator/dist/img/marker/types/marker_type_32.png,54542,03_REVIEW_HEX_PHONE_TIMELINE
server/[timeline]/hex_jobscreator/dist/img/marker/types/marker_type_6.png,_REVIEW_THIRD_PARTY/timeline/hex_jobscreator/dist/img/marker/types/marker_type_6.png,56087,03_REVIEW_HEX_PHONE_TIMELINE
server/[timeline]/hex_jobscreator/dist/img/marker/types/marker_type_42.png,_REVIEW_THIRD_PARTY/timeline/hex_jobscreator/dist/img/marker/types/marker_type_42.png,57537,03_REVIEW_HEX_PHONE_TIMELINE
server/[timeline]/hex_jobscreator/dist/img/marker/types/marker_type_43.png,_REVIEW_THIRD_PARTY/timeline/hex_jobscreator/dist/img/marker/types/marker_type_43.png,53728,03_REVIEW_HEX_PHONE_TIMELINE
server/[timeline]/hex_jobscreator/dist/img/marker/types/marker_type_44.png,_REVIEW_THIRD_PARTY/timeline/hex_jobscreator/dist/img/marker/types/marker_type_44.png,77350,03_REVIEW_HEX_PHONE_TIMELINE
server/[timeline]/hex_jobscreator/dist/img/marker/types/marker_type_3.png,_REVIEW_THIRD_PARTY/timeline/hex_jobscreator/dist/img/marker/types/marker_type_3.png,55525,03_REVIEW_HEX_PHONE_TIMELINE
server/[timeline]/hex_jobscreator/dist/img/marker/types/marker_type_24.png,_REVIEW_THIRD_PARTY/timeline/hex_jobscreator/dist/img/marker/types/marker_type_24.png,55480,03_REVIEW_HEX_PHONE_TIMELINE
server/[timeline]/hex_jobscreator/dist/img/marker/types/marker_type_23.png,_REVIEW_THIRD_PARTY/timeline/hex_jobscreator/dist/img/marker/types/marker_type_23.png,51159,03_REVIEW_HEX_PHONE_TIMELINE
server/[timeline]/hex_jobscreator/dist/img/marker/types/marker_type_4.png,_REVIEW_THIRD_PARTY/timeline/hex_jobscreator/dist/img/marker/types/marker_type_4.png,54766,03_REVIEW_HEX_PHONE_TIMELINE
server/[timeline]/hex_jobscreator/dist/img/marker/types/marker_type_8.png,_REVIEW_THIRD_PARTY/timeline/hex_jobscreator/dist/img/marker/types/marker_type_8.png,54051,03_REVIEW_HEX_PHONE_TIMELINE
server/[timeline]/hex_jobscreator/dist/img/marker/types/marker_type_5.png,_REVIEW_THIRD_PARTY/timeline/hex_jobscreator/dist/img/marker/types/marker_type_5.png,54438,03_REVIEW_HEX_PHONE_TIMELINE
server/[timeline]/hex_jobscreator/dist/img/marker/types/marker_type_7.png,_REVIEW_THIRD_PARTY/timeline/hex_jobscreator/dist/img/marker/types/marker_type_7.png,51790,03_REVIEW_HEX_PHONE_TIMELINE
server/[timeline]/hex_jobscreator/dist/img/marker/types/marker_type_22.png,_REVIEW_THIRD_PARTY/timeline/hex_jobscreator/dist/img/marker/types/marker_type_22.png,55696,03_REVIEW_HEX_PHONE_TIMELINE
server/[timeline]/hex_jobscreator/dist/img/marker/types/marker_type_38.png,_REVIEW_THIRD_PARTY/timeline/hex_jobscreator/dist/img/marker/types/marker_type_38.png,56481,03_REVIEW_HEX_PHONE_TIMELINE
server/[timeline]/hex_jobscreator/dist/css/font/Bender/Bender-BoldItalic.otf,_REVIEW_THIRD_PARTY/timeline/hex_jobscreator/dist/css/font/Bender/Bender-BoldItalic.otf,49736,03_REVIEW_HEX_PHONE_TIMELINE
server/[timeline]/hex_jobscreator/dist/css/font/Bender/Bender-Light.otf,_REVIEW_THIRD_PARTY/timeline/hex_jobscreator/dist/css/font/Bender/Bender-Light.otf,51024,03_REVIEW_HEX_PHONE_TIMELINE
server/[timeline]/hex_jobscreator/dist/css/font/Bender/Bender-Italic.otf,_REVIEW_THIRD_PARTY/timeline/hex_jobscreator/dist/css/font/Bender/Bender-Italic.otf,49312,03_REVIEW_HEX_PHONE_TIMELINE
server/[timeline]/hex_jobscreator/dist/css/font/Bender/Bender.otf,_REVIEW_THIRD_PARTY/timeline/hex_jobscreator/dist/css/font/Bender/Bender.otf,52536,03_REVIEW_HEX_PHONE_TIMELINE
server/[timeline]/hex_jobscreator/dist/css/font/Bender/Bender-LightItalic.otf,_REVIEW_THIRD_PARTY/timeline/hex_jobscreator/dist/css/font/Bender/Bender-LightItalic.otf,49120,03_REVIEW_HEX_PHONE_TIMELINE
server/[timeline]/hex_jobscreator/dist/css/font/Bender/Bender-Black.otf,_REVIEW_THIRD_PARTY/timeline/hex_jobscreator/dist/css/font/Bender/Bender-Black.otf,54164,03_REVIEW_HEX_PHONE_TIMELINE
server/[timeline]/hex_jobscreator/dist/css/font/Bender/Bender-BlackItalic.otf,_REVIEW_THIRD_PARTY/timeline/hex_jobscreator/dist/css/font/Bender/Bender-BlackItalic.otf,50844,03_REVIEW_HEX_PHONE_TIMELINE
server/[timeline]/hex_jobscreator/dist/css/font/Bender/Bender-Bold.otf,_REVIEW_THIRD_PARTY/timeline/hex_jobscreator/dist/css/font/Bender/Bender-Bold.otf,52988,03_REVIEW_HEX_PHONE_TIMELINE
server/[timeline]/hex_jobscreator/dist/css/font/Gilroy/Gilroy-Regular.ttf,_REVIEW_THIRD_PARTY/timeline/hex_jobscreator/dist/css/font/Gilroy/Gilroy-Regular.ttf,145148,03_REVIEW_HEX_PHONE_TIMELINE
server/[timeline]/hex_menu_api/dist/css/fonts/chalet.otf,_REVIEW_THIRD_PARTY/timeline/hex_menu_api/dist/css/fonts/chalet.otf,47720,03_REVIEW_HEX_PHONE_TIMELINE
server/[timeline]/hex_4_ffa/html/img/death_screen.png,_REVIEW_THIRD_PARTY/timeline/hex_4_ffa/html/img/death_screen.png,373657,03_REVIEW_HEX_PHONE_TIMELINE
server/[timeline]/hex_4_ffa/html/img/scope.png,_REVIEW_THIRD_PARTY/timeline/hex_4_ffa/html/img/scope.png,32542,03_REVIEW_HEX_PHONE_TIMELINE
server/[timeline]/hex_4_ffa/html/img/trphy.png,_REVIEW_THIRD_PARTY/timeline/hex_4_ffa/html/img/trphy.png,20959,03_REVIEW_HEX_PHONE_TIMELINE
server/[timeline]/hex_4_ffa/html/img/trphy_silver.png,_REVIEW_THIRD_PARTY/timeline/hex_4_ffa/html/img/trphy_silver.png,23303,03_REVIEW_HEX_PHONE_TIMELINE
server/[timeline]/hex_4_ffa/html/img/clip_extended.png,_REVIEW_THIRD_PARTY/timeline/hex_4_ffa/html/img/clip_extended.png,18345,03_REVIEW_HEX_PHONE_TIMELINE
server/[timeline]/hex_4_ffa/html/img/suppressor.png,_REVIEW_THIRD_PARTY/timeline/hex_4_ffa/html/img/suppressor.png,18679,03_REVIEW_HEX_PHONE_TIMELINE
server/[timeline]/hex_4_ffa/html/img/compensator.png,_REVIEW_THIRD_PARTY/timeline/hex_4_ffa/html/img/compensator.png,18345,03_REVIEW_HEX_PHONE_TIMELINE
server/[timeline]/hex_4_ffa/html/img/flashlight.png,_REVIEW_THIRD_PARTY/timeline/hex_4_ffa/html/img/flashlight.png,11298,03_REVIEW_HEX_PHONE_TIMELINE
server/[timeline]/hex_4_ffa/html/img/cart.png,_REVIEW_THIRD_PARTY/timeline/hex_4_ffa/html/img/cart.png,546,03_REVIEW_HEX_PHONE_TIMELINE
server/[timeline]/hex_4_ffa/html/img/trphy_bronce.png,_REVIEW_THIRD_PARTY/timeline/hex_4_ffa/html/img/trphy_bronce.png,22827,03_REVIEW_HEX_PHONE_TIMELINE
server/[timeline]/hex_4_ffa/html/img/clip_drum.png,_REVIEW_THIRD_PARTY/timeline/hex_4_ffa/html/img/clip_drum.png,32386,03_REVIEW_HEX_PHONE_TIMELINE
server/[timeline]/hex_4_ffa/html/img/bg_1.png,_REVIEW_THIRD_PARTY/timeline/hex_4_ffa/html/img/bg_1.png,3750,03_REVIEW_HEX_PHONE_TIMELINE
server/[timeline]/hex_4_ffa/html/img/border.png,_REVIEW_THIRD_PARTY/timeline/hex_4_ffa/html/img/border.png,487,03_REVIEW_HEX_PHONE_TIMELINE
"server/[phone]/lb-racing/ui/dist/assets/fonts/Inter-Italic-VariableFont_opsz,wght.ttf","_REVIEW_THIRD_PARTY/phone/lb-racing/ui/dist/assets/fonts/Inter-Italic-VariableFont_opsz,wght.ttf",904532,03_REVIEW_HEX_PHONE_TIMELINE
"server/[phone]/lb-racing/ui/dist/assets/fonts/Inter-VariableFont_opsz,wght.ttf","_REVIEW_THIRD_PARTY/phone/lb-racing/ui/dist/assets/fonts/Inter-VariableFont_opsz,wght.ttf",874708,03_REVIEW_HEX_PHONE_TIMELINE
server/[phone]/lb-racing/ui/dist/assets/img/avatar-placeholder-light.svg,_REVIEW_THIRD_PARTY/phone/lb-racing/ui/dist/assets/img/avatar-placeholder-light.svg,897,03_REVIEW_HEX_PHONE_TIMELINE
server/[phone]/lb-racing/ui/dist/assets/img/props/prop_offroad_barrel01.webp,_REVIEW_THIRD_PARTY/phone/lb-racing/ui/dist/assets/img/props/prop_offroad_barrel01.webp,23098,03_REVIEW_HEX_PHONE_TIMELINE
server/[phone]/lb-racing/ui/dist/assets/img/props/prop_offroad_barrel02.webp,_REVIEW_THIRD_PARTY/phone/lb-racing/ui/dist/assets/img/props/prop_offroad_barrel02.webp,29668,03_REVIEW_HEX_PHONE_TIMELINE
server/[phone]/lb-racing/ui/dist/assets/img/props/prop_offroad_bale01.webp,_REVIEW_THIRD_PARTY/phone/lb-racing/ui/dist/assets/img/props/prop_offroad_bale01.webp,38434,03_REVIEW_HEX_PHONE_TIMELINE
server/[phone]/lb-racing/ui/dist/assets/img/props/prop_offroad_tyres01.webp,_REVIEW_THIRD_PARTY/phone/lb-racing/ui/dist/assets/img/props/prop_offroad_tyres01.webp,15298,03_REVIEW_HEX_PHONE_TIMELINE
server/[phone]/lb-racing/ui/dist/assets/img/props/prop_offroad_tyres01_tu.webp,_REVIEW_THIRD_PARTY/phone/lb-racing/ui/dist/assets/img/props/prop_offroad_tyres01_tu.webp,17306,03_REVIEW_HEX_PHONE_TIMELINE
server/[phone]/lb-racing/ui/dist/assets/img/props/prop_beachflag_01.webp,_REVIEW_THIRD_PARTY/phone/lb-racing/ui/dist/assets/img/props/prop_beachflag_01.webp,13564,03_REVIEW_HEX_PHONE_TIMELINE
server/[phone]/lb-racing/ui/dist/assets/img/props/prop_offroad_tyres02.webp,_REVIEW_THIRD_PARTY/phone/lb-racing/ui/dist/assets/img/props/prop_offroad_tyres02.webp,50430,03_REVIEW_HEX_PHONE_TIMELINE
server/[phone]/lb-racing/ui/dist/assets/img/avatar-placeholder-dark.svg,_REVIEW_THIRD_PARTY/phone/lb-racing/ui/dist/assets/img/avatar-placeholder-dark.svg,899,03_REVIEW_HEX_PHONE_TIMELINE
server/[phone]/lb-racing/ui/dist/assets/img/controls/keyboard-mouse/keyboard_x.svg,_REVIEW_THIRD_PARTY/phone/lb-racing/ui/dist/assets/img/controls/keyboard-mouse/keyboard_x.svg,414,03_REVIEW_HEX_PHONE_TIMELINE
server/[phone]/lb-racing/ui/dist/assets/img/controls/keyboard-mouse/keyboard_numpad_enter_outline.svg,_REVIEW_THIRD_PARTY/phone/lb-racing/ui/dist/assets/img/controls/keyboard-mouse/keyboard_numpad_enter_outline.svg,1735,03_REVIEW_HEX_PHONE_TIMELINE
server/[phone]/lb-racing/ui/dist/assets/img/controls/keyboard-mouse/keyboard_space_icon_outline.svg,_REVIEW_THIRD_PARTY/phone/lb-racing/ui/dist/assets/img/controls/keyboard-mouse/keyboard_space_icon_outline.svg,414,03_REVIEW_HEX_PHONE_TIMELINE
server/[phone]/lb-racing/ui/dist/assets/img/controls/keyboard-mouse/mouse_scroll_up.svg,_REVIEW_THIRD_PARTY/phone/lb-racing/ui/dist/assets/img/controls/keyboard-mouse/mouse_scroll_up.svg,1630,03_REVIEW_HEX_PHONE_TIMELINE
server/[phone]/lb-racing/ui/dist/assets/img/controls/keyboard-mouse/keyboard_h_outline.svg,_REVIEW_THIRD_PARTY/phone/lb-racing/ui/dist/assets/img/controls/keyboard-mouse/keyboard_h_outline.svg,426,03_REVIEW_HEX_PHONE_TIMELINE
server/[phone]/lb-racing/ui/dist/assets/img/controls/keyboard-mouse/keyboard_p.svg,_REVIEW_THIRD_PARTY/phone/lb-racing/ui/dist/assets/img/controls/keyboard-mouse/keyboard_p.svg,585,03_REVIEW_HEX_PHONE_TIMELINE
server/[phone]/lb-racing/ui/dist/assets/img/controls/keyboard-mouse/keyboard_f8.svg,_REVIEW_THIRD_PARTY/phone/lb-racing/ui/dist/assets/img/controls/keyboard-mouse/keyboard_f8.svg,1036,03_REVIEW_HEX_PHONE_TIMELINE
server/[phone]/lb-racing/ui/dist/assets/img/controls/keyboard-mouse/keyboard_delete_outline.svg,_REVIEW_THIRD_PARTY/phone/lb-racing/ui/dist/assets/img/controls/keyboard-mouse/keyboard_delete_outline.svg,725,03_REVIEW_HEX_PHONE_TIMELINE
server/[phone]/lb-racing/ui/dist/assets/img/controls/keyboard-mouse/keyboard_y.svg,_REVIEW_THIRD_PARTY/phone/lb-racing/ui/dist/assets/img/controls/keyboard-mouse/keyboard_y.svg,363,03_REVIEW_HEX_PHONE_TIMELINE
server/[phone]/lb-racing/ui/dist/assets/img/controls/keyboard-mouse/keyboard_arrows_horizontal_outline.svg,_REVIEW_THIRD_PARTY/phone/lb-racing/ui/dist/assets/img/controls/keyboard-mouse/keyboard_arrows_horizontal_outline.svg,699,03_REVIEW_HEX_PHONE_TIMELINE
server/[phone]/lb-racing/ui/dist/assets/img/controls/keyboard-mouse/keyboard_2.svg,_REVIEW_THIRD_PARTY/phone/lb-racing/ui/dist/assets/img/controls/keyboard-mouse/keyboard_2.svg,568,03_REVIEW_HEX_PHONE_TIMELINE
server/[phone]/lb-racing/ui/dist/assets/img/controls/keyboard-mouse/keyboard_tab_icon.svg,_REVIEW_THIRD_PARTY/phone/lb-racing/ui/dist/assets/img/controls/keyboard-mouse/keyboard_tab_icon.svg,448,03_REVIEW_HEX_PHONE_TIMELINE
server/[phone]/lb-racing/ui/dist/assets/img/controls/keyboard-mouse/keyboard_ctrl.svg,_REVIEW_THIRD_PARTY/phone/lb-racing/ui/dist/assets/img/controls/keyboard-mouse/keyboard_ctrl.svg,1500,03_REVIEW_HEX_PHONE_TIMELINE
server/[phone]/lb-racing/ui/dist/assets/img/controls/keyboard-mouse/keyboard_o_outline.svg,_REVIEW_THIRD_PARTY/phone/lb-racing/ui/dist/assets/img/controls/keyboard-mouse/keyboard_o_outline.svg,661,03_REVIEW_HEX_PHONE_TIMELINE
server/[phone]/lb-racing/ui/dist/assets/img/controls/keyboard-mouse/mouse_scroll_down.svg,_REVIEW_THIRD_PARTY/phone/lb-racing/ui/dist/assets/img/controls/keyboard-mouse/mouse_scroll_down.svg,1758,03_REVIEW_HEX_PHONE_TIMELINE
server/[phone]/lb-racing/ui/dist/assets/img/controls/keyboard-mouse/keyboard_question_outline.svg,_REVIEW_THIRD_PARTY/phone/lb-racing/ui/dist/assets/img/controls/keyboard-mouse/keyboard_question_outline.svg,901,03_REVIEW_HEX_PHONE_TIMELINE
server/[phone]/lb-racing/ui/dist/assets/img/controls/keyboard-mouse/keyboard_numlock_outline.svg,_REVIEW_THIRD_PARTY/phone/lb-racing/ui/dist/assets/img/controls/keyboard-mouse/keyboard_numlock_outline.svg,2560,03_REVIEW_HEX_PHONE_TIMELINE
server/[phone]/lb-racing/ui/dist/assets/img/controls/keyboard-mouse/keyboard_caret_outline.svg,_REVIEW_THIRD_PARTY/phone/lb-racing/ui/dist/assets/img/controls/keyboard-mouse/keyboard_caret_outline.svg,390,03_REVIEW_HEX_PHONE_TIMELINE
server/[phone]/lb-racing/ui/dist/assets/img/controls/keyboard-mouse/keyboard_w.svg,_REVIEW_THIRD_PARTY/phone/lb-racing/ui/dist/assets/img/controls/keyboard-mouse/keyboard_w.svg,357,03_REVIEW_HEX_PHONE_TIMELINE
server/[phone]/lb-racing/ui/dist/assets/img/controls/keyboard-mouse/keyboard_4.svg,_REVIEW_THIRD_PARTY/phone/lb-racing/ui/dist/assets/img/controls/keyboard-mouse/keyboard_4.svg,370,03_REVIEW_HEX_PHONE_TIMELINE
server/[phone]/lb-racing/ui/dist/assets/img/controls/keyboard-mouse/mouse_outline.svg,_REVIEW_THIRD_PARTY/phone/lb-racing/ui/dist/assets/img/controls/keyboard-mouse/mouse_outline.svg,869,03_REVIEW_HEX_PHONE_TIMELINE
server/[phone]/lb-racing/ui/dist/assets/img/controls/keyboard-mouse/mouse_right.svg,_REVIEW_THIRD_PARTY/phone/lb-racing/ui/dist/assets/img/controls/keyboard-mouse/mouse_right.svg,842,03_REVIEW_HEX_PHONE_TIMELINE
server/[phone]/lb-racing/ui/dist/assets/img/controls/keyboard-mouse/keyboard_f4.svg,_REVIEW_THIRD_PARTY/phone/lb-racing/ui/dist/assets/img/controls/keyboard-mouse/keyboard_f4.svg,492,03_REVIEW_HEX_PHONE_TIMELINE
server/[phone]/lb-racing/ui/dist/assets/img/controls/keyboard-mouse/keyboard_f4_outline.svg,_REVIEW_THIRD_PARTY/phone/lb-racing/ui/dist/assets/img/controls/keyboard-mouse/keyboard_f4_outline.svg,579,03_REVIEW_HEX_PHONE_TIMELINE
server/[phone]/lb-racing/ui/dist/assets/img/controls/keyboard-mouse/keyboard_numlock.svg,_REVIEW_THIRD_PARTY/phone/lb-racing/ui/dist/assets/img/controls/keyboard-mouse/keyboard_numlock.svg,2473,03_REVIEW_HEX_PHONE_TIMELINE
server/[phone]/lb-racing/ui/dist/assets/img/controls/keyboard-mouse/keyboard_function_outline.svg,_REVIEW_THIRD_PARTY/phone/lb-racing/ui/dist/assets/img/controls/keyboard-mouse/keyboard_function_outline.svg,542,03_REVIEW_HEX_PHONE_TIMELINE
server/[phone]/lb-racing/ui/dist/assets/img/controls/keyboard-mouse/keyboard_ctrl_outline.svg,_REVIEW_THIRD_PARTY/phone/lb-racing/ui/dist/assets/img/controls/keyboard-mouse/keyboard_ctrl_outline.svg,1623,03_REVIEW_HEX_PHONE_TIMELINE
server/[phone]/lb-racing/ui/dist/assets/img/controls/keyboard-mouse/keyboard_alt.svg,_REVIEW_THIRD_PARTY/phone/lb-racing/ui/dist/assets/img/controls/keyboard-mouse/keyboard_alt.svg,634,03_REVIEW_HEX_PHONE_TIMELINE
server/[phone]/lb-racing/ui/dist/assets/img/controls/keyboard-mouse/keyboard_colon.svg,_REVIEW_THIRD_PARTY/phone/lb-racing/ui/dist/assets/img/controls/keyboard-mouse/keyboard_colon.svg,433,03_REVIEW_HEX_PHONE_TIMELINE
server/[phone]/lb-racing/ui/dist/assets/img/controls/keyboard-mouse/keyboard_return.svg,_REVIEW_THIRD_PARTY/phone/lb-racing/ui/dist/assets/img/controls/keyboard-mouse/keyboard_return.svg,429,03_REVIEW_HEX_PHONE_TIMELINE
server/[phone]/lb-racing/ui/dist/assets/img/controls/keyboard-mouse/keyboard_page_up.svg,_REVIEW_THIRD_PARTY/phone/lb-racing/ui/dist/assets/img/controls/keyboard-mouse/keyboard_page_up.svg,2295,03_REVIEW_HEX_PHONE_TIMELINE
server/[phone]/lb-racing/ui/dist/assets/img/controls/keyboard-mouse/keyboard_m_outline.svg,_REVIEW_THIRD_PARTY/phone/lb-racing/ui/dist/assets/img/controls/keyboard-mouse/keyboard_m_outline.svg,432,03_REVIEW_HEX_PHONE_TIMELINE
server/[phone]/lb-racing/ui/dist/assets/img/controls/keyboard-mouse/keyboard_m.svg,_REVIEW_THIRD_PARTY/phone/lb-racing/ui/dist/assets/img/controls/keyboard-mouse/keyboard_m.svg,345,03_REVIEW_HEX_PHONE_TIMELINE
server/[phone]/lb-racing/ui/dist/assets/img/controls/keyboard-mouse/keyboard_v.svg,_REVIEW_THIRD_PARTY/phone/lb-racing/ui/dist/assets/img/controls/keyboard-mouse/keyboard_v.svg,310,03_REVIEW_HEX_PHONE_TIMELINE
server/[phone]/lb-racing/ui/dist/assets/img/controls/keyboard-mouse/keyboard_f10_outline.svg,_REVIEW_THIRD_PARTY/phone/lb-racing/ui/dist/assets/img/controls/keyboard-mouse/keyboard_f10_outline.svg,916,03_REVIEW_HEX_PHONE_TIMELINE
server/[phone]/lb-racing/ui/dist/assets/img/controls/keyboard-mouse/keyboard_g_outline.svg,_REVIEW_THIRD_PARTY/phone/lb-racing/ui/dist/assets/img/controls/keyboard-mouse/keyboard_g_outline.svg,745,03_REVIEW_HEX_PHONE_TIMELINE
server/[phone]/lb-racing/ui/dist/assets/img/controls/keyboard-mouse/keyboard_bracket_less_outline.svg,_REVIEW_THIRD_PARTY/phone/lb-racing/ui/dist/assets/img/controls/keyboard-mouse/keyboard_bracket_less_outline.svg,390,03_REVIEW_HEX_PHONE_TIMELINE
server/[phone]/lb-racing/ui/dist/assets/img/controls/keyboard-mouse/keyboard_option_outline.svg,_REVIEW_THIRD_PARTY/phone/lb-racing/ui/dist/assets/img/controls/keyboard-mouse/keyboard_option_outline.svg,448,03_REVIEW_HEX_PHONE_TIMELINE
server/[phone]/lb-racing/ui/dist/assets/img/controls/keyboard-mouse/keyboard_5.svg,_REVIEW_THIRD_PARTY/phone/lb-racing/ui/dist/assets/img/controls/keyboard-mouse/keyboard_5.svg,614,03_REVIEW_HEX_PHONE_TIMELINE
server/[phone]/lb-racing/ui/dist/assets/img/controls/keyboard-mouse/keyboard_f11_outline.svg,_REVIEW_THIRD_PARTY/phone/lb-racing/ui/dist/assets/img/controls/keyboard-mouse/keyboard_f11_outline.svg,616,03_REVIEW_HEX_PHONE_TIMELINE
server/[phone]/lb-racing/ui/dist/assets/img/controls/keyboard-mouse/keyboard_f5_outline.svg,_REVIEW_THIRD_PARTY/phone/lb-racing/ui/dist/assets/img/controls/keyboard-mouse/keyboard_f5_outline.svg,815,03_REVIEW_HEX_PHONE_TIMELINE
server/[phone]/lb-racing/ui/dist/assets/img/controls/keyboard-mouse/keyboard_insert_outline.svg,_REVIEW_THIRD_PARTY/phone/lb-racing/ui/dist/assets/img/controls/keyboard-mouse/keyboard_insert_outline.svg,745,03_REVIEW_HEX_PHONE_TIMELINE
server/[phone]/lb-racing/ui/dist/assets/img/controls/keyboard-mouse/keyboard_arrow_down.svg,_REVIEW_THIRD_PARTY/phone/lb-racing/ui/dist/assets/img/controls/keyboard-mouse/keyboard_arrow_down.svg,321,03_REVIEW_HEX_PHONE_TIMELINE
server/[phone]/lb-racing/ui/dist/assets/img/controls/keyboard-mouse/keyboard_quote_outline.svg,_REVIEW_THIRD_PARTY/phone/lb-racing/ui/dist/assets/img/controls/keyboard-mouse/keyboard_quote_outline.svg,520,03_REVIEW_HEX_PHONE_TIMELINE
server/[phone]/lb-racing/ui/dist/assets/img/controls/keyboard-mouse/keyboard_f6_outline.svg,_REVIEW_THIRD_PARTY/phone/lb-racing/ui/dist/assets/img/controls/keyboard-mouse/keyboard_f6_outline.svg,852,03_REVIEW_HEX_PHONE_TIMELINE
server/[phone]/lb-racing/ui/dist/assets/img/controls/keyboard-mouse/keyboard_f12.svg,_REVIEW_THIRD_PARTY/phone/lb-racing/ui/dist/assets/img/controls/keyboard-mouse/keyboard_f12.svg,764,03_REVIEW_HEX_PHONE_TIMELINE
server/[phone]/lb-racing/ui/dist/assets/img/controls/keyboard-mouse/keyboard_tab_outline.svg,_REVIEW_THIRD_PARTY/phone/lb-racing/ui/dist/assets/img/controls/keyboard-mouse/keyboard_tab_outline.svg,1089,03_REVIEW_HEX_PHONE_TIMELINE
server/[phone]/lb-racing/ui/dist/assets/img/controls/keyboard-mouse/keyboard_enter_outline.svg,_REVIEW_THIRD_PARTY/phone/lb-racing/ui/dist/assets/img/controls/keyboard-mouse/keyboard_enter_outline.svg,1843,03_REVIEW_HEX_PHONE_TIMELINE
server/[phone]/lb-racing/ui/dist/assets/img/controls/keyboard-mouse/mouse_scroll_vertical_outline.svg,_REVIEW_THIRD_PARTY/phone/lb-racing/ui/dist/assets/img/controls/keyboard-mouse/mouse_scroll_vertical_outline.svg,2170,03_REVIEW_HEX_PHONE_TIMELINE
server/[phone]/lb-racing/ui/dist/assets/img/controls/keyboard-mouse/keyboard_3.svg,_REVIEW_THIRD_PARTY/phone/lb-racing/ui/dist/assets/img/controls/keyboard-mouse/keyboard_3.svg,769,03_REVIEW_HEX_PHONE_TIMELINE
server/[phone]/lb-racing/ui/dist/assets/img/controls/keyboard-mouse/keyboard_f1_outline.svg,_REVIEW_THIRD_PARTY/phone/lb-racing/ui/dist/assets/img/controls/keyboard-mouse/keyboard_f1_outline.svg,542,03_REVIEW_HEX_PHONE_TIMELINE
server/[phone]/lb-racing/ui/dist/assets/img/controls/keyboard-mouse/keyboard_bracket_greater.svg,_REVIEW_THIRD_PARTY/phone/lb-racing/ui/dist/assets/img/controls/keyboard-mouse/keyboard_bracket_greater.svg,303,03_REVIEW_HEX_PHONE_TIMELINE
server/[phone]/lb-racing/ui/dist/assets/img/controls/keyboard-mouse/keyboard_arrows_up_outline.svg,_REVIEW_THIRD_PARTY/phone/lb-racing/ui/dist/assets/img/controls/keyboard-mouse/keyboard_arrows_up_outline.svg,786,03_REVIEW_HEX_PHONE_TIMELINE
server/[phone]/lb-racing/ui/dist/assets/img/controls/keyboard-mouse/keyboard_function.svg,_REVIEW_THIRD_PARTY/phone/lb-racing/ui/dist/assets/img/controls/keyboard-mouse/keyboard_function.svg,455,03_REVIEW_HEX_PHONE_TIMELINE
server/[phone]/lb-racing/ui/dist/assets/img/controls/keyboard-mouse/keyboard_plus_outline.svg,_REVIEW_THIRD_PARTY/phone/lb-racing/ui/dist/assets/img/controls/keyboard-mouse/keyboard_plus_outline.svg,462,03_REVIEW_HEX_PHONE_TIMELINE
server/[phone]/lb-racing/ui/dist/assets/img/controls/keyboard-mouse/keyboard_j_outline.svg,_REVIEW_THIRD_PARTY/phone/lb-racing/ui/dist/assets/img/controls/keyboard-mouse/keyboard_j_outline.svg,492,03_REVIEW_HEX_PHONE_TIMELINE
server/[phone]/lb-racing/ui/dist/assets/img/controls/keyboard-mouse/keyboard_arrows_vertical_outline.svg,_REVIEW_THIRD_PARTY/phone/lb-racing/ui/dist/assets/img/controls/keyboard-mouse/keyboard_arrows_vertical_outline.svg,699,03_REVIEW_HEX_PHONE_TIMELINE
server/[phone]/lb-racing/ui/dist/assets/img/controls/keyboard-mouse/keyboard_bracket_greater_outline.svg,_REVIEW_THIRD_PARTY/phone/lb-racing/ui/dist/assets/img/controls/keyboard-mouse/keyboard_bracket_greater_outline.svg,390,03_REVIEW_HEX_PHONE_TIMELINE
server/[phone]/lb-racing/ui/dist/assets/img/controls/keyboard-mouse/keyboard_8.svg,_REVIEW_THIRD_PARTY/phone/lb-racing/ui/dist/assets/img/controls/keyboard-mouse/keyboard_8.svg,907,03_REVIEW_HEX_PHONE_TIMELINE
server/[phone]/lb-racing/ui/dist/assets/img/controls/keyboard-mouse/keyboard_minus.svg,_REVIEW_THIRD_PARTY/phone/lb-racing/ui/dist/assets/img/controls/keyboard-mouse/keyboard_minus.svg,291,03_REVIEW_HEX_PHONE_TIMELINE
server/[phone]/lb-racing/ui/dist/assets/img/controls/keyboard-mouse/keyboard_asterisk_outline.svg,_REVIEW_THIRD_PARTY/phone/lb-racing/ui/dist/assets/img/controls/keyboard-mouse/keyboard_asterisk_outline.svg,521,03_REVIEW_HEX_PHONE_TIMELINE
server/[phone]/lb-racing/ui/dist/assets/img/controls/keyboard-mouse/mouse_scroll_down_outline.svg,_REVIEW_THIRD_PARTY/phone/lb-racing/ui/dist/assets/img/controls/keyboard-mouse/mouse_scroll_down_outline.svg,1476,03_REVIEW_HEX_PHONE_TIMELINE
server/[phone]/lb-racing/ui/dist/assets/img/controls/keyboard-mouse/keyboard_arrows_right.svg,_REVIEW_THIRD_PARTY/phone/lb-racing/ui/dist/assets/img/controls/keyboard-mouse/keyboard_arrows_right.svg,570,03_REVIEW_HEX_PHONE_TIMELINE
server/[phone]/lb-racing/ui/dist/assets/img/controls/keyboard-mouse/keyboard_5_outline.svg,_REVIEW_THIRD_PARTY/phone/lb-racing/ui/dist/assets/img/controls/keyboard-mouse/keyboard_5_outline.svg,701,03_REVIEW_HEX_PHONE_TIMELINE
server/[phone]/lb-racing/ui/dist/assets/img/controls/keyboard-mouse/keyboard_r_outline.svg,_REVIEW_THIRD_PARTY/phone/lb-racing/ui/dist/assets/img/controls/keyboard-mouse/keyboard_r_outline.svg,658,03_REVIEW_HEX_PHONE_TIMELINE
server/[phone]/lb-racing/ui/dist/assets/img/controls/keyboard-mouse/keyboard_plus.svg,_REVIEW_THIRD_PARTY/phone/lb-racing/ui/dist/assets/img/controls/keyboard-mouse/keyboard_plus.svg,375,03_REVIEW_HEX_PHONE_TIMELINE
server/[phone]/lb-racing/ui/dist/assets/img/controls/keyboard-mouse/keyboard_f11.svg,_REVIEW_THIRD_PARTY/phone/lb-racing/ui/dist/assets/img/controls/keyboard-mouse/keyboard_f11.svg,529,03_REVIEW_HEX_PHONE_TIMELINE
server/[phone]/lb-racing/ui/dist/assets/img/controls/keyboard-mouse/keyboard_f6.svg,_REVIEW_THIRD_PARTY/phone/lb-racing/ui/dist/assets/img/controls/keyboard-mouse/keyboard_f6.svg,765,03_REVIEW_HEX_PHONE_TIMELINE
server/[phone]/lb-racing/ui/dist/assets/img/controls/keyboard-mouse/keyboard_alt_outline.svg,_REVIEW_THIRD_PARTY/phone/lb-racing/ui/dist/assets/img/controls/keyboard-mouse/keyboard_alt_outline.svg,757,03_REVIEW_HEX_PHONE_TIMELINE
server/[phone]/lb-racing/ui/dist/assets/img/controls/keyboard-mouse/keyboard_equals.svg,_REVIEW_THIRD_PARTY/phone/lb-racing/ui/dist/assets/img/controls/keyboard-mouse/keyboard_equals.svg,323,03_REVIEW_HEX_PHONE_TIMELINE
server/[phone]/lb-racing/ui/dist/assets/img/controls/keyboard-mouse/keyboard_delete.svg,_REVIEW_THIRD_PARTY/phone/lb-racing/ui/dist/assets/img/controls/keyboard-mouse/keyboard_delete.svg,638,03_REVIEW_HEX_PHONE_TIMELINE
server/[phone]/lb-racing/ui/dist/assets/img/controls/keyboard-mouse/keyboard_f10.svg,_REVIEW_THIRD_PARTY/phone/lb-racing/ui/dist/assets/img/controls/keyboard-mouse/keyboard_f10.svg,829,03_REVIEW_HEX_PHONE_TIMELINE
server/[phone]/lb-racing/ui/dist/assets/img/controls/keyboard-mouse/keyboard_command.svg,_REVIEW_THIRD_PARTY/phone/lb-racing/ui/dist/assets/img/controls/keyboard-mouse/keyboard_command.svg,1403,03_REVIEW_HEX_PHONE_TIMELINE
server/[phone]/lb-racing/ui/dist/assets/img/controls/keyboard-mouse/keyboard_f9_outline.svg,_REVIEW_THIRD_PARTY/phone/lb-racing/ui/dist/assets/img/controls/keyboard-mouse/keyboard_f9_outline.svg,829,03_REVIEW_HEX_PHONE_TIMELINE
server/[phone]/lb-racing/ui/dist/assets/img/controls/keyboard-mouse/keyboard_i_outline.svg,_REVIEW_THIRD_PARTY/phone/lb-racing/ui/dist/assets/img/controls/keyboard-mouse/keyboard_i_outline.svg,378,03_REVIEW_HEX_PHONE_TIMELINE
server/[phone]/lb-racing/ui/dist/assets/img/controls/keyboard-mouse/keyboard_arrows_down.svg,_REVIEW_THIRD_PARTY/phone/lb-racing/ui/dist/assets/img/controls/keyboard-mouse/keyboard_arrows_down.svg,570,03_REVIEW_HEX_PHONE_TIMELINE
server/[phone]/lb-racing/ui/dist/assets/img/controls/keyboard-mouse/keyboard_b.svg,_REVIEW_THIRD_PARTY/phone/lb-racing/ui/dist/assets/img/controls/keyboard-mouse/keyboard_b.svg,682,03_REVIEW_HEX_PHONE_TIMELINE
server/[phone]/lb-racing/ui/dist/assets/img/controls/keyboard-mouse/keyboard_option.svg,_REVIEW_THIRD_PARTY/phone/lb-racing/ui/dist/assets/img/controls/keyboard-mouse/keyboard_option.svg,361,03_REVIEW_HEX_PHONE_TIMELINE
server/[phone]/lb-racing/ui/dist/assets/img/controls/keyboard-mouse/keyboard_f3.svg,_REVIEW_THIRD_PARTY/phone/lb-racing/ui/dist/assets/img/controls/keyboard-mouse/keyboard_f3.svg,877,03_REVIEW_HEX_PHONE_TIMELINE
server/[phone]/lb-racing/ui/dist/assets/img/controls/keyboard-mouse/keyboard_tilde_outline.svg,_REVIEW_THIRD_PARTY/phone/lb-racing/ui/dist/assets/img/controls/keyboard-mouse/keyboard_tilde_outline.svg,702,03_REVIEW_HEX_PHONE_TIMELINE
server/[phone]/lb-racing/ui/dist/assets/img/controls/keyboard-mouse/keyboard_u_outline.svg,_REVIEW_THIRD_PARTY/phone/lb-racing/ui/dist/assets/img/controls/keyboard-mouse/keyboard_u_outline.svg,575,03_REVIEW_HEX_PHONE_TIMELINE
server/[phone]/lb-racing/ui/dist/assets/img/controls/keyboard-mouse/keyboard_o.svg,_REVIEW_THIRD_PARTY/phone/lb-racing/ui/dist/assets/img/controls/keyboard-mouse/keyboard_o.svg,574,03_REVIEW_HEX_PHONE_TIMELINE
server/[phone]/lb-racing/ui/dist/assets/img/controls/keyboard-mouse/keyboard_9_outline.svg,_REVIEW_THIRD_PARTY/phone/lb-racing/ui/dist/assets/img/controls/keyboard-mouse/keyboard_9_outline.svg,707,03_REVIEW_HEX_PHONE_TIMELINE
server/[phone]/lb-racing/ui/dist/assets/img/controls/keyboard-mouse/keyboard_colon_outline.svg,_REVIEW_THIRD_PARTY/phone/lb-racing/ui/dist/assets/img/controls/keyboard-mouse/keyboard_colon_outline.svg,520,03_REVIEW_HEX_PHONE_TIMELINE
server/[phone]/lb-racing/ui/dist/assets/img/controls/keyboard-mouse/keyboard_arrow_right.svg,_REVIEW_THIRD_PARTY/phone/lb-racing/ui/dist/assets/img/controls/keyboard-mouse/keyboard_arrow_right.svg,322,03_REVIEW_HEX_PHONE_TIMELINE
server/[phone]/lb-racing/ui/dist/assets/img/controls/keyboard-mouse/keyboard_6.svg,_REVIEW_THIRD_PARTY/phone/lb-racing/ui/dist/assets/img/controls/keyboard-mouse/keyboard_6.svg,629,03_REVIEW_HEX_PHONE_TIMELINE
server/[phone]/lb-racing/ui/dist/assets/img/controls/keyboard-mouse/keyboard_page_down.svg,_REVIEW_THIRD_PARTY/phone/lb-racing/ui/dist/assets/img/controls/keyboard-mouse/keyboard_page_down.svg,3251,03_REVIEW_HEX_PHONE_TIMELINE
server/[phone]/lb-racing/ui/dist/assets/img/controls/keyboard-mouse/keyboard_bracket_less.svg,_REVIEW_THIRD_PARTY/phone/lb-racing/ui/dist/assets/img/controls/keyboard-mouse/keyboard_bracket_less.svg,303,03_REVIEW_HEX_PHONE_TIMELINE
server/[phone]/lb-racing/ui/dist/assets/img/controls/keyboard-mouse/keyboard_printscreen.svg,_REVIEW_THIRD_PARTY/phone/lb-racing/ui/dist/assets/img/controls/keyboard-mouse/keyboard_printscreen.svg,2660,03_REVIEW_HEX_PHONE_TIMELINE
server/[phone]/lb-racing/ui/dist/assets/img/controls/keyboard-mouse/keyboard_slash_back.svg,_REVIEW_THIRD_PARTY/phone/lb-racing/ui/dist/assets/img/controls/keyboard-mouse/keyboard_slash_back.svg,315,03_REVIEW_HEX_PHONE_TIMELINE
server/[phone]/lb-racing/ui/dist/assets/img/controls/keyboard-mouse/keyboard_d_outline.svg,_REVIEW_THIRD_PARTY/phone/lb-racing/ui/dist/assets/img/controls/keyboard-mouse/keyboard_d_outline.svg,583,03_REVIEW_HEX_PHONE_TIMELINE
server/[phone]/lb-racing/ui/dist/assets/img/controls/keyboard-mouse/keyboard_arrows_left_outline.svg,_REVIEW_THIRD_PARTY/phone/lb-racing/ui/dist/assets/img/controls/keyboard-mouse/keyboard_arrows_left_outline.svg,786,03_REVIEW_HEX_PHONE_TIMELINE
server/[phone]/lb-racing/ui/dist/assets/img/controls/keyboard-mouse/keyboard_arrow_right_outline.svg,_REVIEW_THIRD_PARTY/phone/lb-racing/ui/dist/assets/img/controls/keyboard-mouse/keyboard_arrow_right_outline.svg,409,03_REVIEW_HEX_PHONE_TIMELINE
server/[phone]/lb-racing/ui/dist/assets/img/controls/keyboard-mouse/keyboard_f5.svg,_REVIEW_THIRD_PARTY/phone/lb-racing/ui/dist/assets/img/controls/keyboard-mouse/keyboard_f5.svg,728,03_REVIEW_HEX_PHONE_TIMELINE
server/[phone]/lb-racing/ui/dist/assets/img/controls/keyboard-mouse/keyboard_shift_icon.svg,_REVIEW_THIRD_PARTY/phone/lb-racing/ui/dist/assets/img/controls/keyboard-mouse/keyboard_shift_icon.svg,362,03_REVIEW_HEX_PHONE_TIMELINE
server/[phone]/lb-racing/ui/dist/assets/img/controls/keyboard-mouse/keyboard_y_outline.svg,_REVIEW_THIRD_PARTY/phone/lb-racing/ui/dist/assets/img/controls/keyboard-mouse/keyboard_y_outline.svg,450,03_REVIEW_HEX_PHONE_TIMELINE
server/[phone]/lb-racing/ui/dist/assets/img/controls/keyboard-mouse/mouse_scroll_outline.svg,_REVIEW_THIRD_PARTY/phone/lb-racing/ui/dist/assets/img/controls/keyboard-mouse/mouse_scroll_outline.svg,701,03_REVIEW_HEX_PHONE_TIMELINE
server/[phone]/lb-racing/ui/dist/assets/img/controls/keyboard-mouse/keyboard_4_outline.svg,_REVIEW_THIRD_PARTY/phone/lb-racing/ui/dist/assets/img/controls/keyboard-mouse/keyboard_4_outline.svg,457,03_REVIEW_HEX_PHONE_TIMELINE
server/[phone]/lb-racing/ui/dist/assets/img/controls/keyboard-mouse/keyboard_numpad_plus_outline.svg,_REVIEW_THIRD_PARTY/phone/lb-racing/ui/dist/assets/img/controls/keyboard-mouse/keyboard_numpad_plus_outline.svg,466,03_REVIEW_HEX_PHONE_TIMELINE
server/[phone]/lb-racing/ui/dist/assets/img/controls/keyboard-mouse/keyboard_end.svg,_REVIEW_THIRD_PARTY/phone/lb-racing/ui/dist/assets/img/controls/keyboard-mouse/keyboard_end.svg,674,03_REVIEW_HEX_PHONE_TIMELINE
server/[phone]/lb-racing/ui/dist/assets/img/controls/keyboard-mouse/keyboard_period_outline.svg,_REVIEW_THIRD_PARTY/phone/lb-racing/ui/dist/assets/img/controls/keyboard-mouse/keyboard_period_outline.svg,433,03_REVIEW_HEX_PHONE_TIMELINE
server/[phone]/lb-racing/ui/dist/assets/img/controls/keyboard-mouse/keyboard_w_outline.svg,_REVIEW_THIRD_PARTY/phone/lb-racing/ui/dist/assets/img/controls/keyboard-mouse/keyboard_w_outline.svg,444,03_REVIEW_HEX_PHONE_TIMELINE
server/[phone]/lb-racing/ui/dist/assets/img/controls/keyboard-mouse/keyboard_f9.svg,_REVIEW_THIRD_PARTY/phone/lb-racing/ui/dist/assets/img/controls/keyboard-mouse/keyboard_f9.svg,742,03_REVIEW_HEX_PHONE_TIMELINE
server/[phone]/lb-racing/ui/dist/assets/img/controls/keyboard-mouse/keyboard_d.svg,_REVIEW_THIRD_PARTY/phone/lb-racing/ui/dist/assets/img/controls/keyboard-mouse/keyboard_d.svg,496,03_REVIEW_HEX_PHONE_TIMELINE
server/[phone]/lb-racing/ui/dist/assets/img/controls/keyboard-mouse/keyboard_backspace_outline.svg,_REVIEW_THIRD_PARTY/phone/lb-racing/ui/dist/assets/img/controls/keyboard-mouse/keyboard_backspace_outline.svg,3885,03_REVIEW_HEX_PHONE_TIMELINE
server/[phone]/lb-racing/ui/dist/assets/img/controls/keyboard-mouse/keyboard_v_outline.svg,_REVIEW_THIRD_PARTY/phone/lb-racing/ui/dist/assets/img/controls/keyboard-mouse/keyboard_v_outline.svg,397,03_REVIEW_HEX_PHONE_TIMELINE
server/[phone]/lb-racing/ui/dist/assets/img/controls/keyboard-mouse/keyboard_arrows_vertical.svg,_REVIEW_THIRD_PARTY/phone/lb-racing/ui/dist/assets/img/controls/keyboard-mouse/keyboard_arrows_vertical.svg,570,03_REVIEW_HEX_PHONE_TIMELINE
server/[phone]/lb-racing/ui/dist/assets/img/controls/keyboard-mouse/keyboard_bracket_close_outline.svg,_REVIEW_THIRD_PARTY/phone/lb-racing/ui/dist/assets/img/controls/keyboard-mouse/keyboard_bracket_close_outline.svg,414,03_REVIEW_HEX_PHONE_TIMELINE
server/[phone]/lb-racing/ui/dist/assets/img/controls/keyboard-mouse/keyboard_backspace_icon_outline.svg,_REVIEW_THIRD_PARTY/phone/lb-racing/ui/dist/assets/img/controls/keyboard-mouse/keyboard_backspace_icon_outline.svg,449,03_REVIEW_HEX_PHONE_TIMELINE
server/[phone]/lb-racing/ui/dist/assets/img/controls/keyboard-mouse/keyboard_tab_icon_outline.svg,_REVIEW_THIRD_PARTY/phone/lb-racing/ui/dist/assets/img/controls/keyboard-mouse/keyboard_tab_icon_outline.svg,535,03_REVIEW_HEX_PHONE_TIMELINE
server/[phone]/lb-racing/ui/dist/assets/img/controls/keyboard-mouse/keyboard_backspace_icon_alternative_outline.svg,_REVIEW_THIRD_PARTY/phone/lb-racing/ui/dist/assets/img/controls/keyboard-mouse/keyboard_backspace_icon_alternative_outline.svg,739,03_REVIEW_HEX_PHONE_TIMELINE
server/[phone]/lb-racing/ui/dist/assets/img/controls/keyboard-mouse/keyboard_capslock_outline.svg,_REVIEW_THIRD_PARTY/phone/lb-racing/ui/dist/assets/img/controls/keyboard-mouse/keyboard_capslock_outline.svg,3246,03_REVIEW_HEX_PHONE_TIMELINE
server/[phone]/lb-racing/ui/dist/assets/img/controls/keyboard-mouse/keyboard_arrows_horizontal.svg,_REVIEW_THIRD_PARTY/phone/lb-racing/ui/dist/assets/img/controls/keyboard-mouse/keyboard_arrows_horizontal.svg,570,03_REVIEW_HEX_PHONE_TIMELINE
server/[phone]/lb-racing/ui/dist/assets/img/controls/keyboard-mouse/mouse_scroll.svg,_REVIEW_THIRD_PARTY/phone/lb-racing/ui/dist/assets/img/controls/keyboard-mouse/mouse_scroll.svg,842,03_REVIEW_HEX_PHONE_TIMELINE
server/[phone]/lb-racing/ui/dist/assets/img/controls/keyboard-mouse/keyboard_c_outline.svg,_REVIEW_THIRD_PARTY/phone/lb-racing/ui/dist/assets/img/controls/keyboard-mouse/keyboard_c_outline.svg,702,03_REVIEW_HEX_PHONE_TIMELINE
server/[phone]/lb-racing/ui/dist/assets/img/controls/keyboard-mouse/mouse_small.svg,_REVIEW_THIRD_PARTY/phone/lb-racing/ui/dist/assets/img/controls/keyboard-mouse/mouse_small.svg,869,03_REVIEW_HEX_PHONE_TIMELINE
server/[phone]/lb-racing/ui/dist/assets/img/controls/keyboard-mouse/keyboard_win.svg,_REVIEW_THIRD_PARTY/phone/lb-racing/ui/dist/assets/img/controls/keyboard-mouse/keyboard_win.svg,975,03_REVIEW_HEX_PHONE_TIMELINE
server/[phone]/lb-racing/ui/dist/assets/img/controls/keyboard-mouse/keyboard_f_outline.svg,_REVIEW_THIRD_PARTY/phone/lb-racing/ui/dist/assets/img/controls/keyboard-mouse/keyboard_f_outline.svg,414,03_REVIEW_HEX_PHONE_TIMELINE
server/[phone]/lb-racing/ui/dist/assets/img/controls/keyboard-mouse/keyboard_capslock_icon_outline.svg,_REVIEW_THIRD_PARTY/phone/lb-racing/ui/dist/assets/img/controls/keyboard-mouse/keyboard_capslock_icon_outline.svg,445,03_REVIEW_HEX_PHONE_TIMELINE
server/[phone]/lb-racing/ui/dist/assets/img/controls/keyboard-mouse/mouse_scroll_up_outline.svg,_REVIEW_THIRD_PARTY/phone/lb-racing/ui/dist/assets/img/controls/keyboard-mouse/mouse_scroll_up_outline.svg,1457,03_REVIEW_HEX_PHONE_TIMELINE
server/[phone]/lb-racing/ui/dist/assets/img/controls/keyboard-mouse/keyboard_n.svg,_REVIEW_THIRD_PARTY/phone/lb-racing/ui/dist/assets/img/controls/keyboard-mouse/keyboard_n.svg,327,03_REVIEW_HEX_PHONE_TIMELINE
server/[phone]/lb-racing/ui/dist/assets/img/controls/keyboard-mouse/mouse_right_outline.svg,_REVIEW_THIRD_PARTY/phone/lb-racing/ui/dist/assets/img/controls/keyboard-mouse/mouse_right_outline.svg,775,03_REVIEW_HEX_PHONE_TIMELINE
server/[phone]/lb-racing/ui/dist/assets/img/controls/keyboard-mouse/keyboard_s_outline.svg,_REVIEW_THIRD_PARTY/phone/lb-racing/ui/dist/assets/img/controls/keyboard-mouse/keyboard_s_outline.svg,980,03_REVIEW_HEX_PHONE_TIMELINE
server/[phone]/lb-racing/ui/dist/assets/img/controls/keyboard-mouse/keyboard_backspace_icon.svg,_REVIEW_THIRD_PARTY/phone/lb-racing/ui/dist/assets/img/controls/keyboard-mouse/keyboard_backspace_icon.svg,362,03_REVIEW_HEX_PHONE_TIMELINE
server/[phone]/lb-racing/ui/dist/assets/img/controls/keyboard-mouse/keyboard_l_outline.svg,_REVIEW_THIRD_PARTY/phone/lb-racing/ui/dist/assets/img/controls/keyboard-mouse/keyboard_l_outline.svg,390,03_REVIEW_HEX_PHONE_TIMELINE
server/[phone]/lb-racing/ui/dist/assets/img/controls/keyboard-mouse/keyboard_escape_outline.svg,_REVIEW_THIRD_PARTY/phone/lb-racing/ui/dist/assets/img/controls/keyboard-mouse/keyboard_escape_outline.svg,1100,03_REVIEW_HEX_PHONE_TIMELINE
server/[phone]/lb-racing/ui/dist/assets/img/controls/keyboard-mouse/keyboard_insert.svg,_REVIEW_THIRD_PARTY/phone/lb-racing/ui/dist/assets/img/controls/keyboard-mouse/keyboard_insert.svg,658,03_REVIEW_HEX_PHONE_TIMELINE
server/[phone]/lb-racing/ui/dist/assets/img/controls/keyboard-mouse/keyboard_any_outline.svg,_REVIEW_THIRD_PARTY/phone/lb-racing/ui/dist/assets/img/controls/keyboard-mouse/keyboard_any_outline.svg,756,03_REVIEW_HEX_PHONE_TIMELINE
server/[phone]/lb-racing/ui/dist/assets/img/controls/keyboard-mouse/keyboard_slash_forward.svg,_REVIEW_THIRD_PARTY/phone/lb-racing/ui/dist/assets/img/controls/keyboard-mouse/keyboard_slash_forward.svg,315,03_REVIEW_HEX_PHONE_TIMELINE
server/[phone]/lb-racing/ui/dist/assets/img/controls/keyboard-mouse/keyboard_f8_outline.svg,_REVIEW_THIRD_PARTY/phone/lb-racing/ui/dist/assets/img/controls/keyboard-mouse/keyboard_f8_outline.svg,1123,03_REVIEW_HEX_PHONE_TIMELINE
server/[phone]/lb-racing/ui/dist/assets/img/controls/keyboard-mouse/keyboard_arrow_left_outline.svg,_REVIEW_THIRD_PARTY/phone/lb-racing/ui/dist/assets/img/controls/keyboard-mouse/keyboard_arrow_left_outline.svg,408,03_REVIEW_HEX_PHONE_TIMELINE
server/[phone]/lb-racing/ui/dist/assets/img/controls/keyboard-mouse/keyboard_arrows_up.svg,_REVIEW_THIRD_PARTY/phone/lb-racing/ui/dist/assets/img/controls/keyboard-mouse/keyboard_arrows_up.svg,570,03_REVIEW_HEX_PHONE_TIMELINE
server/[phone]/lb-racing/ui/dist/assets/img/controls/keyboard-mouse/keyboard_shift_icon_outline.svg,_REVIEW_THIRD_PARTY/phone/lb-racing/ui/dist/assets/img/controls/keyboard-mouse/keyboard_shift_icon_outline.svg,449,03_REVIEW_HEX_PHONE_TIMELINE
server/[phone]/lb-racing/ui/dist/assets/img/controls/keyboard-mouse/keyboard_1_outline.svg,_REVIEW_THIRD_PARTY/phone/lb-racing/ui/dist/assets/img/controls/keyboard-mouse/keyboard_1_outline.svg,420,03_REVIEW_HEX_PHONE_TIMELINE
server/[phone]/lb-racing/ui/dist/assets/img/controls/keyboard-mouse/keyboard_1.svg,_REVIEW_THIRD_PARTY/phone/lb-racing/ui/dist/assets/img/controls/keyboard-mouse/keyboard_1.svg,333,03_REVIEW_HEX_PHONE_TIMELINE
server/[phone]/lb-racing/ui/dist/assets/img/controls/keyboard-mouse/keyboard_f3_outline.svg,_REVIEW_THIRD_PARTY/phone/lb-racing/ui/dist/assets/img/controls/keyboard-mouse/keyboard_f3_outline.svg,964,03_REVIEW_HEX_PHONE_TIMELINE
server/[phone]/lb-racing/ui/dist/assets/img/controls/keyboard-mouse/keyboard_l.svg,_REVIEW_THIRD_PARTY/phone/lb-racing/ui/dist/assets/img/controls/keyboard-mouse/keyboard_l.svg,303,03_REVIEW_HEX_PHONE_TIMELINE
server/[phone]/lb-racing/ui/dist/assets/img/controls/keyboard-mouse/keyboard_escape.svg,_REVIEW_THIRD_PARTY/phone/lb-racing/ui/dist/assets/img/controls/keyboard-mouse/keyboard_escape.svg,1013,03_REVIEW_HEX_PHONE_TIMELINE
server/[phone]/lb-racing/ui/dist/assets/img/controls/keyboard-mouse/keyboard_bracket_close.svg,_REVIEW_THIRD_PARTY/phone/lb-racing/ui/dist/assets/img/controls/keyboard-mouse/keyboard_bracket_close.svg,327,03_REVIEW_HEX_PHONE_TIMELINE
server/[phone]/lb-racing/ui/dist/assets/img/controls/keyboard-mouse/keyboard_slash_forward_outline.svg,_REVIEW_THIRD_PARTY/phone/lb-racing/ui/dist/assets/img/controls/keyboard-mouse/keyboard_slash_forward_outline.svg,402,03_REVIEW_HEX_PHONE_TIMELINE
server/[phone]/lb-racing/ui/dist/assets/img/controls/keyboard-mouse/keyboard_capslock.svg,_REVIEW_THIRD_PARTY/phone/lb-racing/ui/dist/assets/img/controls/keyboard-mouse/keyboard_capslock.svg,3159,03_REVIEW_HEX_PHONE_TIMELINE
server/[phone]/lb-racing/ui/dist/assets/img/controls/keyboard-mouse/keyboard_command_outline.svg,_REVIEW_THIRD_PARTY/phone/lb-racing/ui/dist/assets/img/controls/keyboard-mouse/keyboard_command_outline.svg,1490,03_REVIEW_HEX_PHONE_TIMELINE
server/[phone]/lb-racing/ui/dist/assets/img/controls/keyboard-mouse/keyboard_7.svg,_REVIEW_THIRD_PARTY/phone/lb-racing/ui/dist/assets/img/controls/keyboard-mouse/keyboard_7.svg,309,03_REVIEW_HEX_PHONE_TIMELINE
server/[phone]/lb-racing/ui/dist/assets/img/controls/keyboard-mouse/keyboard_backspace_icon_alternative.svg,_REVIEW_THIRD_PARTY/phone/lb-racing/ui/dist/assets/img/controls/keyboard-mouse/keyboard_backspace_icon_alternative.svg,652,03_REVIEW_HEX_PHONE_TIMELINE
server/[phone]/lb-racing/ui/dist/assets/img/controls/keyboard-mouse/keyboard_3_outline.svg,_REVIEW_THIRD_PARTY/phone/lb-racing/ui/dist/assets/img/controls/keyboard-mouse/keyboard_3_outline.svg,856,03_REVIEW_HEX_PHONE_TIMELINE
server/[phone]/lb-racing/ui/dist/assets/img/controls/keyboard-mouse/keyboard_u.svg,_REVIEW_THIRD_PARTY/phone/lb-racing/ui/dist/assets/img/controls/keyboard-mouse/keyboard_u.svg,488,03_REVIEW_HEX_PHONE_TIMELINE
server/[phone]/lb-racing/ui/dist/assets/img/controls/keyboard-mouse/keyboard_q.svg,_REVIEW_THIRD_PARTY/phone/lb-racing/ui/dist/assets/img/controls/keyboard-mouse/keyboard_q.svg,638,03_REVIEW_HEX_PHONE_TIMELINE
server/[phone]/lb-racing/ui/dist/assets/img/controls/keyboard-mouse/keyboard_2_outline.svg,_REVIEW_THIRD_PARTY/phone/lb-racing/ui/dist/assets/img/controls/keyboard-mouse/keyboard_2_outline.svg,655,03_REVIEW_HEX_PHONE_TIMELINE
server/[phone]/lb-racing/ui/dist/assets/img/controls/keyboard-mouse/keyboard_p_outline.svg,_REVIEW_THIRD_PARTY/phone/lb-racing/ui/dist/assets/img/controls/keyboard-mouse/keyboard_p_outline.svg,672,03_REVIEW_HEX_PHONE_TIMELINE
server/[phone]/lb-racing/ui/dist/assets/img/controls/keyboard-mouse/keyboard_quote.svg,_REVIEW_THIRD_PARTY/phone/lb-racing/ui/dist/assets/img/controls/keyboard-mouse/keyboard_quote.svg,433,03_REVIEW_HEX_PHONE_TIMELINE
server/[phone]/lb-racing/ui/dist/assets/img/controls/keyboard-mouse/keyboard_q_outline.svg,_REVIEW_THIRD_PARTY/phone/lb-racing/ui/dist/assets/img/controls/keyboard-mouse/keyboard_q_outline.svg,725,03_REVIEW_HEX_PHONE_TIMELINE
server/[phone]/lb-racing/ui/dist/assets/img/controls/keyboard-mouse/keyboard_t.svg,_REVIEW_THIRD_PARTY/phone/lb-racing/ui/dist/assets/img/controls/keyboard-mouse/keyboard_t.svg,315,03_REVIEW_HEX_PHONE_TIMELINE
server/[phone]/lb-racing/ui/dist/assets/img/controls/keyboard-mouse/keyboard_comma.svg,_REVIEW_THIRD_PARTY/phone/lb-racing/ui/dist/assets/img/controls/keyboard-mouse/keyboard_comma.svg,487,03_REVIEW_HEX_PHONE_TIMELINE
server/[phone]/lb-racing/ui/dist/assets/img/controls/keyboard-mouse/mouse_move.svg,_REVIEW_THIRD_PARTY/phone/lb-racing/ui/dist/assets/img/controls/keyboard-mouse/mouse_move.svg,1197,03_REVIEW_HEX_PHONE_TIMELINE
server/[phone]/lb-racing/ui/dist/assets/img/controls/keyboard-mouse/keyboard_i.svg,_REVIEW_THIRD_PARTY/phone/lb-racing/ui/dist/assets/img/controls/keyboard-mouse/keyboard_i.svg,291,03_REVIEW_HEX_PHONE_TIMELINE
server/[phone]/lb-racing/ui/dist/assets/img/controls/keyboard-mouse/keyboard_bracket_open.svg,_REVIEW_THIRD_PARTY/phone/lb-racing/ui/dist/assets/img/controls/keyboard-mouse/keyboard_bracket_open.svg,327,03_REVIEW_HEX_PHONE_TIMELINE
server/[phone]/lb-racing/ui/dist/assets/img/controls/keyboard-mouse/keyboard_capslock_icon.svg,_REVIEW_THIRD_PARTY/phone/lb-racing/ui/dist/assets/img/controls/keyboard-mouse/keyboard_capslock_icon.svg,358,03_REVIEW_HEX_PHONE_TIMELINE
server/[phone]/lb-racing/ui/dist/assets/img/controls/keyboard-mouse/keyboard_arrows_all.svg,_REVIEW_THIRD_PARTY/phone/lb-racing/ui/dist/assets/img/controls/keyboard-mouse/keyboard_arrows_all.svg,525,03_REVIEW_HEX_PHONE_TIMELINE
server/[phone]/lb-racing/ui/dist/assets/img/controls/keyboard-mouse/keyboard_h.svg,_REVIEW_THIRD_PARTY/phone/lb-racing/ui/dist/assets/img/controls/keyboard-mouse/keyboard_h.svg,382,03_REVIEW_HEX_PHONE_TIMELINE
server/[phone]/lb-racing/ui/dist/assets/img/controls/keyboard-mouse/keyboard_k.svg,_REVIEW_THIRD_PARTY/phone/lb-racing/ui/dist/assets/img/controls/keyboard-mouse/keyboard_k.svg,360,03_REVIEW_HEX_PHONE_TIMELINE
server/[phone]/lb-racing/ui/dist/assets/img/controls/keyboard-mouse/keyboard_minus_outline.svg,_REVIEW_THIRD_PARTY/phone/lb-racing/ui/dist/assets/img/controls/keyboard-mouse/keyboard_minus_outline.svg,378,03_REVIEW_HEX_PHONE_TIMELINE
server/[phone]/lb-racing/ui/dist/assets/img/controls/keyboard-mouse/keyboard.svg,_REVIEW_THIRD_PARTY/phone/lb-racing/ui/dist/assets/img/controls/keyboard-mouse/keyboard.svg,1618,03_REVIEW_HEX_PHONE_TIMELINE
server/[phone]/lb-racing/ui/dist/assets/img/controls/keyboard-mouse/keyboard_c.svg,_REVIEW_THIRD_PARTY/phone/lb-racing/ui/dist/assets/img/controls/keyboard-mouse/keyboard_c.svg,615,03_REVIEW_HEX_PHONE_TIMELINE
server/[phone]/lb-racing/ui/dist/assets/img/controls/keyboard-mouse/keyboard_shift_outline.svg,_REVIEW_THIRD_PARTY/phone/lb-racing/ui/dist/assets/img/controls/keyboard-mouse/keyboard_shift_outline.svg,1584,03_REVIEW_HEX_PHONE_TIMELINE
server/[phone]/lb-racing/ui/dist/assets/img/controls/keyboard-mouse/keyboard_period.svg,_REVIEW_THIRD_PARTY/phone/lb-racing/ui/dist/assets/img/controls/keyboard-mouse/keyboard_period.svg,346,03_REVIEW_HEX_PHONE_TIMELINE
server/[phone]/lb-racing/ui/dist/assets/img/controls/keyboard-mouse/keyboard_home.svg,_REVIEW_THIRD_PARTY/phone/lb-racing/ui/dist/assets/img/controls/keyboard-mouse/keyboard_home.svg,1622,03_REVIEW_HEX_PHONE_TIMELINE
server/[phone]/lb-racing/ui/dist/assets/img/controls/keyboard-mouse/mouse_horizontal.svg,_REVIEW_THIRD_PARTY/phone/lb-racing/ui/dist/assets/img/controls/keyboard-mouse/mouse_horizontal.svg,1033,03_REVIEW_HEX_PHONE_TIMELINE
server/[phone]/lb-racing/ui/dist/assets/img/controls/keyboard-mouse/keyboard_slash_back_outline.svg,_REVIEW_THIRD_PARTY/phone/lb-racing/ui/dist/assets/img/controls/keyboard-mouse/keyboard_slash_back_outline.svg,402,03_REVIEW_HEX_PHONE_TIMELINE
server/[phone]/lb-racing/ui/dist/assets/img/controls/keyboard-mouse/keyboard_e_outline.svg,_REVIEW_THIRD_PARTY/phone/lb-racing/ui/dist/assets/img/controls/keyboard-mouse/keyboard_e_outline.svg,426,03_REVIEW_HEX_PHONE_TIMELINE
server/[phone]/lb-racing/ui/dist/assets/img/controls/keyboard-mouse/keyboard_arrows_right_outline.svg,_REVIEW_THIRD_PARTY/phone/lb-racing/ui/dist/assets/img/controls/keyboard-mouse/keyboard_arrows_right_outline.svg,786,03_REVIEW_HEX_PHONE_TIMELINE
server/[phone]/lb-racing/ui/dist/assets/img/controls/keyboard-mouse/keyboard_f.svg,_REVIEW_THIRD_PARTY/phone/lb-racing/ui/dist/assets/img/controls/keyboard-mouse/keyboard_f.svg,327,03_REVIEW_HEX_PHONE_TIMELINE
server/[phone]/lb-racing/ui/dist/assets/img/controls/keyboard-mouse/keyboard_j.svg,_REVIEW_THIRD_PARTY/phone/lb-racing/ui/dist/assets/img/controls/keyboard-mouse/keyboard_j.svg,405,03_REVIEW_HEX_PHONE_TIMELINE
server/[phone]/lb-racing/ui/dist/assets/img/controls/keyboard-mouse/keyboard_a.svg,_REVIEW_THIRD_PARTY/phone/lb-racing/ui/dist/assets/img/controls/keyboard-mouse/keyboard_a.svg,349,03_REVIEW_HEX_PHONE_TIMELINE
server/[phone]/lb-racing/ui/dist/assets/img/controls/keyboard-mouse/keyboard_f1.svg,_REVIEW_THIRD_PARTY/phone/lb-racing/ui/dist/assets/img/controls/keyboard-mouse/keyboard_f1.svg,455,03_REVIEW_HEX_PHONE_TIMELINE
server/[phone]/lb-racing/ui/dist/assets/img/controls/keyboard-mouse/keyboard_arrow_down_outline.svg,_REVIEW_THIRD_PARTY/phone/lb-racing/ui/dist/assets/img/controls/keyboard-mouse/keyboard_arrow_down_outline.svg,408,03_REVIEW_HEX_PHONE_TIMELINE
server/[phone]/lb-racing/ui/dist/assets/img/controls/keyboard-mouse/keyboard_comma_outline.svg,_REVIEW_THIRD_PARTY/phone/lb-racing/ui/dist/assets/img/controls/keyboard-mouse/keyboard_comma_outline.svg,574,03_REVIEW_HEX_PHONE_TIMELINE
server/[phone]/lb-racing/ui/dist/assets/img/controls/keyboard-mouse/keyboard_question.svg,_REVIEW_THIRD_PARTY/phone/lb-racing/ui/dist/assets/img/controls/keyboard-mouse/keyboard_question.svg,814,03_REVIEW_HEX_PHONE_TIMELINE
server/[phone]/lb-racing/ui/dist/assets/img/controls/keyboard-mouse/keyboard_shift.svg,_REVIEW_THIRD_PARTY/phone/lb-racing/ui/dist/assets/img/controls/keyboard-mouse/keyboard_shift.svg,1497,03_REVIEW_HEX_PHONE_TIMELINE
server/[phone]/lb-racing/ui/dist/assets/img/controls/keyboard-mouse/keyboard_backspace.svg,_REVIEW_THIRD_PARTY/phone/lb-racing/ui/dist/assets/img/controls/keyboard-mouse/keyboard_backspace.svg,3798,03_REVIEW_HEX_PHONE_TIMELINE
server/[phone]/lb-racing/ui/dist/assets/img/controls/keyboard-mouse/keyboard_numpad_plus.svg,_REVIEW_THIRD_PARTY/phone/lb-racing/ui/dist/assets/img/controls/keyboard-mouse/keyboard_numpad_plus.svg,379,03_REVIEW_HEX_PHONE_TIMELINE
server/[phone]/lb-racing/ui/dist/assets/img/controls/keyboard-mouse/keyboard_f2_outline.svg,_REVIEW_THIRD_PARTY/phone/lb-racing/ui/dist/assets/img/controls/keyboard-mouse/keyboard_f2_outline.svg,759,03_REVIEW_HEX_PHONE_TIMELINE
server/[phone]/lb-racing/ui/dist/assets/img/controls/keyboard-mouse/keyboard_f7_outline.svg,_REVIEW_THIRD_PARTY/phone/lb-racing/ui/dist/assets/img/controls/keyboard-mouse/keyboard_f7_outline.svg,518,03_REVIEW_HEX_PHONE_TIMELINE
server/[phone]/lb-racing/ui/dist/assets/img/controls/keyboard-mouse/keyboard_9.svg,_REVIEW_THIRD_PARTY/phone/lb-racing/ui/dist/assets/img/controls/keyboard-mouse/keyboard_9.svg,620,03_REVIEW_HEX_PHONE_TIMELINE
server/[phone]/lb-racing/ui/dist/assets/img/controls/keyboard-mouse/keyboard_equals_outline.svg,_REVIEW_THIRD_PARTY/phone/lb-racing/ui/dist/assets/img/controls/keyboard-mouse/keyboard_equals_outline.svg,410,03_REVIEW_HEX_PHONE_TIMELINE
server/[phone]/lb-racing/ui/dist/assets/img/controls/keyboard-mouse/keyboard_win_outline.svg,_REVIEW_THIRD_PARTY/phone/lb-racing/ui/dist/assets/img/controls/keyboard-mouse/keyboard_win_outline.svg,1062,03_REVIEW_HEX_PHONE_TIMELINE
server/[phone]/lb-racing/ui/dist/assets/img/controls/keyboard-mouse/keyboard_arrows_down_outline.svg,_REVIEW_THIRD_PARTY/phone/lb-racing/ui/dist/assets/img/controls/keyboard-mouse/keyboard_arrows_down_outline.svg,786,03_REVIEW_HEX_PHONE_TIMELINE
server/[phone]/lb-racing/ui/dist/assets/img/controls/keyboard-mouse/keyboard_home_outline.svg,_REVIEW_THIRD_PARTY/phone/lb-racing/ui/dist/assets/img/controls/keyboard-mouse/keyboard_home_outline.svg,1709,03_REVIEW_HEX_PHONE_TIMELINE
server/[phone]/lb-racing/ui/dist/assets/img/controls/keyboard-mouse/keyboard_exclamation.svg,_REVIEW_THIRD_PARTY/phone/lb-racing/ui/dist/assets/img/controls/keyboard-mouse/keyboard_exclamation.svg,477,03_REVIEW_HEX_PHONE_TIMELINE
server/[phone]/lb-racing/ui/dist/assets/img/controls/keyboard-mouse/keyboard_space_icon.svg,_REVIEW_THIRD_PARTY/phone/lb-racing/ui/dist/assets/img/controls/keyboard-mouse/keyboard_space_icon.svg,327,03_REVIEW_HEX_PHONE_TIMELINE
server/[phone]/lb-racing/ui/dist/assets/img/controls/keyboard-mouse/keyboard_asterisk.svg,_REVIEW_THIRD_PARTY/phone/lb-racing/ui/dist/assets/img/controls/keyboard-mouse/keyboard_asterisk.svg,434,03_REVIEW_HEX_PHONE_TIMELINE
server/[phone]/lb-racing/ui/dist/assets/img/controls/keyboard-mouse/keyboard_x_outline.svg,_REVIEW_THIRD_PARTY/phone/lb-racing/ui/dist/assets/img/controls/keyboard-mouse/keyboard_x_outline.svg,501,03_REVIEW_HEX_PHONE_TIMELINE
server/[phone]/lb-racing/ui/dist/assets/img/controls/keyboard-mouse/keyboard_f7.svg,_REVIEW_THIRD_PARTY/phone/lb-racing/ui/dist/assets/img/controls/keyboard-mouse/keyboard_f7.svg,431,03_REVIEW_HEX_PHONE_TIMELINE
server/[phone]/lb-racing/ui/dist/assets/img/controls/keyboard-mouse/keyboard_arrows_none.svg,_REVIEW_THIRD_PARTY/phone/lb-racing/ui/dist/assets/img/controls/keyboard-mouse/keyboard_arrows_none.svg,873,03_REVIEW_HEX_PHONE_TIMELINE
server/[phone]/lb-racing/ui/dist/assets/img/controls/keyboard-mouse/keyboard_f12_outline.svg,_REVIEW_THIRD_PARTY/phone/lb-racing/ui/dist/assets/img/controls/keyboard-mouse/keyboard_f12_outline.svg,880,03_REVIEW_HEX_PHONE_TIMELINE
server/[phone]/lb-racing/ui/dist/assets/img/controls/keyboard-mouse/keyboard_s.svg,_REVIEW_THIRD_PARTY/phone/lb-racing/ui/dist/assets/img/controls/keyboard-mouse/keyboard_s.svg,893,03_REVIEW_HEX_PHONE_TIMELINE
server/[phone]/lb-racing/ui/dist/assets/img/controls/keyboard-mouse/keyboard_printscreen_outline.svg,_REVIEW_THIRD_PARTY/phone/lb-racing/ui/dist/assets/img/controls/keyboard-mouse/keyboard_printscreen_outline.svg,2747,03_REVIEW_HEX_PHONE_TIMELINE
server/[phone]/lb-racing/ui/dist/assets/img/controls/keyboard-mouse/keyboard_apostrophe_outline.svg,_REVIEW_THIRD_PARTY/phone/lb-racing/ui/dist/assets/img/controls/keyboard-mouse/keyboard_apostrophe_outline.svg,433,03_REVIEW_HEX_PHONE_TIMELINE
server/[phone]/lb-racing/ui/dist/assets/img/controls/keyboard-mouse/mouse.svg,_REVIEW_THIRD_PARTY/phone/lb-racing/ui/dist/assets/img/controls/keyboard-mouse/mouse.svg,797,03_REVIEW_HEX_PHONE_TIMELINE
server/[phone]/lb-racing/ui/dist/assets/img/controls/keyboard-mouse/keyboard_tab_icon_alternative.svg,_REVIEW_THIRD_PARTY/phone/lb-racing/ui/dist/assets/img/controls/keyboard-mouse/keyboard_tab_icon_alternative.svg,354,03_REVIEW_HEX_PHONE_TIMELINE
server/[phone]/lb-racing/ui/dist/assets/img/controls/keyboard-mouse/keyboard_page_up_outline.svg,_REVIEW_THIRD_PARTY/phone/lb-racing/ui/dist/assets/img/controls/keyboard-mouse/keyboard_page_up_outline.svg,2382,03_REVIEW_HEX_PHONE_TIMELINE
server/[phone]/lb-racing/ui/dist/assets/img/controls/keyboard-mouse/keyboard_space_outline.svg,_REVIEW_THIRD_PARTY/phone/lb-racing/ui/dist/assets/img/controls/keyboard-mouse/keyboard_space_outline.svg,2233,03_REVIEW_HEX_PHONE_TIMELINE
server/[phone]/lb-racing/ui/dist/assets/img/controls/keyboard-mouse/keyboard_arrow_up_outline.svg,_REVIEW_THIRD_PARTY/phone/lb-racing/ui/dist/assets/img/controls/keyboard-mouse/keyboard_arrow_up_outline.svg,409,03_REVIEW_HEX_PHONE_TIMELINE
server/[phone]/lb-racing/ui/dist/assets/img/controls/keyboard-mouse/keyboard_g.svg,_REVIEW_THIRD_PARTY/phone/lb-racing/ui/dist/assets/img/controls/keyboard-mouse/keyboard_g.svg,658,03_REVIEW_HEX_PHONE_TIMELINE
server/[phone]/lb-racing/ui/dist/assets/img/controls/keyboard-mouse/mouse_scroll_vertical.svg,_REVIEW_THIRD_PARTY/phone/lb-racing/ui/dist/assets/img/controls/keyboard-mouse/mouse_scroll_vertical.svg,2487,03_REVIEW_HEX_PHONE_TIMELINE
server/[phone]/lb-racing/ui/dist/assets/img/controls/keyboard-mouse/keyboard_t_outline.svg,_REVIEW_THIRD_PARTY/phone/lb-racing/ui/dist/assets/img/controls/keyboard-mouse/keyboard_t_outline.svg,402,03_REVIEW_HEX_PHONE_TIMELINE
server/[phone]/lb-racing/ui/dist/assets/img/controls/keyboard-mouse/keyboard_r.svg,_REVIEW_THIRD_PARTY/phone/lb-racing/ui/dist/assets/img/controls/keyboard-mouse/keyboard_r.svg,571,03_REVIEW_HEX_PHONE_TIMELINE
server/[phone]/lb-racing/ui/dist/assets/img/controls/keyboard-mouse/mouse_left.svg,_REVIEW_THIRD_PARTY/phone/lb-racing/ui/dist/assets/img/controls/keyboard-mouse/mouse_left.svg,842,03_REVIEW_HEX_PHONE_TIMELINE
server/[phone]/lb-racing/ui/dist/assets/img/controls/keyboard-mouse/keyboard_arrow_left.svg,_REVIEW_THIRD_PARTY/phone/lb-racing/ui/dist/assets/img/controls/keyboard-mouse/keyboard_arrow_left.svg,321,03_REVIEW_HEX_PHONE_TIMELINE
server/[phone]/lb-racing/ui/dist/assets/img/controls/keyboard-mouse/keyboard_n_outline.svg,_REVIEW_THIRD_PARTY/phone/lb-racing/ui/dist/assets/img/controls/keyboard-mouse/keyboard_n_outline.svg,414,03_REVIEW_HEX_PHONE_TIMELINE
server/[phone]/lb-racing/ui/dist/assets/img/controls/keyboard-mouse/keyboard_7_outline.svg,_REVIEW_THIRD_PARTY/phone/lb-racing/ui/dist/assets/img/controls/keyboard-mouse/keyboard_7_outline.svg,396,03_REVIEW_HEX_PHONE_TIMELINE
server/[phone]/lb-racing/ui/dist/assets/img/controls/keyboard-mouse/keyboard_arrows_left.svg,_REVIEW_THIRD_PARTY/phone/lb-racing/ui/dist/assets/img/controls/keyboard-mouse/keyboard_arrows_left.svg,570,03_REVIEW_HEX_PHONE_TIMELINE
server/[phone]/lb-racing/ui/dist/assets/img/controls/keyboard-mouse/keyboard_numpad_enter.svg,_REVIEW_THIRD_PARTY/phone/lb-racing/ui/dist/assets/img/controls/keyboard-mouse/keyboard_numpad_enter.svg,1648,03_REVIEW_HEX_PHONE_TIMELINE
server/[phone]/lb-racing/ui/dist/assets/img/controls/keyboard-mouse/keyboard_f2.svg,_REVIEW_THIRD_PARTY/phone/lb-racing/ui/dist/assets/img/controls/keyboard-mouse/keyboard_f2.svg,682,03_REVIEW_HEX_PHONE_TIMELINE
server/[phone]/lb-racing/ui/dist/assets/img/controls/keyboard-mouse/keyboard_space.svg,_REVIEW_THIRD_PARTY/phone/lb-racing/ui/dist/assets/img/controls/keyboard-mouse/keyboard_space.svg,2146,03_REVIEW_HEX_PHONE_TIMELINE
server/[phone]/lb-racing/ui/dist/assets/img/controls/keyboard-mouse/keyboard_0.svg,_REVIEW_THIRD_PARTY/phone/lb-racing/ui/dist/assets/img/controls/keyboard-mouse/keyboard_0.svg,677,03_REVIEW_HEX_PHONE_TIMELINE
server/[phone]/lb-racing/ui/dist/assets/img/controls/keyboard-mouse/keyboard_e.svg,_REVIEW_THIRD_PARTY/phone/lb-racing/ui/dist/assets/img/controls/keyboard-mouse/keyboard_e.svg,339,03_REVIEW_HEX_PHONE_TIMELINE
server/[phone]/lb-racing/ui/dist/assets/img/controls/keyboard-mouse/keyboard_caret.svg,_REVIEW_THIRD_PARTY/phone/lb-racing/ui/dist/assets/img/controls/keyboard-mouse/keyboard_caret.svg,303,03_REVIEW_HEX_PHONE_TIMELINE
server/[phone]/lb-racing/ui/dist/assets/img/controls/keyboard-mouse/keyboard_z.svg,_REVIEW_THIRD_PARTY/phone/lb-racing/ui/dist/assets/img/controls/keyboard-mouse/keyboard_z.svg,327,03_REVIEW_HEX_PHONE_TIMELINE
server/[phone]/lb-racing/ui/dist/assets/img/controls/keyboard-mouse/keyboard_end_outline.svg,_REVIEW_THIRD_PARTY/phone/lb-racing/ui/dist/assets/img/controls/keyboard-mouse/keyboard_end_outline.svg,761,03_REVIEW_HEX_PHONE_TIMELINE
server/[phone]/lb-racing/ui/dist/assets/img/controls/keyboard-mouse/keyboard_arrows.svg,_REVIEW_THIRD_PARTY/phone/lb-racing/ui/dist/assets/img/controls/keyboard-mouse/keyboard_arrows.svg,525,03_REVIEW_HEX_PHONE_TIMELINE
server/[phone]/lb-racing/ui/dist/assets/img/controls/keyboard-mouse/keyboard_outline.svg,_REVIEW_THIRD_PARTY/phone/lb-racing/ui/dist/assets/img/controls/keyboard-mouse/keyboard_outline.svg,1841,03_REVIEW_HEX_PHONE_TIMELINE
server/[phone]/lb-racing/ui/dist/assets/img/controls/keyboard-mouse/keyboard_semicolon_outline.svg,_REVIEW_THIRD_PARTY/phone/lb-racing/ui/dist/assets/img/controls/keyboard-mouse/keyboard_semicolon_outline.svg,621,03_REVIEW_HEX_PHONE_TIMELINE
server/[phone]/lb-racing/ui/dist/assets/img/controls/keyboard-mouse/keyboard_0_outline.svg,_REVIEW_THIRD_PARTY/phone/lb-racing/ui/dist/assets/img/controls/keyboard-mouse/keyboard_0_outline.svg,764,03_REVIEW_HEX_PHONE_TIMELINE
server/[phone]/lb-racing/ui/dist/assets/img/controls/keyboard-mouse/keyboard_return_outline.svg,_REVIEW_THIRD_PARTY/phone/lb-racing/ui/dist/assets/img/controls/keyboard-mouse/keyboard_return_outline.svg,573,03_REVIEW_HEX_PHONE_TIMELINE
server/[phone]/lb-racing/ui/dist/assets/img/controls/keyboard-mouse/keyboard_6_outline.svg,_REVIEW_THIRD_PARTY/phone/lb-racing/ui/dist/assets/img/controls/keyboard-mouse/keyboard_6_outline.svg,716,03_REVIEW_HEX_PHONE_TIMELINE
server/[phone]/lb-racing/ui/dist/assets/img/controls/keyboard-mouse/keyboard_apostrophe.svg,_REVIEW_THIRD_PARTY/phone/lb-racing/ui/dist/assets/img/controls/keyboard-mouse/keyboard_apostrophe.svg,346,03_REVIEW_HEX_PHONE_TIMELINE
server/[phone]/lb-racing/ui/dist/assets/img/controls/keyboard-mouse/keyboard_semicolon.svg,_REVIEW_THIRD_PARTY/phone/lb-racing/ui/dist/assets/img/controls/keyboard-mouse/keyboard_semicolon.svg,534,03_REVIEW_HEX_PHONE_TIMELINE
server/[phone]/lb-racing/ui/dist/assets/img/controls/keyboard-mouse/mouse_vertical.svg,_REVIEW_THIRD_PARTY/phone/lb-racing/ui/dist/assets/img/controls/keyboard-mouse/mouse_vertical.svg,1033,03_REVIEW_HEX_PHONE_TIMELINE
server/[phone]/lb-racing/ui/dist/assets/img/controls/keyboard-mouse/keyboard_arrow_up.svg,_REVIEW_THIRD_PARTY/phone/lb-racing/ui/dist/assets/img/controls/keyboard-mouse/keyboard_arrow_up.svg,322,03_REVIEW_HEX_PHONE_TIMELINE
server/[phone]/lb-racing/ui/dist/assets/img/controls/keyboard-mouse/keyboard_a_outline.svg,_REVIEW_THIRD_PARTY/phone/lb-racing/ui/dist/assets/img/controls/keyboard-mouse/keyboard_a_outline.svg,436,03_REVIEW_HEX_PHONE_TIMELINE
server/[phone]/lb-racing/ui/dist/assets/img/controls/keyboard-mouse/mouse_left_outline.svg,_REVIEW_THIRD_PARTY/phone/lb-racing/ui/dist/assets/img/controls/keyboard-mouse/mouse_left_outline.svg,775,03_REVIEW_HEX_PHONE_TIMELINE
server/[phone]/lb-racing/ui/dist/assets/img/controls/keyboard-mouse/keyboard_tilde.svg,_REVIEW_THIRD_PARTY/phone/lb-racing/ui/dist/assets/img/controls/keyboard-mouse/keyboard_tilde.svg,615,03_REVIEW_HEX_PHONE_TIMELINE
server/[phone]/lb-racing/ui/dist/assets/img/controls/keyboard-mouse/keyboard_k_outline.svg,_REVIEW_THIRD_PARTY/phone/lb-racing/ui/dist/assets/img/controls/keyboard-mouse/keyboard_k_outline.svg,447,03_REVIEW_HEX_PHONE_TIMELINE
server/[phone]/lb-racing/ui/dist/assets/img/controls/keyboard-mouse/keyboard_exclamation_outline.svg,_REVIEW_THIRD_PARTY/phone/lb-racing/ui/dist/assets/img/controls/keyboard-mouse/keyboard_exclamation_outline.svg,564,03_REVIEW_HEX_PHONE_TIMELINE
server/[phone]/lb-racing/ui/dist/assets/img/controls/keyboard-mouse/keyboard_any.svg,_REVIEW_THIRD_PARTY/phone/lb-racing/ui/dist/assets/img/controls/keyboard-mouse/keyboard_any.svg,669,03_REVIEW_HEX_PHONE_TIMELINE
server/[phone]/lb-racing/ui/dist/assets/img/controls/keyboard-mouse/keyboard_enter.svg,_REVIEW_THIRD_PARTY/phone/lb-racing/ui/dist/assets/img/controls/keyboard-mouse/keyboard_enter.svg,1699,03_REVIEW_HEX_PHONE_TIMELINE
server/[phone]/lb-racing/ui/dist/assets/img/controls/keyboard-mouse/keyboard_z_outline.svg,_REVIEW_THIRD_PARTY/phone/lb-racing/ui/dist/assets/img/controls/keyboard-mouse/keyboard_z_outline.svg,414,03_REVIEW_HEX_PHONE_TIMELINE
server/[phone]/lb-racing/ui/dist/assets/img/controls/keyboard-mouse/keyboard_tab.svg,_REVIEW_THIRD_PARTY/phone/lb-racing/ui/dist/assets/img/controls/keyboard-mouse/keyboard_tab.svg,966,03_REVIEW_HEX_PHONE_TIMELINE
server/[phone]/lb-racing/ui/dist/assets/img/controls/keyboard-mouse/keyboard_tab_icon_alternative_outline.svg,_REVIEW_THIRD_PARTY/phone/lb-racing/ui/dist/assets/img/controls/keyboard-mouse/keyboard_tab_icon_alternative_outline.svg,441,03_REVIEW_HEX_PHONE_TIMELINE
server/[phone]/lb-racing/ui/dist/assets/img/controls/keyboard-mouse/keyboard_8_outline.svg,_REVIEW_THIRD_PARTY/phone/lb-racing/ui/dist/assets/img/controls/keyboard-mouse/keyboard_8_outline.svg,994,03_REVIEW_HEX_PHONE_TIMELINE
server/[phone]/lb-racing/ui/dist/assets/img/controls/keyboard-mouse/keyboard_b_outline.svg,_REVIEW_THIRD_PARTY/phone/lb-racing/ui/dist/assets/img/controls/keyboard-mouse/keyboard_b_outline.svg,769,03_REVIEW_HEX_PHONE_TIMELINE
server/[phone]/lb-racing/ui/dist/assets/img/controls/keyboard-mouse/keyboard_page_down_outline.svg,_REVIEW_THIRD_PARTY/phone/lb-racing/ui/dist/assets/img/controls/keyboard-mouse/keyboard_page_down_outline.svg,3338,03_REVIEW_HEX_PHONE_TIMELINE
server/[phone]/lb-racing/ui/dist/assets/img/controls/keyboard-mouse/keyboard_bracket_open_outline.svg,_REVIEW_THIRD_PARTY/phone/lb-racing/ui/dist/assets/img/controls/keyboard-mouse/keyboard_bracket_open_outline.svg,414,03_REVIEW_HEX_PHONE_TIMELINE
server/[phone]/lb-racing/ui/dist/assets/img/controls/xbox/xbox_stick_side_l.svg,_REVIEW_THIRD_PARTY/phone/lb-racing/ui/dist/assets/img/controls/xbox/xbox_stick_side_l.svg,619,03_REVIEW_HEX_PHONE_TIMELINE
server/[phone]/lb-racing/ui/dist/assets/img/controls/xbox/xbox_button_view_outline.svg,_REVIEW_THIRD_PARTY/phone/lb-racing/ui/dist/assets/img/controls/xbox/xbox_button_view_outline.svg,637,03_REVIEW_HEX_PHONE_TIMELINE
server/[phone]/lb-racing/ui/dist/assets/img/controls/xbox/xbox_dpad_vertical.svg,_REVIEW_THIRD_PARTY/phone/lb-racing/ui/dist/assets/img/controls/xbox/xbox_dpad_vertical.svg,450,03_REVIEW_HEX_PHONE_TIMELINE
server/[phone]/lb-racing/ui/dist/assets/img/controls/xbox/xbox_lt_outline.svg,_REVIEW_THIRD_PARTY/phone/lb-racing/ui/dist/assets/img/controls/xbox/xbox_lt_outline.svg,518,03_REVIEW_HEX_PHONE_TIMELINE
server/[phone]/lb-racing/ui/dist/assets/img/controls/xbox/xbox_button_b_outline.svg,_REVIEW_THIRD_PARTY/phone/lb-racing/ui/dist/assets/img/controls/xbox/xbox_button_b_outline.svg,855,03_REVIEW_HEX_PHONE_TIMELINE
server/[phone]/lb-racing/ui/dist/assets/img/controls/xbox/xbox_button_y_outline.svg,_REVIEW_THIRD_PARTY/phone/lb-racing/ui/dist/assets/img/controls/xbox/xbox_button_y_outline.svg,561,03_REVIEW_HEX_PHONE_TIMELINE
server/[phone]/lb-racing/ui/dist/assets/img/controls/xbox/xbox_button_y.svg,_REVIEW_THIRD_PARTY/phone/lb-racing/ui/dist/assets/img/controls/xbox/xbox_button_y.svg,407,03_REVIEW_HEX_PHONE_TIMELINE
server/[phone]/lb-racing/ui/dist/assets/img/controls/xbox/xbox_dpad.svg,_REVIEW_THIRD_PARTY/phone/lb-racing/ui/dist/assets/img/controls/xbox/xbox_dpad.svg,363,03_REVIEW_HEX_PHONE_TIMELINE
server/[phone]/lb-racing/ui/dist/assets/img/controls/xbox/xbox_rt.svg,_REVIEW_THIRD_PARTY/phone/lb-racing/ui/dist/assets/img/controls/xbox/xbox_rt.svg,603,03_REVIEW_HEX_PHONE_TIMELINE
server/[phone]/lb-racing/ui/dist/assets/img/controls/xbox/xbox_stick_side_r.svg,_REVIEW_THIRD_PARTY/phone/lb-racing/ui/dist/assets/img/controls/xbox/xbox_stick_side_r.svg,822,03_REVIEW_HEX_PHONE_TIMELINE
server/[phone]/lb-racing/ui/dist/assets/img/controls/xbox/xbox_button_start_outline.svg,_REVIEW_THIRD_PARTY/phone/lb-racing/ui/dist/assets/img/controls/xbox/xbox_button_start_outline.svg,2126,03_REVIEW_HEX_PHONE_TIMELINE
server/[phone]/lb-racing/ui/dist/assets/img/controls/xbox/xbox_rs_outline.svg,_REVIEW_THIRD_PARTY/phone/lb-racing/ui/dist/assets/img/controls/xbox/xbox_rs_outline.svg,1275,03_REVIEW_HEX_PHONE_TIMELINE
server/[phone]/lb-racing/ui/dist/assets/img/controls/xbox/xbox_button_a.svg,_REVIEW_THIRD_PARTY/phone/lb-racing/ui/dist/assets/img/controls/xbox/xbox_button_a.svg,393,03_REVIEW_HEX_PHONE_TIMELINE
server/[phone]/lb-racing/ui/dist/assets/img/controls/xbox/xbox_dpad_round_down.svg,_REVIEW_THIRD_PARTY/phone/lb-racing/ui/dist/assets/img/controls/xbox/xbox_dpad_round_down.svg,850,03_REVIEW_HEX_PHONE_TIMELINE
server/[phone]/lb-racing/ui/dist/assets/img/controls/xbox/xbox_stick_r_down.svg,_REVIEW_THIRD_PARTY/phone/lb-racing/ui/dist/assets/img/controls/xbox/xbox_stick_r_down.svg,2060,03_REVIEW_HEX_PHONE_TIMELINE
server/[phone]/lb-racing/ui/dist/assets/img/controls/xbox/xbox_dpad_horizontal.svg,_REVIEW_THIRD_PARTY/phone/lb-racing/ui/dist/assets/img/controls/xbox/xbox_dpad_horizontal.svg,450,03_REVIEW_HEX_PHONE_TIMELINE
server/[phone]/lb-racing/ui/dist/assets/img/controls/xbox/xbox_button_color_b.svg,_REVIEW_THIRD_PARTY/phone/lb-racing/ui/dist/assets/img/controls/xbox/xbox_button_color_b.svg,701,03_REVIEW_HEX_PHONE_TIMELINE
server/[phone]/lb-racing/ui/dist/assets/img/controls/xbox/xbox_lb.svg,_REVIEW_THIRD_PARTY/phone/lb-racing/ui/dist/assets/img/controls/xbox/xbox_lb.svg,611,03_REVIEW_HEX_PHONE_TIMELINE
server/[phone]/lb-racing/ui/dist/assets/img/controls/xbox/xbox_stick_r_press.svg,_REVIEW_THIRD_PARTY/phone/lb-racing/ui/dist/assets/img/controls/xbox/xbox_stick_r_press.svg,1983,03_REVIEW_HEX_PHONE_TIMELINE
server/[phone]/lb-racing/ui/dist/assets/img/controls/xbox/xbox_elite_paddle_bottom_left.svg,_REVIEW_THIRD_PARTY/phone/lb-racing/ui/dist/assets/img/controls/xbox/xbox_elite_paddle_bottom_left.svg,567,03_REVIEW_HEX_PHONE_TIMELINE
server/[phone]/lb-racing/ui/dist/assets/img/controls/xbox/xbox_stick_l_down.svg,_REVIEW_THIRD_PARTY/phone/lb-racing/ui/dist/assets/img/controls/xbox/xbox_stick_l_down.svg,1872,03_REVIEW_HEX_PHONE_TIMELINE
server/[phone]/lb-racing/ui/dist/assets/img/controls/xbox/xbox_dpad_round.svg,_REVIEW_THIRD_PARTY/phone/lb-racing/ui/dist/assets/img/controls/xbox/xbox_dpad_round.svg,662,03_REVIEW_HEX_PHONE_TIMELINE
server/[phone]/lb-racing/ui/dist/assets/img/controls/xbox/xbox_guide.svg,_REVIEW_THIRD_PARTY/phone/lb-racing/ui/dist/assets/img/controls/xbox/xbox_guide.svg,1341,03_REVIEW_HEX_PHONE_TIMELINE
server/[phone]/lb-racing/ui/dist/assets/img/controls/xbox/xbox_elite_paddle_top_right.svg,_REVIEW_THIRD_PARTY/phone/lb-racing/ui/dist/assets/img/controls/xbox/xbox_elite_paddle_top_right.svg,480,03_REVIEW_HEX_PHONE_TIMELINE
server/[phone]/lb-racing/ui/dist/assets/img/controls/xbox/xbox_button_menu_outline.svg,_REVIEW_THIRD_PARTY/phone/lb-racing/ui/dist/assets/img/controls/xbox/xbox_button_menu_outline.svg,553,03_REVIEW_HEX_PHONE_TIMELINE
server/[phone]/lb-racing/ui/dist/assets/img/controls/xbox/xbox_stick_r_vertical.svg,_REVIEW_THIRD_PARTY/phone/lb-racing/ui/dist/assets/img/controls/xbox/xbox_stick_r_vertical.svg,2808,03_REVIEW_HEX_PHONE_TIMELINE
server/[phone]/lb-racing/ui/dist/assets/img/controls/xbox/xbox_dpad_right.svg,_REVIEW_THIRD_PARTY/phone/lb-racing/ui/dist/assets/img/controls/xbox/xbox_dpad_right.svg,430,03_REVIEW_HEX_PHONE_TIMELINE
server/[phone]/lb-racing/ui/dist/assets/img/controls/xbox/xbox_dpad_round_vertical.svg,_REVIEW_THIRD_PARTY/phone/lb-racing/ui/dist/assets/img/controls/xbox/xbox_dpad_round_vertical.svg,1018,03_REVIEW_HEX_PHONE_TIMELINE
server/[phone]/lb-racing/ui/dist/assets/img/controls/xbox/xbox_dpad_down.svg,_REVIEW_THIRD_PARTY/phone/lb-racing/ui/dist/assets/img/controls/xbox/xbox_dpad_down.svg,430,03_REVIEW_HEX_PHONE_TIMELINE
server/[phone]/lb-racing/ui/dist/assets/img/controls/xbox/xbox_button_a_outline.svg,_REVIEW_THIRD_PARTY/phone/lb-racing/ui/dist/assets/img/controls/xbox/xbox_button_a_outline.svg,547,03_REVIEW_HEX_PHONE_TIMELINE
server/[phone]/lb-racing/ui/dist/assets/img/controls/xbox/controller_xbox360.svg,_REVIEW_THIRD_PARTY/phone/lb-racing/ui/dist/assets/img/controls/xbox/controller_xbox360.svg,1796,03_REVIEW_HEX_PHONE_TIMELINE
server/[phone]/lb-racing/ui/dist/assets/img/controls/xbox/xbox_button_color_x_outline.svg,_REVIEW_THIRD_PARTY/phone/lb-racing/ui/dist/assets/img/controls/xbox/xbox_button_color_x_outline.svg,612,03_REVIEW_HEX_PHONE_TIMELINE
server/[phone]/lb-racing/ui/dist/assets/img/controls/xbox/xbox_rb.svg,_REVIEW_THIRD_PARTY/phone/lb-racing/ui/dist/assets/img/controls/xbox/xbox_rb.svg,793,03_REVIEW_HEX_PHONE_TIMELINE
server/[phone]/lb-racing/ui/dist/assets/img/controls/xbox/xbox_stick_r_right.svg,_REVIEW_THIRD_PARTY/phone/lb-racing/ui/dist/assets/img/controls/xbox/xbox_stick_r_right.svg,1925,03_REVIEW_HEX_PHONE_TIMELINE
server/[phone]/lb-racing/ui/dist/assets/img/controls/xbox/xbox_stick_r_horizontal.svg,_REVIEW_THIRD_PARTY/phone/lb-racing/ui/dist/assets/img/controls/xbox/xbox_stick_r_horizontal.svg,2652,03_REVIEW_HEX_PHONE_TIMELINE
server/[phone]/lb-racing/ui/dist/assets/img/controls/xbox/xbox_rt_outline.svg,_REVIEW_THIRD_PARTY/phone/lb-racing/ui/dist/assets/img/controls/xbox/xbox_rt_outline.svg,719,03_REVIEW_HEX_PHONE_TIMELINE
server/[phone]/lb-racing/ui/dist/assets/img/controls/xbox/xbox_elite_paddle_top_left.svg,_REVIEW_THIRD_PARTY/phone/lb-racing/ui/dist/assets/img/controls/xbox/xbox_elite_paddle_top_left.svg,472,03_REVIEW_HEX_PHONE_TIMELINE
server/[phone]/lb-racing/ui/dist/assets/img/controls/xbox/xbox_rb_outline.svg,_REVIEW_THIRD_PARTY/phone/lb-racing/ui/dist/assets/img/controls/xbox/xbox_rb_outline.svg,903,03_REVIEW_HEX_PHONE_TIMELINE
server/[phone]/lb-racing/ui/dist/assets/img/controls/xbox/xbox_button_view.svg,_REVIEW_THIRD_PARTY/phone/lb-racing/ui/dist/assets/img/controls/xbox/xbox_button_view.svg,483,03_REVIEW_HEX_PHONE_TIMELINE
server/[phone]/lb-racing/ui/dist/assets/img/controls/xbox/xbox_button_color_a_outline.svg,_REVIEW_THIRD_PARTY/phone/lb-racing/ui/dist/assets/img/controls/xbox/xbox_button_color_a_outline.svg,547,03_REVIEW_HEX_PHONE_TIMELINE
server/[phone]/lb-racing/ui/dist/assets/img/controls/xbox/xbox_dpad_down_outline.svg,_REVIEW_THIRD_PARTY/phone/lb-racing/ui/dist/assets/img/controls/xbox/xbox_dpad_down_outline.svg,502,03_REVIEW_HEX_PHONE_TIMELINE
server/[phone]/lb-racing/ui/dist/assets/img/controls/xbox/xbox_stick_l_vertical.svg,_REVIEW_THIRD_PARTY/phone/lb-racing/ui/dist/assets/img/controls/xbox/xbox_stick_l_vertical.svg,2626,03_REVIEW_HEX_PHONE_TIMELINE
server/[phone]/lb-racing/ui/dist/assets/img/controls/xbox/xbox_stick_l_up.svg,_REVIEW_THIRD_PARTY/phone/lb-racing/ui/dist/assets/img/controls/xbox/xbox_stick_l_up.svg,1783,03_REVIEW_HEX_PHONE_TIMELINE
server/[phone]/lb-racing/ui/dist/assets/img/controls/xbox/xbox_dpad_round_all.svg,_REVIEW_THIRD_PARTY/phone/lb-racing/ui/dist/assets/img/controls/xbox/xbox_dpad_round_all.svg,1066,03_REVIEW_HEX_PHONE_TIMELINE
server/[phone]/lb-racing/ui/dist/assets/img/controls/xbox/xbox_stick_l.svg,_REVIEW_THIRD_PARTY/phone/lb-racing/ui/dist/assets/img/controls/xbox/xbox_stick_l.svg,973,03_REVIEW_HEX_PHONE_TIMELINE
server/[phone]/lb-racing/ui/dist/assets/img/controls/xbox/xbox_button_start_icon.svg,_REVIEW_THIRD_PARTY/phone/lb-racing/ui/dist/assets/img/controls/xbox/xbox_button_start_icon.svg,530,03_REVIEW_HEX_PHONE_TIMELINE
server/[phone]/lb-racing/ui/dist/assets/img/controls/xbox/xbox_dpad_horizontal_outline.svg,_REVIEW_THIRD_PARTY/phone/lb-racing/ui/dist/assets/img/controls/xbox/xbox_dpad_horizontal_outline.svg,450,03_REVIEW_HEX_PHONE_TIMELINE
server/[phone]/lb-racing/ui/dist/assets/img/controls/xbox/xbox_ls_outline.svg,_REVIEW_THIRD_PARTY/phone/lb-racing/ui/dist/assets/img/controls/xbox/xbox_ls_outline.svg,1080,03_REVIEW_HEX_PHONE_TIMELINE
server/[phone]/lb-racing/ui/dist/assets/img/controls/xbox/xbox_stick_top_r.svg,_REVIEW_THIRD_PARTY/phone/lb-racing/ui/dist/assets/img/controls/xbox/xbox_stick_top_r.svg,987,03_REVIEW_HEX_PHONE_TIMELINE
server/[phone]/lb-racing/ui/dist/assets/img/controls/xbox/xbox_button_start_icon_outline.svg,_REVIEW_THIRD_PARTY/phone/lb-racing/ui/dist/assets/img/controls/xbox/xbox_button_start_icon_outline.svg,796,03_REVIEW_HEX_PHONE_TIMELINE
server/[phone]/lb-racing/ui/dist/assets/img/controls/xbox/xbox_dpad_all.svg,_REVIEW_THIRD_PARTY/phone/lb-racing/ui/dist/assets/img/controls/xbox/xbox_dpad_all.svg,365,03_REVIEW_HEX_PHONE_TIMELINE
server/[phone]/lb-racing/ui/dist/assets/img/controls/xbox/xbox_elite_paddle_bottom_right.svg,_REVIEW_THIRD_PARTY/phone/lb-racing/ui/dist/assets/img/controls/xbox/xbox_elite_paddle_bottom_right.svg,564,03_REVIEW_HEX_PHONE_TIMELINE
server/[phone]/lb-racing/ui/dist/assets/img/controls/xbox/xbox_dpad_left.svg,_REVIEW_THIRD_PARTY/phone/lb-racing/ui/dist/assets/img/controls/xbox/xbox_dpad_left.svg,430,03_REVIEW_HEX_PHONE_TIMELINE
server/[phone]/lb-racing/ui/dist/assets/img/controls/xbox/xbox_button_x_outline.svg,_REVIEW_THIRD_PARTY/phone/lb-racing/ui/dist/assets/img/controls/xbox/xbox_button_x_outline.svg,612,03_REVIEW_HEX_PHONE_TIMELINE
server/[phone]/lb-racing/ui/dist/assets/img/controls/xbox/xbox_button_menu.svg,_REVIEW_THIRD_PARTY/phone/lb-racing/ui/dist/assets/img/controls/xbox/xbox_button_menu.svg,399,03_REVIEW_HEX_PHONE_TIMELINE
server/[phone]/lb-racing/ui/dist/assets/img/controls/xbox/xbox_stick_l_right.svg,_REVIEW_THIRD_PARTY/phone/lb-racing/ui/dist/assets/img/controls/xbox/xbox_stick_l_right.svg,1743,03_REVIEW_HEX_PHONE_TIMELINE
server/[phone]/lb-racing/ui/dist/assets/img/controls/xbox/xbox_button_color_a.svg,_REVIEW_THIRD_PARTY/phone/lb-racing/ui/dist/assets/img/controls/xbox/xbox_button_color_a.svg,393,03_REVIEW_HEX_PHONE_TIMELINE
server/[phone]/lb-racing/ui/dist/assets/img/controls/xbox/xbox_guide_outline.svg,_REVIEW_THIRD_PARTY/phone/lb-racing/ui/dist/assets/img/controls/xbox/xbox_guide_outline.svg,1545,03_REVIEW_HEX_PHONE_TIMELINE
server/[phone]/lb-racing/ui/dist/assets/img/controls/xbox/xbox_ls.svg,_REVIEW_THIRD_PARTY/phone/lb-racing/ui/dist/assets/img/controls/xbox/xbox_ls.svg,926,03_REVIEW_HEX_PHONE_TIMELINE
server/[phone]/lb-racing/ui/dist/assets/img/controls/xbox/xbox_dpad_round_right.svg,_REVIEW_THIRD_PARTY/phone/lb-racing/ui/dist/assets/img/controls/xbox/xbox_dpad_round_right.svg,869,03_REVIEW_HEX_PHONE_TIMELINE
server/[phone]/lb-racing/ui/dist/assets/img/controls/xbox/xbox_stick_top_l.svg,_REVIEW_THIRD_PARTY/phone/lb-racing/ui/dist/assets/img/controls/xbox/xbox_stick_top_l.svg,750,03_REVIEW_HEX_PHONE_TIMELINE
server/[phone]/lb-racing/ui/dist/assets/img/controls/xbox/xbox_dpad_up.svg,_REVIEW_THIRD_PARTY/phone/lb-racing/ui/dist/assets/img/controls/xbox/xbox_dpad_up.svg,430,03_REVIEW_HEX_PHONE_TIMELINE
server/[phone]/lb-racing/ui/dist/assets/img/controls/xbox/xbox_elite_paddle_bottom_left_outline.svg,_REVIEW_THIRD_PARTY/phone/lb-racing/ui/dist/assets/img/controls/xbox/xbox_elite_paddle_bottom_left_outline.svg,1061,03_REVIEW_HEX_PHONE_TIMELINE
server/[phone]/lb-racing/ui/dist/assets/img/controls/xbox/xbox_stick_l_press.svg,_REVIEW_THIRD_PARTY/phone/lb-racing/ui/dist/assets/img/controls/xbox/xbox_stick_l_press.svg,1801,03_REVIEW_HEX_PHONE_TIMELINE
server/[phone]/lb-racing/ui/dist/assets/img/controls/xbox/xbox_button_share_outline.svg,_REVIEW_THIRD_PARTY/phone/lb-racing/ui/dist/assets/img/controls/xbox/xbox_button_share_outline.svg,729,03_REVIEW_HEX_PHONE_TIMELINE
server/[phone]/lb-racing/ui/dist/assets/img/controls/xbox/xbox_stick_l_horizontal.svg,_REVIEW_THIRD_PARTY/phone/lb-racing/ui/dist/assets/img/controls/xbox/xbox_stick_l_horizontal.svg,2470,03_REVIEW_HEX_PHONE_TIMELINE
server/[phone]/lb-racing/ui/dist/assets/img/controls/xbox/controller_xboxone.svg,_REVIEW_THIRD_PARTY/phone/lb-racing/ui/dist/assets/img/controls/xbox/controller_xboxone.svg,1761,03_REVIEW_HEX_PHONE_TIMELINE
server/[phone]/lb-racing/ui/dist/assets/img/controls/xbox/xbox_dpad_round_up.svg,_REVIEW_THIRD_PARTY/phone/lb-racing/ui/dist/assets/img/controls/xbox/xbox_dpad_round_up.svg,850,03_REVIEW_HEX_PHONE_TIMELINE
server/[phone]/lb-racing/ui/dist/assets/img/controls/xbox/xbox_elite_paddle_top_left_outline.svg,_REVIEW_THIRD_PARTY/phone/lb-racing/ui/dist/assets/img/controls/xbox/xbox_elite_paddle_top_left_outline.svg,852,03_REVIEW_HEX_PHONE_TIMELINE
server/[phone]/lb-racing/ui/dist/assets/img/controls/xbox/xbox_button_back.svg,_REVIEW_THIRD_PARTY/phone/lb-racing/ui/dist/assets/img/controls/xbox/xbox_button_back.svg,1951,03_REVIEW_HEX_PHONE_TIMELINE
server/[phone]/lb-racing/ui/dist/assets/img/controls/xbox/xbox_rs.svg,_REVIEW_THIRD_PARTY/phone/lb-racing/ui/dist/assets/img/controls/xbox/xbox_rs.svg,1127,03_REVIEW_HEX_PHONE_TIMELINE
server/[phone]/lb-racing/ui/dist/assets/img/controls/xbox/xbox_button_back_icon_outline.svg,_REVIEW_THIRD_PARTY/phone/lb-racing/ui/dist/assets/img/controls/xbox/xbox_button_back_icon_outline.svg,738,03_REVIEW_HEX_PHONE_TIMELINE
server/[phone]/lb-racing/ui/dist/assets/img/controls/xbox/xbox_elite_paddle_top_right_outline.svg,_REVIEW_THIRD_PARTY/phone/lb-racing/ui/dist/assets/img/controls/xbox/xbox_elite_paddle_top_right_outline.svg,888,03_REVIEW_HEX_PHONE_TIMELINE
server/[phone]/lb-racing/ui/dist/assets/img/controls/xbox/xbox_stick_l_left.svg,_REVIEW_THIRD_PARTY/phone/lb-racing/ui/dist/assets/img/controls/xbox/xbox_stick_l_left.svg,1746,03_REVIEW_HEX_PHONE_TIMELINE
server/[phone]/lb-racing/ui/dist/assets/img/controls/xbox/controller_xboxseries.svg,_REVIEW_THIRD_PARTY/phone/lb-racing/ui/dist/assets/img/controls/xbox/controller_xboxseries.svg,1914,03_REVIEW_HEX_PHONE_TIMELINE
server/[phone]/lb-racing/ui/dist/assets/img/controls/xbox/xbox_button_color_x.svg,_REVIEW_THIRD_PARTY/phone/lb-racing/ui/dist/assets/img/controls/xbox/xbox_button_color_x.svg,458,03_REVIEW_HEX_PHONE_TIMELINE
server/[phone]/lb-racing/ui/dist/assets/img/controls/xbox/xbox_button_back_outline.svg,_REVIEW_THIRD_PARTY/phone/lb-racing/ui/dist/assets/img/controls/xbox/xbox_button_back_outline.svg,2155,03_REVIEW_HEX_PHONE_TIMELINE
server/[phone]/lb-racing/ui/dist/assets/img/controls/xbox/xbox_elite_paddle_bottom_right_outline.svg,_REVIEW_THIRD_PARTY/phone/lb-racing/ui/dist/assets/img/controls/xbox/xbox_elite_paddle_bottom_right_outline.svg,1071,03_REVIEW_HEX_PHONE_TIMELINE
server/[phone]/lb-racing/ui/dist/assets/img/controls/xbox/xbox_dpad_vertical_outline.svg,_REVIEW_THIRD_PARTY/phone/lb-racing/ui/dist/assets/img/controls/xbox/xbox_dpad_vertical_outline.svg,450,03_REVIEW_HEX_PHONE_TIMELINE
server/[phone]/lb-racing/ui/dist/assets/img/controls/xbox/xbox_dpad_none.svg,_REVIEW_THIRD_PARTY/phone/lb-racing/ui/dist/assets/img/controls/xbox/xbox_dpad_none.svg,554,03_REVIEW_HEX_PHONE_TIMELINE
server/[phone]/lb-racing/ui/dist/assets/img/controls/xbox/xbox_lt.svg,_REVIEW_THIRD_PARTY/phone/lb-racing/ui/dist/assets/img/controls/xbox/xbox_lt.svg,402,03_REVIEW_HEX_PHONE_TIMELINE
server/[phone]/lb-racing/ui/dist/assets/img/controls/xbox/xbox_button_color_y_outline.svg,_REVIEW_THIRD_PARTY/phone/lb-racing/ui/dist/assets/img/controls/xbox/xbox_button_color_y_outline.svg,561,03_REVIEW_HEX_PHONE_TIMELINE
server/[phone]/lb-racing/ui/dist/assets/img/controls/xbox/xbox_button_x.svg,_REVIEW_THIRD_PARTY/phone/lb-racing/ui/dist/assets/img/controls/xbox/xbox_button_x.svg,458,03_REVIEW_HEX_PHONE_TIMELINE
server/[phone]/lb-racing/ui/dist/assets/img/controls/xbox/controller_xbox_adaptive.svg,_REVIEW_THIRD_PARTY/phone/lb-racing/ui/dist/assets/img/controls/xbox/controller_xbox_adaptive.svg,795,03_REVIEW_HEX_PHONE_TIMELINE
server/[phone]/lb-racing/ui/dist/assets/img/controls/xbox/xbox_button_b.svg,_REVIEW_THIRD_PARTY/phone/lb-racing/ui/dist/assets/img/controls/xbox/xbox_button_b.svg,701,03_REVIEW_HEX_PHONE_TIMELINE
server/[phone]/lb-racing/ui/dist/assets/img/controls/xbox/xbox_stick_r_left.svg,_REVIEW_THIRD_PARTY/phone/lb-racing/ui/dist/assets/img/controls/xbox/xbox_stick_r_left.svg,1928,03_REVIEW_HEX_PHONE_TIMELINE
server/[phone]/lb-racing/ui/dist/assets/img/controls/xbox/xbox_dpad_right_outline.svg,_REVIEW_THIRD_PARTY/phone/lb-racing/ui/dist/assets/img/controls/xbox/xbox_dpad_right_outline.svg,502,03_REVIEW_HEX_PHONE_TIMELINE
server/[phone]/lb-racing/ui/dist/assets/img/controls/xbox/xbox_stick_r_up.svg,_REVIEW_THIRD_PARTY/phone/lb-racing/ui/dist/assets/img/controls/xbox/xbox_stick_r_up.svg,1965,03_REVIEW_HEX_PHONE_TIMELINE
server/[phone]/lb-racing/ui/dist/assets/img/controls/xbox/xbox_dpad_left_outline.svg,_REVIEW_THIRD_PARTY/phone/lb-racing/ui/dist/assets/img/controls/xbox/xbox_dpad_left_outline.svg,502,03_REVIEW_HEX_PHONE_TIMELINE
server/[phone]/lb-racing/ui/dist/assets/img/controls/xbox/xbox_button_back_icon.svg,_REVIEW_THIRD_PARTY/phone/lb-racing/ui/dist/assets/img/controls/xbox/xbox_button_back_icon.svg,514,03_REVIEW_HEX_PHONE_TIMELINE
server/[phone]/lb-racing/ui/dist/assets/img/controls/xbox/xbox_dpad_up_outline.svg,_REVIEW_THIRD_PARTY/phone/lb-racing/ui/dist/assets/img/controls/xbox/xbox_dpad_up_outline.svg,502,03_REVIEW_HEX_PHONE_TIMELINE
server/[phone]/lb-racing/ui/dist/assets/img/controls/xbox/xbox_button_color_b_outline.svg,_REVIEW_THIRD_PARTY/phone/lb-racing/ui/dist/assets/img/controls/xbox/xbox_button_color_b_outline.svg,855,03_REVIEW_HEX_PHONE_TIMELINE
server/[phone]/lb-racing/ui/dist/assets/img/controls/xbox/xbox_lb_outline.svg,_REVIEW_THIRD_PARTY/phone/lb-racing/ui/dist/assets/img/controls/xbox/xbox_lb_outline.svg,721,03_REVIEW_HEX_PHONE_TIMELINE
server/[phone]/lb-racing/ui/dist/assets/img/controls/xbox/xbox_button_color_y.svg,_REVIEW_THIRD_PARTY/phone/lb-racing/ui/dist/assets/img/controls/xbox/xbox_button_color_y.svg,407,03_REVIEW_HEX_PHONE_TIMELINE
server/[phone]/lb-racing/ui/dist/assets/img/controls/xbox/xbox_dpad_round_horizontal.svg,_REVIEW_THIRD_PARTY/phone/lb-racing/ui/dist/assets/img/controls/xbox/xbox_dpad_round_horizontal.svg,1012,03_REVIEW_HEX_PHONE_TIMELINE
server/[phone]/lb-racing/ui/dist/assets/img/controls/xbox/xbox_stick_r.svg,_REVIEW_THIRD_PARTY/phone/lb-racing/ui/dist/assets/img/controls/xbox/xbox_stick_r.svg,1155,03_REVIEW_HEX_PHONE_TIMELINE
server/[phone]/lb-racing/ui/dist/assets/img/controls/xbox/xbox_button_start.svg,_REVIEW_THIRD_PARTY/phone/lb-racing/ui/dist/assets/img/controls/xbox/xbox_button_start.svg,1902,03_REVIEW_HEX_PHONE_TIMELINE
server/[phone]/lb-racing/ui/dist/assets/img/controls/xbox/xbox_dpad_round_left.svg,_REVIEW_THIRD_PARTY/phone/lb-racing/ui/dist/assets/img/controls/xbox/xbox_dpad_round_left.svg,850,03_REVIEW_HEX_PHONE_TIMELINE
server/[phone]/lb-racing/ui/dist/assets/img/controls/xbox/xbox_button_share.svg,_REVIEW_THIRD_PARTY/phone/lb-racing/ui/dist/assets/img/controls/xbox/xbox_button_share.svg,505,03_REVIEW_HEX_PHONE_TIMELINE
server/[phone]/lb-racing/ui/dist/screenshots/phone/1-light.webp,_REVIEW_THIRD_PARTY/phone/lb-racing/ui/dist/screenshots/phone/1-light.webp,45396,03_REVIEW_HEX_PHONE_TIMELINE
server/[phone]/lb-racing/ui/dist/screenshots/tablet/1-light.webp,_REVIEW_THIRD_PARTY/phone/lb-racing/ui/dist/screenshots/tablet/1-light.webp,40552,03_REVIEW_HEX_PHONE_TIMELINE
server/[phone]/lb-racing/ui/dist/icon.svg,_REVIEW_THIRD_PARTY/phone/lb-racing/ui/dist/icon.svg,1390,03_REVIEW_HEX_PHONE_TIMELINE
server/[phone]/lb-racing/ui/dist/icon.jpg,_REVIEW_THIRD_PARTY/phone/lb-racing/ui/dist/icon.jpg,17418,03_REVIEW_HEX_PHONE_TIMELINE
server/[phone]/hex_lb_businessapp/dist/img/phone_business/bg.png,_REVIEW_THIRD_PARTY/phone/hex_lb_businessapp/dist/img/phone_business/bg.png,137475,03_REVIEW_HEX_PHONE_TIMELINE
server/[phone]/hex_lb_businessapp/dist/img/phone_business/user.png,_REVIEW_THIRD_PARTY/phone/hex_lb_businessapp/dist/img/phone_business/user.png,1464,03_REVIEW_HEX_PHONE_TIMELINE
server/[phone]/hex_lb_businessapp/dist/img/phone_business/bg_green.png,_REVIEW_THIRD_PARTY/phone/hex_lb_businessapp/dist/img/phone_business/bg_green.png,141728,03_REVIEW_HEX_PHONE_TIMELINE
server/[phone]/hex_lb_businessapp/dist/img/phone_business/bg_red.png,_REVIEW_THIRD_PARTY/phone/hex_lb_businessapp/dist/img/phone_business/bg_red.png,111703,03_REVIEW_HEX_PHONE_TIMELINE
server/[phone]/lb-tablet/ui/dist/assets/sound/dispatch/notification.mp3,_REVIEW_THIRD_PARTY/phone/lb-tablet/ui/dist/assets/sound/dispatch/notification.mp3,20106,03_REVIEW_HEX_PHONE_TIMELINE
server/[phone]/lb-tablet/ui/dist/assets/sound/dispatch/notification2.mp3,_REVIEW_THIRD_PARTY/phone/lb-tablet/ui/dist/assets/sound/dispatch/notification2.mp3,14445,03_REVIEW_HEX_PHONE_TIMELINE
server/[phone]/lb-tablet/ui/dist/assets/sound/notifications/default.mp3,_REVIEW_THIRD_PARTY/phone/lb-tablet/ui/dist/assets/sound/notifications/default.mp3,5895,03_REVIEW_HEX_PHONE_TIMELINE
server/[phone]/lb-tablet/ui/dist/assets/sound/notifications/5.mp3,_REVIEW_THIRD_PARTY/phone/lb-tablet/ui/dist/assets/sound/notifications/5.mp3,17516,03_REVIEW_HEX_PHONE_TIMELINE
server/[phone]/lb-tablet/ui/dist/assets/sound/notifications/2.mp3,_REVIEW_THIRD_PARTY/phone/lb-tablet/ui/dist/assets/sound/notifications/2.mp3,65871,03_REVIEW_HEX_PHONE_TIMELINE
server/[phone]/lb-tablet/ui/dist/assets/sound/notifications/4.mp3,_REVIEW_THIRD_PARTY/phone/lb-tablet/ui/dist/assets/sound/notifications/4.mp3,17806,03_REVIEW_HEX_PHONE_TIMELINE
server/[phone]/lb-tablet/ui/dist/assets/sound/notifications/7.mp3,_REVIEW_THIRD_PARTY/phone/lb-tablet/ui/dist/assets/sound/notifications/7.mp3,31724,03_REVIEW_HEX_PHONE_TIMELINE
server/[phone]/lb-tablet/ui/dist/assets/sound/notifications/8.mp3,_REVIEW_THIRD_PARTY/phone/lb-tablet/ui/dist/assets/sound/notifications/8.mp3,29091,03_REVIEW_HEX_PHONE_TIMELINE
server/[phone]/lb-tablet/ui/dist/assets/sound/notifications/3.mp3,_REVIEW_THIRD_PARTY/phone/lb-tablet/ui/dist/assets/sound/notifications/3.mp3,65871,03_REVIEW_HEX_PHONE_TIMELINE
server/[phone]/lb-tablet/ui/dist/assets/sound/notifications/1.mp3,_REVIEW_THIRD_PARTY/phone/lb-tablet/ui/dist/assets/sound/notifications/1.mp3,34106,03_REVIEW_HEX_PHONE_TIMELINE
server/[phone]/lb-tablet/ui/dist/assets/sound/notifications/6.mp3,_REVIEW_THIRD_PARTY/phone/lb-tablet/ui/dist/assets/sound/notifications/6.mp3,19052,03_REVIEW_HEX_PHONE_TIMELINE
server/[phone]/lb-tablet/ui/dist/assets/sound/other/vibrate.mp3,_REVIEW_THIRD_PARTY/phone/lb-tablet/ui/dist/assets/sound/other/vibrate.mp3,13697,03_REVIEW_HEX_PHONE_TIMELINE
server/[phone]/lb-tablet/ui/dist/assets/sound/other/cameraShutter.mp3,_REVIEW_THIRD_PARTY/phone/lb-tablet/ui/dist/assets/sound/other/cameraShutter.mp3,59472,03_REVIEW_HEX_PHONE_TIMELINE
server/[phone]/lb-tablet/ui/dist/assets/sound/other/alarm.mp3,_REVIEW_THIRD_PARTY/phone/lb-tablet/ui/dist/assets/sound/other/alarm.mp3,85945,03_REVIEW_HEX_PHONE_TIMELINE
server/[phone]/lb-tablet/ui/dist/assets/fonts/lockscreen/Nunito-Black.ttf,_REVIEW_THIRD_PARTY/phone/lb-tablet/ui/dist/assets/fonts/lockscreen/Nunito-Black.ttf,132032,03_REVIEW_HEX_PHONE_TIMELINE
server/[phone]/lb-tablet/ui/dist/assets/fonts/lockscreen/Library3am.otf,_REVIEW_THIRD_PARTY/phone/lb-tablet/ui/dist/assets/fonts/lockscreen/Library3am.otf,34668,03_REVIEW_HEX_PHONE_TIMELINE
server/[phone]/lb-tablet/ui/dist/assets/fonts/lockscreen/ProtestGuerrilla.ttf,_REVIEW_THIRD_PARTY/phone/lb-tablet/ui/dist/assets/fonts/lockscreen/ProtestGuerrilla.ttf,84512,03_REVIEW_HEX_PHONE_TIMELINE
server/[phone]/lb-tablet/ui/dist/assets/fonts/lockscreen/Gloock.ttf,_REVIEW_THIRD_PARTY/phone/lb-tablet/ui/dist/assets/fonts/lockscreen/Gloock.ttf,95156,03_REVIEW_HEX_PHONE_TIMELINE
server/[phone]/lb-tablet/ui/dist/assets/fonts/lockscreen/Nunito-Medium.ttf,_REVIEW_THIRD_PARTY/phone/lb-tablet/ui/dist/assets/fonts/lockscreen/Nunito-Medium.ttf,132304,03_REVIEW_HEX_PHONE_TIMELINE
server/[phone]/lb-tablet/ui/dist/assets/fonts/lockscreen/AbrilFatface.ttf,_REVIEW_THIRD_PARTY/phone/lb-tablet/ui/dist/assets/fonts/lockscreen/AbrilFatface.ttf,58448,03_REVIEW_HEX_PHONE_TIMELINE
server/[phone]/lb-tablet/ui/dist/assets/fonts/lockscreen/Limelight.ttf,_REVIEW_THIRD_PARTY/phone/lb-tablet/ui/dist/assets/fonts/lockscreen/Limelight.ttf,128852,03_REVIEW_HEX_PHONE_TIMELINE
server/[phone]/lb-tablet/ui/dist/assets/fonts/lockscreen/Monoton.ttf,_REVIEW_THIRD_PARTY/phone/lb-tablet/ui/dist/assets/fonts/lockscreen/Monoton.ttf,49908,03_REVIEW_HEX_PHONE_TIMELINE
server/[phone]/lb-tablet/ui/dist/assets/img/backgrounds/default/cloud4.webp,_REVIEW_THIRD_PARTY/phone/lb-tablet/ui/dist/assets/img/backgrounds/default/cloud4.webp,56610,03_REVIEW_HEX_PHONE_TIMELINE
server/[phone]/lb-tablet/ui/dist/assets/img/backgrounds/default/wallpaper13.webp,_REVIEW_THIRD_PARTY/phone/lb-tablet/ui/dist/assets/img/backgrounds/default/wallpaper13.webp,48172,03_REVIEW_HEX_PHONE_TIMELINE
server/[phone]/lb-tablet/ui/dist/assets/img/backgrounds/default/wallpaper6.webp,_REVIEW_THIRD_PARTY/phone/lb-tablet/ui/dist/assets/img/backgrounds/default/wallpaper6.webp,60662,03_REVIEW_HEX_PHONE_TIMELINE
server/[phone]/lb-tablet/ui/dist/assets/img/backgrounds/default/cloud9.webp,_REVIEW_THIRD_PARTY/phone/lb-tablet/ui/dist/assets/img/backgrounds/default/cloud9.webp,100070,03_REVIEW_HEX_PHONE_TIMELINE
server/[phone]/lb-tablet/ui/dist/assets/img/backgrounds/default/rose2.webp,_REVIEW_THIRD_PARTY/phone/lb-tablet/ui/dist/assets/img/backgrounds/default/rose2.webp,72378,03_REVIEW_HEX_PHONE_TIMELINE
server/[phone]/lb-tablet/ui/dist/assets/img/backgrounds/default/wallpaper16.webp,_REVIEW_THIRD_PARTY/phone/lb-tablet/ui/dist/assets/img/backgrounds/default/wallpaper16.webp,202962,03_REVIEW_HEX_PHONE_TIMELINE
server/[phone]/lb-tablet/ui/dist/assets/img/backgrounds/default/mountain_06.webp,_REVIEW_THIRD_PARTY/phone/lb-tablet/ui/dist/assets/img/backgrounds/default/mountain_06.webp,67264,03_REVIEW_HEX_PHONE_TIMELINE
server/[phone]/lb-tablet/ui/dist/assets/img/backgrounds/default/cloud5.webp,_REVIEW_THIRD_PARTY/phone/lb-tablet/ui/dist/assets/img/backgrounds/default/cloud5.webp,53122,03_REVIEW_HEX_PHONE_TIMELINE
server/[phone]/lb-tablet/ui/dist/assets/img/backgrounds/default/wallpaper5.webp,_REVIEW_THIRD_PARTY/phone/lb-tablet/ui/dist/assets/img/backgrounds/default/wallpaper5.webp,113234,03_REVIEW_HEX_PHONE_TIMELINE
server/[phone]/lb-tablet/ui/dist/assets/img/backgrounds/default/mountain_02.webp,_REVIEW_THIRD_PARTY/phone/lb-tablet/ui/dist/assets/img/backgrounds/default/mountain_02.webp,257172,03_REVIEW_HEX_PHONE_TIMELINE
server/[phone]/lb-tablet/ui/dist/assets/img/backgrounds/default/desert_02.webp,_REVIEW_THIRD_PARTY/phone/lb-tablet/ui/dist/assets/img/backgrounds/default/desert_02.webp,73072,03_REVIEW_HEX_PHONE_TIMELINE
server/[phone]/lb-tablet/ui/dist/assets/img/backgrounds/default/Moon.webp,_REVIEW_THIRD_PARTY/phone/lb-tablet/ui/dist/assets/img/backgrounds/default/Moon.webp,294740,03_REVIEW_HEX_PHONE_TIMELINE
server/[phone]/lb-tablet/ui/dist/assets/img/backgrounds/default/cloud11.webp,_REVIEW_THIRD_PARTY/phone/lb-tablet/ui/dist/assets/img/backgrounds/default/cloud11.webp,73870,03_REVIEW_HEX_PHONE_TIMELINE
server/[phone]/lb-tablet/ui/dist/assets/img/backgrounds/default/wallpaper12.webp,_REVIEW_THIRD_PARTY/phone/lb-tablet/ui/dist/assets/img/backgrounds/default/wallpaper12.webp,81080,03_REVIEW_HEX_PHONE_TIMELINE
server/[phone]/lb-tablet/ui/dist/assets/img/backgrounds/default/mountain_04.webp,_REVIEW_THIRD_PARTY/phone/lb-tablet/ui/dist/assets/img/backgrounds/default/mountain_04.webp,381822,03_REVIEW_HEX_PHONE_TIMELINE
server/[phone]/lb-tablet/ui/dist/assets/img/backgrounds/default/GlobeNight.webp,_REVIEW_THIRD_PARTY/phone/lb-tablet/ui/dist/assets/img/backgrounds/default/GlobeNight.webp,95894,03_REVIEW_HEX_PHONE_TIMELINE
server/[phone]/lb-tablet/ui/dist/assets/img/backgrounds/default/wallpaper3.webp,_REVIEW_THIRD_PARTY/phone/lb-tablet/ui/dist/assets/img/backgrounds/default/wallpaper3.webp,48602,03_REVIEW_HEX_PHONE_TIMELINE
server/[phone]/lb-tablet/ui/dist/assets/img/backgrounds/default/desert_05.webp,_REVIEW_THIRD_PARTY/phone/lb-tablet/ui/dist/assets/img/backgrounds/default/desert_05.webp,104766,03_REVIEW_HEX_PHONE_TIMELINE
server/[phone]/lb-tablet/ui/dist/assets/img/backgrounds/default/wallpaper17.webp,_REVIEW_THIRD_PARTY/phone/lb-tablet/ui/dist/assets/img/backgrounds/default/wallpaper17.webp,70604,03_REVIEW_HEX_PHONE_TIMELINE
server/[phone]/lb-tablet/ui/dist/assets/img/backgrounds/default/rose3.webp,_REVIEW_THIRD_PARTY/phone/lb-tablet/ui/dist/assets/img/backgrounds/default/rose3.webp,52754,03_REVIEW_HEX_PHONE_TIMELINE
server/[phone]/lb-tablet/ui/dist/assets/img/backgrounds/default/desert_03.webp,_REVIEW_THIRD_PARTY/phone/lb-tablet/ui/dist/assets/img/backgrounds/default/desert_03.webp,69378,03_REVIEW_HEX_PHONE_TIMELINE
server/[phone]/lb-tablet/ui/dist/assets/img/backgrounds/default/wallpaper18.webp,_REVIEW_THIRD_PARTY/phone/lb-tablet/ui/dist/assets/img/backgrounds/default/wallpaper18.webp,56784,03_REVIEW_HEX_PHONE_TIMELINE
server/[phone]/lb-tablet/ui/dist/assets/img/backgrounds/default/wallpaper10.webp,_REVIEW_THIRD_PARTY/phone/lb-tablet/ui/dist/assets/img/backgrounds/default/wallpaper10.webp,102186,03_REVIEW_HEX_PHONE_TIMELINE
server/[phone]/lb-tablet/ui/dist/assets/img/backgrounds/default/mountain_07.webp,_REVIEW_THIRD_PARTY/phone/lb-tablet/ui/dist/assets/img/backgrounds/default/mountain_07.webp,63178,03_REVIEW_HEX_PHONE_TIMELINE
server/[phone]/lb-tablet/ui/dist/assets/img/backgrounds/default/desert_04.webp,_REVIEW_THIRD_PARTY/phone/lb-tablet/ui/dist/assets/img/backgrounds/default/desert_04.webp,66710,03_REVIEW_HEX_PHONE_TIMELINE
server/[phone]/lb-tablet/ui/dist/assets/img/backgrounds/default/mountain_01.webp,_REVIEW_THIRD_PARTY/phone/lb-tablet/ui/dist/assets/img/backgrounds/default/mountain_01.webp,198026,03_REVIEW_HEX_PHONE_TIMELINE
server/[phone]/lb-tablet/ui/dist/assets/img/backgrounds/default/default.webp,_REVIEW_THIRD_PARTY/phone/lb-tablet/ui/dist/assets/img/backgrounds/default/default.webp,64704,03_REVIEW_HEX_PHONE_TIMELINE
server/[phone]/lb-tablet/ui/dist/assets/img/backgrounds/default/wallpaper9.webp,_REVIEW_THIRD_PARTY/phone/lb-tablet/ui/dist/assets/img/backgrounds/default/wallpaper9.webp,105456,03_REVIEW_HEX_PHONE_TIMELINE
server/[phone]/lb-tablet/ui/dist/assets/img/backgrounds/default/cloud3.webp,_REVIEW_THIRD_PARTY/phone/lb-tablet/ui/dist/assets/img/backgrounds/default/cloud3.webp,94006,03_REVIEW_HEX_PHONE_TIMELINE
server/[phone]/lb-tablet/ui/dist/assets/img/backgrounds/default/cloud10.webp,_REVIEW_THIRD_PARTY/phone/lb-tablet/ui/dist/assets/img/backgrounds/default/cloud10.webp,65146,03_REVIEW_HEX_PHONE_TIMELINE
server/[phone]/lb-tablet/ui/dist/assets/img/backgrounds/default/Globe.webp,_REVIEW_THIRD_PARTY/phone/lb-tablet/ui/dist/assets/img/backgrounds/default/Globe.webp,267766,03_REVIEW_HEX_PHONE_TIMELINE
server/[phone]/lb-tablet/ui/dist/assets/img/backgrounds/default/wallpaper4.webp,_REVIEW_THIRD_PARTY/phone/lb-tablet/ui/dist/assets/img/backgrounds/default/wallpaper4.webp,56674,03_REVIEW_HEX_PHONE_TIMELINE
server/[phone]/lb-tablet/ui/dist/assets/img/backgrounds/default/rose.webp,_REVIEW_THIRD_PARTY/phone/lb-tablet/ui/dist/assets/img/backgrounds/default/rose.webp,75506,03_REVIEW_HEX_PHONE_TIMELINE
server/[phone]/lb-tablet/ui/dist/assets/img/backgrounds/default/mountain_03.webp,_REVIEW_THIRD_PARTY/phone/lb-tablet/ui/dist/assets/img/backgrounds/default/mountain_03.webp,178356,03_REVIEW_HEX_PHONE_TIMELINE
server/[phone]/lb-tablet/ui/dist/assets/img/backgrounds/default/cloud2.webp,_REVIEW_THIRD_PARTY/phone/lb-tablet/ui/dist/assets/img/backgrounds/default/cloud2.webp,55816,03_REVIEW_HEX_PHONE_TIMELINE
server/[phone]/lb-tablet/ui/dist/assets/img/backgrounds/default/wallpaper15.webp,_REVIEW_THIRD_PARTY/phone/lb-tablet/ui/dist/assets/img/backgrounds/default/wallpaper15.webp,92870,03_REVIEW_HEX_PHONE_TIMELINE
server/[phone]/lb-tablet/ui/dist/assets/img/backgrounds/default/wallpaper7.webp,_REVIEW_THIRD_PARTY/phone/lb-tablet/ui/dist/assets/img/backgrounds/default/wallpaper7.webp,97250,03_REVIEW_HEX_PHONE_TIMELINE
server/[phone]/lb-tablet/ui/dist/assets/img/backgrounds/default/wallpaper19.webp,_REVIEW_THIRD_PARTY/phone/lb-tablet/ui/dist/assets/img/backgrounds/default/wallpaper19.webp,97242,03_REVIEW_HEX_PHONE_TIMELINE
server/[phone]/lb-tablet/ui/dist/assets/img/backgrounds/default/mountain_05.webp,_REVIEW_THIRD_PARTY/phone/lb-tablet/ui/dist/assets/img/backgrounds/default/mountain_05.webp,263176,03_REVIEW_HEX_PHONE_TIMELINE
server/[phone]/lb-tablet/ui/dist/assets/img/backgrounds/default/wallpaper8.webp,_REVIEW_THIRD_PARTY/phone/lb-tablet/ui/dist/assets/img/backgrounds/default/wallpaper8.webp,174366,03_REVIEW_HEX_PHONE_TIMELINE
server/[phone]/lb-tablet/ui/dist/assets/img/backgrounds/default/desert_01.webp,_REVIEW_THIRD_PARTY/phone/lb-tablet/ui/dist/assets/img/backgrounds/default/desert_01.webp,78494,03_REVIEW_HEX_PHONE_TIMELINE
server/[phone]/lb-tablet/ui/dist/assets/img/backgrounds/default/cloud6.webp,_REVIEW_THIRD_PARTY/phone/lb-tablet/ui/dist/assets/img/backgrounds/default/cloud6.webp,95934,03_REVIEW_HEX_PHONE_TIMELINE
server/[phone]/lb-tablet/ui/dist/assets/img/backgrounds/default/wallpaper21.webp,_REVIEW_THIRD_PARTY/phone/lb-tablet/ui/dist/assets/img/backgrounds/default/wallpaper21.webp,50578,03_REVIEW_HEX_PHONE_TIMELINE
server/[phone]/lb-tablet/ui/dist/assets/img/backgrounds/default/wallpaper14.webp,_REVIEW_THIRD_PARTY/phone/lb-tablet/ui/dist/assets/img/backgrounds/default/wallpaper14.webp,70564,03_REVIEW_HEX_PHONE_TIMELINE
server/[phone]/lb-tablet/ui/dist/assets/img/backgrounds/default/cloud7.webp,_REVIEW_THIRD_PARTY/phone/lb-tablet/ui/dist/assets/img/backgrounds/default/cloud7.webp,56324,03_REVIEW_HEX_PHONE_TIMELINE
server/[phone]/lb-tablet/ui/dist/assets/img/backgrounds/default/wallpaper.webp,_REVIEW_THIRD_PARTY/phone/lb-tablet/ui/dist/assets/img/backgrounds/default/wallpaper.webp,98316,03_REVIEW_HEX_PHONE_TIMELINE
server/[phone]/lb-tablet/ui/dist/assets/img/backgrounds/default/wallpaper20.webp,_REVIEW_THIRD_PARTY/phone/lb-tablet/ui/dist/assets/img/backgrounds/default/wallpaper20.webp,52326,03_REVIEW_HEX_PHONE_TIMELINE
server/[phone]/lb-tablet/ui/dist/assets/img/backgrounds/default/cloud12.webp,_REVIEW_THIRD_PARTY/phone/lb-tablet/ui/dist/assets/img/backgrounds/default/cloud12.webp,57510,03_REVIEW_HEX_PHONE_TIMELINE
server/[phone]/lb-tablet/ui/dist/assets/img/backgrounds/default/cloud8.webp,_REVIEW_THIRD_PARTY/phone/lb-tablet/ui/dist/assets/img/backgrounds/default/cloud8.webp,55850,03_REVIEW_HEX_PHONE_TIMELINE
server/[phone]/lb-tablet/ui/dist/assets/img/backgrounds/default/cloud.webp,_REVIEW_THIRD_PARTY/phone/lb-tablet/ui/dist/assets/img/backgrounds/default/cloud.webp,126752,03_REVIEW_HEX_PHONE_TIMELINE
server/[phone]/lb-tablet/ui/dist/assets/img/backgrounds/default/wallpaper2.webp,_REVIEW_THIRD_PARTY/phone/lb-tablet/ui/dist/assets/img/backgrounds/default/wallpaper2.webp,66964,03_REVIEW_HEX_PHONE_TIMELINE
server/[phone]/lb-tablet/ui/dist/assets/img/backgrounds/default/wallpaper11.webp,_REVIEW_THIRD_PARTY/phone/lb-tablet/ui/dist/assets/img/backgrounds/default/wallpaper11.webp,87708,03_REVIEW_HEX_PHONE_TIMELINE
server/[phone]/lb-tablet/ui/dist/assets/img/light-mode-placeholder.webp,_REVIEW_THIRD_PARTY/phone/lb-tablet/ui/dist/assets/img/light-mode-placeholder.webp,73406,03_REVIEW_HEX_PHONE_TIMELINE
server/[phone]/lb-tablet/ui/dist/assets/img/icons/property-placeholder-dark.svg,_REVIEW_THIRD_PARTY/phone/lb-tablet/ui/dist/assets/img/icons/property-placeholder-dark.svg,2027,03_REVIEW_HEX_PHONE_TIMELINE
server/[phone]/lb-tablet/ui/dist/assets/img/icons/unknown-placeholder-light.svg,_REVIEW_THIRD_PARTY/phone/lb-tablet/ui/dist/assets/img/icons/unknown-placeholder-light.svg,770,03_REVIEW_HEX_PHONE_TIMELINE
server/[phone]/lb-tablet/ui/dist/assets/img/icons/weapon-placeholder-dark.svg,_REVIEW_THIRD_PARTY/phone/lb-tablet/ui/dist/assets/img/icons/weapon-placeholder-dark.svg,726,03_REVIEW_HEX_PHONE_TIMELINE
server/[phone]/lb-tablet/ui/dist/assets/img/icons/picker.png,_REVIEW_THIRD_PARTY/phone/lb-tablet/ui/dist/assets/img/icons/picker.png,432402,03_REVIEW_HEX_PHONE_TIMELINE
server/[phone]/lb-tablet/ui/dist/assets/img/icons/chat-placeholder-light.svg,_REVIEW_THIRD_PARTY/phone/lb-tablet/ui/dist/assets/img/icons/chat-placeholder-light.svg,1152,03_REVIEW_HEX_PHONE_TIMELINE
server/[phone]/lb-tablet/ui/dist/assets/img/icons/no-pfp.png,_REVIEW_THIRD_PARTY/phone/lb-tablet/ui/dist/assets/img/icons/no-pfp.png,3094,03_REVIEW_HEX_PHONE_TIMELINE
server/[phone]/lb-tablet/ui/dist/assets/img/icons/avatar-placeholder-light.svg,_REVIEW_THIRD_PARTY/phone/lb-tablet/ui/dist/assets/img/icons/avatar-placeholder-light.svg,549,03_REVIEW_HEX_PHONE_TIMELINE
server/[phone]/lb-tablet/ui/dist/assets/img/icons/car-placeholder-dark.svg,_REVIEW_THIRD_PARTY/phone/lb-tablet/ui/dist/assets/img/icons/car-placeholder-dark.svg,4502,03_REVIEW_HEX_PHONE_TIMELINE
server/[phone]/lb-tablet/ui/dist/assets/img/icons/setup/theme.svg,_REVIEW_THIRD_PARTY/phone/lb-tablet/ui/dist/assets/img/icons/setup/theme.svg,1806,03_REVIEW_HEX_PHONE_TIMELINE
server/[phone]/lb-tablet/ui/dist/assets/img/icons/setup/logo.svg,_REVIEW_THIRD_PARTY/phone/lb-tablet/ui/dist/assets/img/icons/setup/logo.svg,4420,03_REVIEW_HEX_PHONE_TIMELINE
server/[phone]/lb-tablet/ui/dist/assets/img/icons/mdt/heli.svg,_REVIEW_THIRD_PARTY/phone/lb-tablet/ui/dist/assets/img/icons/mdt/heli.svg,1424,03_REVIEW_HEX_PHONE_TIMELINE
server/[phone]/lb-tablet/ui/dist/assets/img/icons/mdt/mechanic.png,_REVIEW_THIRD_PARTY/phone/lb-tablet/ui/dist/assets/img/icons/mdt/mechanic.png,6631,03_REVIEW_HEX_PHONE_TIMELINE
server/[phone]/lb-tablet/ui/dist/assets/img/icons/mdt/pin.svg,_REVIEW_THIRD_PARTY/phone/lb-tablet/ui/dist/assets/img/icons/mdt/pin.svg,194,03_REVIEW_HEX_PHONE_TIMELINE
server/[phone]/lb-tablet/ui/dist/assets/img/icons/mdt/fire.png,_REVIEW_THIRD_PARTY/phone/lb-tablet/ui/dist/assets/img/icons/mdt/fire.png,10259,03_REVIEW_HEX_PHONE_TIMELINE
server/[phone]/lb-tablet/ui/dist/assets/img/icons/mdt/plane.svg,_REVIEW_THIRD_PARTY/phone/lb-tablet/ui/dist/assets/img/icons/mdt/plane.svg,1842,03_REVIEW_HEX_PHONE_TIMELINE
server/[phone]/lb-tablet/ui/dist/assets/img/icons/mdt/person.svg,_REVIEW_THIRD_PARTY/phone/lb-tablet/ui/dist/assets/img/icons/mdt/person.svg,1038,03_REVIEW_HEX_PHONE_TIMELINE
server/[phone]/lb-tablet/ui/dist/assets/img/icons/mdt/ambulance.webp,_REVIEW_THIRD_PARTY/phone/lb-tablet/ui/dist/assets/img/icons/mdt/ambulance.webp,35608,03_REVIEW_HEX_PHONE_TIMELINE
server/[phone]/lb-tablet/ui/dist/assets/img/icons/mdt/bike.svg,_REVIEW_THIRD_PARTY/phone/lb-tablet/ui/dist/assets/img/icons/mdt/bike.svg,2366,03_REVIEW_HEX_PHONE_TIMELINE
server/[phone]/lb-tablet/ui/dist/assets/img/icons/mdt/boat.svg,_REVIEW_THIRD_PARTY/phone/lb-tablet/ui/dist/assets/img/icons/mdt/boat.svg,3461,03_REVIEW_HEX_PHONE_TIMELINE
server/[phone]/lb-tablet/ui/dist/assets/img/icons/mdt/car.svg,_REVIEW_THIRD_PARTY/phone/lb-tablet/ui/dist/assets/img/icons/mdt/car.svg,4530,03_REVIEW_HEX_PHONE_TIMELINE
server/[phone]/lb-tablet/ui/dist/assets/img/icons/mdt/police.webp,_REVIEW_THIRD_PARTY/phone/lb-tablet/ui/dist/assets/img/icons/mdt/police.webp,32014,03_REVIEW_HEX_PHONE_TIMELINE
server/[phone]/lb-tablet/ui/dist/assets/img/icons/lbos.webp,_REVIEW_THIRD_PARTY/phone/lb-tablet/ui/dist/assets/img/icons/lbos.webp,9808,03_REVIEW_HEX_PHONE_TIMELINE
server/[phone]/lb-tablet/ui/dist/assets/img/icons/car-placeholder-light.svg,_REVIEW_THIRD_PARTY/phone/lb-tablet/ui/dist/assets/img/icons/car-placeholder-light.svg,4500,03_REVIEW_HEX_PHONE_TIMELINE
server/[phone]/lb-tablet/ui/dist/assets/img/icons/chat-placeholder-dark.svg,_REVIEW_THIRD_PARTY/phone/lb-tablet/ui/dist/assets/img/icons/chat-placeholder-dark.svg,1211,03_REVIEW_HEX_PHONE_TIMELINE
server/[phone]/lb-tablet/ui/dist/assets/img/icons/apps/Apps.jpg,_REVIEW_THIRD_PARTY/phone/lb-tablet/ui/dist/assets/img/icons/apps/Apps.jpg,21376,03_REVIEW_HEX_PHONE_TIMELINE
server/[phone]/lb-tablet/ui/dist/assets/img/icons/apps/Settings.jpg,_REVIEW_THIRD_PARTY/phone/lb-tablet/ui/dist/assets/img/icons/apps/Settings.jpg,22332,03_REVIEW_HEX_PHONE_TIMELINE
server/[phone]/lb-tablet/ui/dist/assets/img/icons/apps/Ambulance.png,_REVIEW_THIRD_PARTY/phone/lb-tablet/ui/dist/assets/img/icons/apps/Ambulance.png,11984,03_REVIEW_HEX_PHONE_TIMELINE
server/[phone]/lb-tablet/ui/dist/assets/img/icons/apps/Mechanic.png,_REVIEW_THIRD_PARTY/phone/lb-tablet/ui/dist/assets/img/icons/apps/Mechanic.png,14992,03_REVIEW_HEX_PHONE_TIMELINE
server/[phone]/lb-tablet/ui/dist/assets/img/icons/apps/VoiceMemo.jpg,_REVIEW_THIRD_PARTY/phone/lb-tablet/ui/dist/assets/img/icons/apps/VoiceMemo.jpg,16815,03_REVIEW_HEX_PHONE_TIMELINE
server/[phone]/lb-tablet/ui/dist/assets/img/icons/apps/Photos.jpg,_REVIEW_THIRD_PARTY/phone/lb-tablet/ui/dist/assets/img/icons/apps/Photos.jpg,20942,03_REVIEW_HEX_PHONE_TIMELINE
server/[phone]/lb-tablet/ui/dist/assets/img/icons/apps/unkown.png,_REVIEW_THIRD_PARTY/phone/lb-tablet/ui/dist/assets/img/icons/apps/unkown.png,25609,03_REVIEW_HEX_PHONE_TIMELINE
server/[phone]/lb-tablet/ui/dist/assets/img/icons/apps/Maps.jpg,_REVIEW_THIRD_PARTY/phone/lb-tablet/ui/dist/assets/img/icons/apps/Maps.jpg,22704,03_REVIEW_HEX_PHONE_TIMELINE
server/[phone]/lb-tablet/ui/dist/assets/img/icons/apps/Notes.jpg,_REVIEW_THIRD_PARTY/phone/lb-tablet/ui/dist/assets/img/icons/apps/Notes.jpg,14166,03_REVIEW_HEX_PHONE_TIMELINE
server/[phone]/lb-tablet/ui/dist/assets/img/icons/apps/Fire.png,_REVIEW_THIRD_PARTY/phone/lb-tablet/ui/dist/assets/img/icons/apps/Fire.png,18156,03_REVIEW_HEX_PHONE_TIMELINE
server/[phone]/lb-tablet/ui/dist/assets/img/icons/apps/Camera.jpg,_REVIEW_THIRD_PARTY/phone/lb-tablet/ui/dist/assets/img/icons/apps/Camera.jpg,15091,03_REVIEW_HEX_PHONE_TIMELINE
server/[phone]/lb-tablet/ui/dist/assets/img/icons/apps/Clock.jpg,_REVIEW_THIRD_PARTY/phone/lb-tablet/ui/dist/assets/img/icons/apps/Clock.jpg,21832,03_REVIEW_HEX_PHONE_TIMELINE
server/[phone]/lb-tablet/ui/dist/assets/img/icons/apps/Police.png,_REVIEW_THIRD_PARTY/phone/lb-tablet/ui/dist/assets/img/icons/apps/Police.png,13574,03_REVIEW_HEX_PHONE_TIMELINE
server/[phone]/lb-tablet/ui/dist/assets/img/icons/apps/Registration.jpg,_REVIEW_THIRD_PARTY/phone/lb-tablet/ui/dist/assets/img/icons/apps/Registration.jpg,36796,03_REVIEW_HEX_PHONE_TIMELINE
server/[phone]/lb-tablet/ui/dist/assets/img/icons/apps/Mail.jpg,_REVIEW_THIRD_PARTY/phone/lb-tablet/ui/dist/assets/img/icons/apps/Mail.jpg,20721,03_REVIEW_HEX_PHONE_TIMELINE
server/[phone]/lb-tablet/ui/dist/assets/img/icons/apps/Browser.jpg,_REVIEW_THIRD_PARTY/phone/lb-tablet/ui/dist/assets/img/icons/apps/Browser.jpg,21795,03_REVIEW_HEX_PHONE_TIMELINE
server/[phone]/lb-tablet/ui/dist/assets/img/icons/apps/Calculator.jpg,_REVIEW_THIRD_PARTY/phone/lb-tablet/ui/dist/assets/img/icons/apps/Calculator.jpg,17653,03_REVIEW_HEX_PHONE_TIMELINE
server/[phone]/lb-tablet/ui/dist/assets/img/icons/apps/Services.jpg,_REVIEW_THIRD_PARTY/phone/lb-tablet/ui/dist/assets/img/icons/apps/Services.jpg,27159,03_REVIEW_HEX_PHONE_TIMELINE
server/[phone]/lb-tablet/ui/dist/assets/img/icons/weapon-placeholder-light.svg,_REVIEW_THIRD_PARTY/phone/lb-tablet/ui/dist/assets/img/icons/weapon-placeholder-light.svg,724,03_REVIEW_HEX_PHONE_TIMELINE
server/[phone]/lb-tablet/ui/dist/assets/img/icons/property-placeholder-light.svg,_REVIEW_THIRD_PARTY/phone/lb-tablet/ui/dist/assets/img/icons/property-placeholder-light.svg,2038,03_REVIEW_HEX_PHONE_TIMELINE
server/[phone]/lb-tablet/ui/dist/assets/img/icons/unknown-placeholder-dark.svg,_REVIEW_THIRD_PARTY/phone/lb-tablet/ui/dist/assets/img/icons/unknown-placeholder-dark.svg,831,03_REVIEW_HEX_PHONE_TIMELINE
server/[phone]/lb-tablet/ui/dist/assets/img/icons/avatar-placeholder-dark.svg,_REVIEW_THIRD_PARTY/phone/lb-tablet/ui/dist/assets/img/icons/avatar-placeholder-dark.svg,553,03_REVIEW_HEX_PHONE_TIMELINE
server/[phone]/lb-tablet/ui/dist/assets/img/icons/maps/pin.svg,_REVIEW_THIRD_PARTY/phone/lb-tablet/ui/dist/assets/img/icons/maps/pin.svg,194,03_REVIEW_HEX_PHONE_TIMELINE
server/[phone]/lb-tablet/ui/dist/assets/img/icons/maps/mappin.png,_REVIEW_THIRD_PARTY/phone/lb-tablet/ui/dist/assets/img/icons/maps/mappin.png,15682,03_REVIEW_HEX_PHONE_TIMELINE
server/[phone]/lb-tablet/ui/dist/assets/img/dark-mode-placeholder.webp,_REVIEW_THIRD_PARTY/phone/lb-tablet/ui/dist/assets/img/dark-mode-placeholder.webp,66940,03_REVIEW_HEX_PHONE_TIMELINE
server/[phone]/lb-tablet/ui/dist/assets/img/logo.svg,_REVIEW_THIRD_PARTY/phone/lb-tablet/ui/dist/assets/img/logo.svg,1176,03_REVIEW_HEX_PHONE_TIMELINE
server/[phone]/lb-tablet/ui/dist/assets/img/maps/placeholder_cayo_game.webp,_REVIEW_THIRD_PARTY/phone/lb-tablet/ui/dist/assets/img/maps/placeholder_cayo_game.webp,20360,03_REVIEW_HEX_PHONE_TIMELINE
server/[phone]/lb-tablet/ui/dist/assets/img/maps/placeholder_cayo_print.webp,_REVIEW_THIRD_PARTY/phone/lb-tablet/ui/dist/assets/img/maps/placeholder_cayo_print.webp,19268,03_REVIEW_HEX_PHONE_TIMELINE
server/[phone]/lb-tablet/ui/dist/assets/img/maps/placeholder_santos_render.webp,_REVIEW_THIRD_PARTY/phone/lb-tablet/ui/dist/assets/img/maps/placeholder_santos_render.webp,76874,03_REVIEW_HEX_PHONE_TIMELINE
server/[phone]/lb-tablet/ui/dist/assets/img/maps/placeholder_cayo_render.webp,_REVIEW_THIRD_PARTY/phone/lb-tablet/ui/dist/assets/img/maps/placeholder_cayo_render.webp,25802,03_REVIEW_HEX_PHONE_TIMELINE
server/[phone]/lb-tablet/ui/dist/assets/img/maps/placeholder_santos_game.webp,_REVIEW_THIRD_PARTY/phone/lb-tablet/ui/dist/assets/img/maps/placeholder_santos_game.webp,72220,03_REVIEW_HEX_PHONE_TIMELINE
server/[phone]/lb-tablet/ui/dist/assets/img/maps/placeholder_santos_print.webp,_REVIEW_THIRD_PARTY/phone/lb-tablet/ui/dist/assets/img/maps/placeholder_santos_print.webp,53186,03_REVIEW_HEX_PHONE_TIMELINE
server/[phone]/lb-tablet/inventoryitem.webp,_REVIEW_THIRD_PARTY/phone/lb-tablet/inventoryitem.webp,9044,03_REVIEW_HEX_PHONE_TIMELINE
server/[phone]/lb-tablet/inventoryitem.png,_REVIEW_THIRD_PARTY/phone/lb-tablet/inventoryitem.png,128338,03_REVIEW_HEX_PHONE_TIMELINE
server/[phone]/lb-phone/ui/dist/assets/sound/notifications/5.mp3,_REVIEW_THIRD_PARTY/phone/lb-phone/ui/dist/assets/sound/notifications/5.mp3,17516,03_REVIEW_HEX_PHONE_TIMELINE
server/[phone]/lb-phone/ui/dist/assets/sound/notifications/2.mp3,_REVIEW_THIRD_PARTY/phone/lb-phone/ui/dist/assets/sound/notifications/2.mp3,65871,03_REVIEW_HEX_PHONE_TIMELINE
server/[phone]/lb-phone/ui/dist/assets/sound/notifications/4.mp3,_REVIEW_THIRD_PARTY/phone/lb-phone/ui/dist/assets/sound/notifications/4.mp3,17806,03_REVIEW_HEX_PHONE_TIMELINE
server/[phone]/lb-phone/ui/dist/assets/sound/notifications/7.mp3,_REVIEW_THIRD_PARTY/phone/lb-phone/ui/dist/assets/sound/notifications/7.mp3,31724,03_REVIEW_HEX_PHONE_TIMELINE
server/[phone]/lb-phone/ui/dist/assets/sound/notifications/8.mp3,_REVIEW_THIRD_PARTY/phone/lb-phone/ui/dist/assets/sound/notifications/8.mp3,29091,03_REVIEW_HEX_PHONE_TIMELINE
server/[phone]/lb-phone/ui/dist/assets/sound/notifications/3.mp3,_REVIEW_THIRD_PARTY/phone/lb-phone/ui/dist/assets/sound/notifications/3.mp3,65871,03_REVIEW_HEX_PHONE_TIMELINE
server/[phone]/lb-phone/ui/dist/assets/sound/notifications/1.mp3,_REVIEW_THIRD_PARTY/phone/lb-phone/ui/dist/assets/sound/notifications/1.mp3,34106,03_REVIEW_HEX_PHONE_TIMELINE
server/[phone]/lb-phone/ui/dist/assets/sound/notifications/6.mp3,_REVIEW_THIRD_PARTY/phone/lb-phone/ui/dist/assets/sound/notifications/6.mp3,19052,03_REVIEW_HEX_PHONE_TIMELINE
server/[phone]/lb-phone/ui/dist/assets/sound/other/callBusy.mp3,_REVIEW_THIRD_PARTY/phone/lb-phone/ui/dist/assets/sound/other/callBusy.mp3,95137,03_REVIEW_HEX_PHONE_TIMELINE
server/[phone]/lb-phone/ui/dist/assets/sound/other/calling.mp3,_REVIEW_THIRD_PARTY/phone/lb-phone/ui/dist/assets/sound/other/calling.mp3,189673,03_REVIEW_HEX_PHONE_TIMELINE
server/[phone]/lb-phone/ui/dist/assets/sound/other/facetimeCalling.mp3,_REVIEW_THIRD_PARTY/phone/lb-phone/ui/dist/assets/sound/other/facetimeCalling.mp3,487686,03_REVIEW_HEX_PHONE_TIMELINE
server/[phone]/lb-phone/ui/dist/assets/sound/other/voicemail/numbers/5.mp3,_REVIEW_THIRD_PARTY/phone/lb-phone/ui/dist/assets/sound/other/voicemail/numbers/5.mp3,3490,03_REVIEW_HEX_PHONE_TIMELINE
server/[phone]/lb-phone/ui/dist/assets/sound/other/voicemail/numbers/2.mp3,_REVIEW_THIRD_PARTY/phone/lb-phone/ui/dist/assets/sound/other/voicemail/numbers/2.mp3,2914,03_REVIEW_HEX_PHONE_TIMELINE
server/[phone]/lb-phone/ui/dist/assets/sound/other/voicemail/numbers/9.mp3,_REVIEW_THIRD_PARTY/phone/lb-phone/ui/dist/assets/sound/other/voicemail/numbers/9.mp3,3419,03_REVIEW_HEX_PHONE_TIMELINE
server/[phone]/lb-phone/ui/dist/assets/sound/other/voicemail/numbers/0.mp3,_REVIEW_THIRD_PARTY/phone/lb-phone/ui/dist/assets/sound/other/voicemail/numbers/0.mp3,3454,03_REVIEW_HEX_PHONE_TIMELINE
server/[phone]/lb-phone/ui/dist/assets/sound/other/voicemail/numbers/4.mp3,_REVIEW_THIRD_PARTY/phone/lb-phone/ui/dist/assets/sound/other/voicemail/numbers/4.mp3,3382,03_REVIEW_HEX_PHONE_TIMELINE
server/[phone]/lb-phone/ui/dist/assets/sound/other/voicemail/numbers/7.mp3,_REVIEW_THIRD_PARTY/phone/lb-phone/ui/dist/assets/sound/other/voicemail/numbers/7.mp3,3346,03_REVIEW_HEX_PHONE_TIMELINE
server/[phone]/lb-phone/ui/dist/assets/sound/other/voicemail/numbers/8.mp3,_REVIEW_THIRD_PARTY/phone/lb-phone/ui/dist/assets/sound/other/voicemail/numbers/8.mp3,3022,03_REVIEW_HEX_PHONE_TIMELINE
server/[phone]/lb-phone/ui/dist/assets/sound/other/voicemail/numbers/3.mp3,_REVIEW_THIRD_PARTY/phone/lb-phone/ui/dist/assets/sound/other/voicemail/numbers/3.mp3,3670,03_REVIEW_HEX_PHONE_TIMELINE
server/[phone]/lb-phone/ui/dist/assets/sound/other/voicemail/numbers/1.mp3,_REVIEW_THIRD_PARTY/phone/lb-phone/ui/dist/assets/sound/other/voicemail/numbers/1.mp3,2266,03_REVIEW_HEX_PHONE_TIMELINE
server/[phone]/lb-phone/ui/dist/assets/sound/other/voicemail/numbers/6.mp3,_REVIEW_THIRD_PARTY/phone/lb-phone/ui/dist/assets/sound/other/voicemail/numbers/6.mp3,4174,03_REVIEW_HEX_PHONE_TIMELINE
server/[phone]/lb-phone/ui/dist/assets/sound/other/voicemail/part-1.mp3,_REVIEW_THIRD_PARTY/phone/lb-phone/ui/dist/assets/sound/other/voicemail/part-1.mp3,19048,03_REVIEW_HEX_PHONE_TIMELINE
server/[phone]/lb-phone/ui/dist/assets/sound/other/voicemail/part-2.mp3,_REVIEW_THIRD_PARTY/phone/lb-phone/ui/dist/assets/sound/other/voicemail/part-2.mp3,40540,03_REVIEW_HEX_PHONE_TIMELINE
server/[phone]/lb-phone/ui/dist/assets/sound/other/mute.mp3,_REVIEW_THIRD_PARTY/phone/lb-phone/ui/dist/assets/sound/other/mute.mp3,3761,03_REVIEW_HEX_PHONE_TIMELINE
server/[phone]/lb-phone/ui/dist/assets/sound/other/vibrate.mp3,_REVIEW_THIRD_PARTY/phone/lb-phone/ui/dist/assets/sound/other/vibrate.mp3,13697,03_REVIEW_HEX_PHONE_TIMELINE
server/[phone]/lb-phone/ui/dist/assets/sound/other/unmute.mp3,_REVIEW_THIRD_PARTY/phone/lb-phone/ui/dist/assets/sound/other/unmute.mp3,2925,03_REVIEW_HEX_PHONE_TIMELINE
server/[phone]/lb-phone/ui/dist/assets/sound/other/cameraShutter.mp3,_REVIEW_THIRD_PARTY/phone/lb-phone/ui/dist/assets/sound/other/cameraShutter.mp3,13374,03_REVIEW_HEX_PHONE_TIMELINE
server/[phone]/lb-phone/ui/dist/assets/sound/other/endCallFacetime.mp3,_REVIEW_THIRD_PARTY/phone/lb-phone/ui/dist/assets/sound/other/endCallFacetime.mp3,14628,03_REVIEW_HEX_PHONE_TIMELINE
server/[phone]/lb-phone/ui/dist/assets/sound/other/alarm.mp3,_REVIEW_THIRD_PARTY/phone/lb-phone/ui/dist/assets/sound/other/alarm.mp3,27001,03_REVIEW_HEX_PHONE_TIMELINE
server/[phone]/lb-phone/ui/dist/assets/sound/other/endCall.mp3,_REVIEW_THIRD_PARTY/phone/lb-phone/ui/dist/assets/sound/other/endCall.mp3,14647,03_REVIEW_HEX_PHONE_TIMELINE
server/[phone]/lb-phone/ui/dist/assets/sound/ringtones/19.mp3,_REVIEW_THIRD_PARTY/phone/lb-phone/ui/dist/assets/sound/ringtones/19.mp3,38636,03_REVIEW_HEX_PHONE_TIMELINE
server/[phone]/lb-phone/ui/dist/assets/sound/ringtones/10.mp3,_REVIEW_THIRD_PARTY/phone/lb-phone/ui/dist/assets/sound/ringtones/10.mp3,34524,03_REVIEW_HEX_PHONE_TIMELINE
server/[phone]/lb-phone/ui/dist/assets/sound/ringtones/23.mp3,_REVIEW_THIRD_PARTY/phone/lb-phone/ui/dist/assets/sound/ringtones/23.mp3,60438,03_REVIEW_HEX_PHONE_TIMELINE
server/[phone]/lb-phone/ui/dist/assets/sound/ringtones/24.mp3,_REVIEW_THIRD_PARTY/phone/lb-phone/ui/dist/assets/sound/ringtones/24.mp3,32016,03_REVIEW_HEX_PHONE_TIMELINE
server/[phone]/lb-phone/ui/dist/assets/sound/ringtones/13.mp3,_REVIEW_THIRD_PARTY/phone/lb-phone/ui/dist/assets/sound/ringtones/13.mp3,56676,03_REVIEW_HEX_PHONE_TIMELINE
server/[phone]/lb-phone/ui/dist/assets/sound/ringtones/15.mp3,_REVIEW_THIRD_PARTY/phone/lb-phone/ui/dist/assets/sound/ringtones/15.mp3,77992,03_REVIEW_HEX_PHONE_TIMELINE
server/[phone]/lb-phone/ui/dist/assets/sound/ringtones/7.mp3,_REVIEW_THIRD_PARTY/phone/lb-phone/ui/dist/assets/sound/ringtones/7.mp3,30188,03_REVIEW_HEX_PHONE_TIMELINE
server/[phone]/lb-phone/ui/dist/assets/sound/ringtones/17.mp3,_REVIEW_THIRD_PARTY/phone/lb-phone/ui/dist/assets/sound/ringtones/17.mp3,27001,03_REVIEW_HEX_PHONE_TIMELINE
server/[phone]/lb-phone/ui/dist/assets/sound/ringtones/21.mp3,_REVIEW_THIRD_PARTY/phone/lb-phone/ui/dist/assets/sound/ringtones/21.mp3,40172,03_REVIEW_HEX_PHONE_TIMELINE
server/[phone]/lb-phone/ui/dist/assets/sound/ringtones/1.mp3,_REVIEW_THIRD_PARTY/phone/lb-phone/ui/dist/assets/sound/ringtones/1.mp3,31598,03_REVIEW_HEX_PHONE_TIMELINE
server/[phone]/lb-phone/ui/dist/assets/fonts/lockscreen/Nunito-Black.ttf,_REVIEW_THIRD_PARTY/phone/lb-phone/ui/dist/assets/fonts/lockscreen/Nunito-Black.ttf,132032,03_REVIEW_HEX_PHONE_TIMELINE
server/[phone]/lb-phone/ui/dist/assets/fonts/lockscreen/Library3am.otf,_REVIEW_THIRD_PARTY/phone/lb-phone/ui/dist/assets/fonts/lockscreen/Library3am.otf,34668,03_REVIEW_HEX_PHONE_TIMELINE
server/[phone]/lb-phone/ui/dist/assets/fonts/lockscreen/ProtestGuerrilla.ttf,_REVIEW_THIRD_PARTY/phone/lb-phone/ui/dist/assets/fonts/lockscreen/ProtestGuerrilla.ttf,84512,03_REVIEW_HEX_PHONE_TIMELINE
server/[phone]/lb-phone/ui/dist/assets/fonts/lockscreen/Gloock.ttf,_REVIEW_THIRD_PARTY/phone/lb-phone/ui/dist/assets/fonts/lockscreen/Gloock.ttf,95156,03_REVIEW_HEX_PHONE_TIMELINE
server/[phone]/lb-phone/ui/dist/assets/fonts/lockscreen/Nunito-Medium.ttf,_REVIEW_THIRD_PARTY/phone/lb-phone/ui/dist/assets/fonts/lockscreen/Nunito-Medium.ttf,132304,03_REVIEW_HEX_PHONE_TIMELINE
server/[phone]/lb-phone/ui/dist/assets/fonts/lockscreen/AbrilFatface.ttf,_REVIEW_THIRD_PARTY/phone/lb-phone/ui/dist/assets/fonts/lockscreen/AbrilFatface.ttf,58448,03_REVIEW_HEX_PHONE_TIMELINE
server/[phone]/lb-phone/ui/dist/assets/fonts/lockscreen/Limelight.ttf,_REVIEW_THIRD_PARTY/phone/lb-phone/ui/dist/assets/fonts/lockscreen/Limelight.ttf,128852,03_REVIEW_HEX_PHONE_TIMELINE
server/[phone]/lb-phone/ui/dist/assets/fonts/lockscreen/Monoton.ttf,_REVIEW_THIRD_PARTY/phone/lb-phone/ui/dist/assets/fonts/lockscreen/Monoton.ttf,49908,03_REVIEW_HEX_PHONE_TIMELINE
server/[phone]/lb-phone/ui/dist/assets/img/cryptogradient.png,_REVIEW_THIRD_PARTY/phone/lb-phone/ui/dist/assets/img/cryptogradient.png,29580,03_REVIEW_HEX_PHONE_TIMELINE
server/[phone]/lb-phone/ui/dist/assets/img/backgrounds/default/cloud7.jpg,_REVIEW_THIRD_PARTY/phone/lb-phone/ui/dist/assets/img/backgrounds/default/cloud7.jpg,44289,03_REVIEW_HEX_PHONE_TIMELINE
server/[phone]/lb-phone/ui/dist/assets/img/backgrounds/default/cloud5.jpg,_REVIEW_THIRD_PARTY/phone/lb-phone/ui/dist/assets/img/backgrounds/default/cloud5.jpg,36308,03_REVIEW_HEX_PHONE_TIMELINE
server/[phone]/lb-phone/ui/dist/assets/img/backgrounds/default/Lift.jpg,_REVIEW_THIRD_PARTY/phone/lb-phone/ui/dist/assets/img/backgrounds/default/Lift.jpg,121658,03_REVIEW_HEX_PHONE_TIMELINE
server/[phone]/lb-phone/ui/dist/assets/img/backgrounds/default/wallpaper6.jpg,_REVIEW_THIRD_PARTY/phone/lb-phone/ui/dist/assets/img/backgrounds/default/wallpaper6.jpg,94431,03_REVIEW_HEX_PHONE_TIMELINE
server/[phone]/lb-phone/ui/dist/assets/img/backgrounds/default/mountain_05.jpg,_REVIEW_THIRD_PARTY/phone/lb-phone/ui/dist/assets/img/backgrounds/default/mountain_05.jpg,208947,03_REVIEW_HEX_PHONE_TIMELINE
server/[phone]/lb-phone/ui/dist/assets/img/backgrounds/default/desert_04.jpg,_REVIEW_THIRD_PARTY/phone/lb-phone/ui/dist/assets/img/backgrounds/default/desert_04.jpg,44892,03_REVIEW_HEX_PHONE_TIMELINE
server/[phone]/lb-phone/ui/dist/assets/img/backgrounds/default/Globe.jpg,_REVIEW_THIRD_PARTY/phone/lb-phone/ui/dist/assets/img/backgrounds/default/Globe.jpg,181294,03_REVIEW_HEX_PHONE_TIMELINE
server/[phone]/lb-phone/ui/dist/assets/img/backgrounds/default/wallpaper19.jpg,_REVIEW_THIRD_PARTY/phone/lb-phone/ui/dist/assets/img/backgrounds/default/wallpaper19.jpg,76242,03_REVIEW_HEX_PHONE_TIMELINE
server/[phone]/lb-phone/ui/dist/assets/img/backgrounds/default/wallpaper12.jpg,_REVIEW_THIRD_PARTY/phone/lb-phone/ui/dist/assets/img/backgrounds/default/wallpaper12.jpg,62613,03_REVIEW_HEX_PHONE_TIMELINE
server/[phone]/lb-phone/ui/dist/assets/img/backgrounds/default/wallpaper8.jpg,_REVIEW_THIRD_PARTY/phone/lb-phone/ui/dist/assets/img/backgrounds/default/wallpaper8.jpg,137432,03_REVIEW_HEX_PHONE_TIMELINE
server/[phone]/lb-phone/ui/dist/assets/img/backgrounds/default/wallpaper.jpg,_REVIEW_THIRD_PARTY/phone/lb-phone/ui/dist/assets/img/backgrounds/default/wallpaper.jpg,62344,03_REVIEW_HEX_PHONE_TIMELINE
server/[phone]/lb-phone/ui/dist/assets/img/backgrounds/default/mountain_06.jpg,_REVIEW_THIRD_PARTY/phone/lb-phone/ui/dist/assets/img/backgrounds/default/mountain_06.jpg,51245,03_REVIEW_HEX_PHONE_TIMELINE
server/[phone]/lb-phone/ui/dist/assets/img/backgrounds/default/wheel2.jpg,_REVIEW_THIRD_PARTY/phone/lb-phone/ui/dist/assets/img/backgrounds/default/wheel2.jpg,147158,03_REVIEW_HEX_PHONE_TIMELINE
server/[phone]/lb-phone/ui/dist/assets/img/backgrounds/default/desert_01.jpg,_REVIEW_THIRD_PARTY/phone/lb-phone/ui/dist/assets/img/backgrounds/default/desert_01.jpg,66167,03_REVIEW_HEX_PHONE_TIMELINE
server/[phone]/lb-phone/ui/dist/assets/img/backgrounds/default/cloud11.jpg,_REVIEW_THIRD_PARTY/phone/lb-phone/ui/dist/assets/img/backgrounds/default/cloud11.jpg,68265,03_REVIEW_HEX_PHONE_TIMELINE
server/[phone]/lb-phone/ui/dist/assets/img/backgrounds/default/cloud4.jpg,_REVIEW_THIRD_PARTY/phone/lb-phone/ui/dist/assets/img/backgrounds/default/cloud4.jpg,158207,03_REVIEW_HEX_PHONE_TIMELINE
server/[phone]/lb-phone/ui/dist/assets/img/backgrounds/default/pier.jpg,_REVIEW_THIRD_PARTY/phone/lb-phone/ui/dist/assets/img/backgrounds/default/pier.jpg,220665,03_REVIEW_HEX_PHONE_TIMELINE
server/[phone]/lb-phone/ui/dist/assets/img/backgrounds/default/Wheel.jpg,_REVIEW_THIRD_PARTY/phone/lb-phone/ui/dist/assets/img/backgrounds/default/Wheel.jpg,125496,03_REVIEW_HEX_PHONE_TIMELINE
server/[phone]/lb-phone/ui/dist/assets/img/backgrounds/default/wallpaper10.jpg,_REVIEW_THIRD_PARTY/phone/lb-phone/ui/dist/assets/img/backgrounds/default/wallpaper10.jpg,76082,03_REVIEW_HEX_PHONE_TIMELINE
server/[phone]/lb-phone/ui/dist/assets/img/backgrounds/default/wallpaper17.jpg,_REVIEW_THIRD_PARTY/phone/lb-phone/ui/dist/assets/img/backgrounds/default/wallpaper17.jpg,58850,03_REVIEW_HEX_PHONE_TIMELINE
server/[phone]/lb-phone/ui/dist/assets/img/backgrounds/default/wallpaper7.jpg,_REVIEW_THIRD_PARTY/phone/lb-phone/ui/dist/assets/img/backgrounds/default/wallpaper7.jpg,88573,03_REVIEW_HEX_PHONE_TIMELINE
server/[phone]/lb-phone/ui/dist/assets/img/backgrounds/default/thunder.jpg,_REVIEW_THIRD_PARTY/phone/lb-phone/ui/dist/assets/img/backgrounds/default/thunder.jpg,16681,03_REVIEW_HEX_PHONE_TIMELINE
server/[phone]/lb-phone/ui/dist/assets/img/backgrounds/default/cloud2.jpg,_REVIEW_THIRD_PARTY/phone/lb-phone/ui/dist/assets/img/backgrounds/default/cloud2.jpg,54927,03_REVIEW_HEX_PHONE_TIMELINE
server/[phone]/lb-phone/ui/dist/assets/img/backgrounds/default/cloud6.jpg,_REVIEW_THIRD_PARTY/phone/lb-phone/ui/dist/assets/img/backgrounds/default/cloud6.jpg,71732,03_REVIEW_HEX_PHONE_TIMELINE
server/[phone]/lb-phone/ui/dist/assets/img/backgrounds/default/rose.jpg,_REVIEW_THIRD_PARTY/phone/lb-phone/ui/dist/assets/img/backgrounds/default/rose.jpg,117877,03_REVIEW_HEX_PHONE_TIMELINE
server/[phone]/lb-phone/ui/dist/assets/img/backgrounds/default/wallpaper14.jpg,_REVIEW_THIRD_PARTY/phone/lb-phone/ui/dist/assets/img/backgrounds/default/wallpaper14.jpg,68528,03_REVIEW_HEX_PHONE_TIMELINE
server/[phone]/lb-phone/ui/dist/assets/img/backgrounds/default/wallpaper2.jpg,_REVIEW_THIRD_PARTY/phone/lb-phone/ui/dist/assets/img/backgrounds/default/wallpaper2.jpg,85106,03_REVIEW_HEX_PHONE_TIMELINE
server/[phone]/lb-phone/ui/dist/assets/img/backgrounds/default/wallpaper9.jpg,_REVIEW_THIRD_PARTY/phone/lb-phone/ui/dist/assets/img/backgrounds/default/wallpaper9.jpg,84164,03_REVIEW_HEX_PHONE_TIMELINE
server/[phone]/lb-phone/ui/dist/assets/img/backgrounds/default/desert_05.jpg,_REVIEW_THIRD_PARTY/phone/lb-phone/ui/dist/assets/img/backgrounds/default/desert_05.jpg,75576,03_REVIEW_HEX_PHONE_TIMELINE
server/[phone]/lb-phone/ui/dist/assets/img/backgrounds/default/wallpaper13.jpg,_REVIEW_THIRD_PARTY/phone/lb-phone/ui/dist/assets/img/backgrounds/default/wallpaper13.jpg,35553,03_REVIEW_HEX_PHONE_TIMELINE
server/[phone]/lb-phone/ui/dist/assets/img/backgrounds/default/wallpaper5.jpg,_REVIEW_THIRD_PARTY/phone/lb-phone/ui/dist/assets/img/backgrounds/default/wallpaper5.jpg,89829,03_REVIEW_HEX_PHONE_TIMELINE
server/[phone]/lb-phone/ui/dist/assets/img/backgrounds/default/wallpaper3.jpg,_REVIEW_THIRD_PARTY/phone/lb-phone/ui/dist/assets/img/backgrounds/default/wallpaper3.jpg,45425,03_REVIEW_HEX_PHONE_TIMELINE
server/[phone]/lb-phone/ui/dist/assets/img/backgrounds/default/wallpaper18.jpg,_REVIEW_THIRD_PARTY/phone/lb-phone/ui/dist/assets/img/backgrounds/default/wallpaper18.jpg,41530,03_REVIEW_HEX_PHONE_TIMELINE
server/[phone]/lb-phone/ui/dist/assets/img/backgrounds/default/desert_03.jpg,_REVIEW_THIRD_PARTY/phone/lb-phone/ui/dist/assets/img/backgrounds/default/desert_03.jpg,49181,03_REVIEW_HEX_PHONE_TIMELINE
server/[phone]/lb-phone/ui/dist/assets/img/backgrounds/default/mountain_07.jpg,_REVIEW_THIRD_PARTY/phone/lb-phone/ui/dist/assets/img/backgrounds/default/mountain_07.jpg,49855,03_REVIEW_HEX_PHONE_TIMELINE
server/[phone]/lb-phone/ui/dist/assets/img/backgrounds/default/apps/garage/1.jpg,_REVIEW_THIRD_PARTY/phone/lb-phone/ui/dist/assets/img/backgrounds/default/apps/garage/1.jpg,481893,03_REVIEW_HEX_PHONE_TIMELINE
server/[phone]/lb-phone/ui/dist/assets/img/backgrounds/default/apps/garage/2.jpg,_REVIEW_THIRD_PARTY/phone/lb-phone/ui/dist/assets/img/backgrounds/default/apps/garage/2.jpg,58515,03_REVIEW_HEX_PHONE_TIMELINE
server/[phone]/lb-phone/ui/dist/assets/img/backgrounds/default/apps/weather/sunset.jpg,_REVIEW_THIRD_PARTY/phone/lb-phone/ui/dist/assets/img/backgrounds/default/apps/weather/sunset.jpg,9317,03_REVIEW_HEX_PHONE_TIMELINE
server/[phone]/lb-phone/ui/dist/assets/img/backgrounds/default/apps/weather/sunny.jpg,_REVIEW_THIRD_PARTY/phone/lb-phone/ui/dist/assets/img/backgrounds/default/apps/weather/sunny.jpg,26343,03_REVIEW_HEX_PHONE_TIMELINE
server/[phone]/lb-phone/ui/dist/assets/img/backgrounds/default/apps/weather/snow.jpg,_REVIEW_THIRD_PARTY/phone/lb-phone/ui/dist/assets/img/backgrounds/default/apps/weather/snow.jpg,59879,03_REVIEW_HEX_PHONE_TIMELINE
server/[phone]/lb-phone/ui/dist/assets/img/backgrounds/default/apps/weather/cloudy 2.jpg,_REVIEW_THIRD_PARTY/phone/lb-phone/ui/dist/assets/img/backgrounds/default/apps/weather/cloudy 2.jpg,16181,03_REVIEW_HEX_PHONE_TIMELINE
server/[phone]/lb-phone/ui/dist/assets/img/backgrounds/default/apps/weather/rain.jpg,_REVIEW_THIRD_PARTY/phone/lb-phone/ui/dist/assets/img/backgrounds/default/apps/weather/rain.jpg,57053,03_REVIEW_HEX_PHONE_TIMELINE
server/[phone]/lb-phone/ui/dist/assets/img/backgrounds/default/apps/weather/night 2.jpg,_REVIEW_THIRD_PARTY/phone/lb-phone/ui/dist/assets/img/backgrounds/default/apps/weather/night 2.jpg,33537,03_REVIEW_HEX_PHONE_TIMELINE
server/[phone]/lb-phone/ui/dist/assets/img/backgrounds/default/apps/weather/night.jpg,_REVIEW_THIRD_PARTY/phone/lb-phone/ui/dist/assets/img/backgrounds/default/apps/weather/night.jpg,58273,03_REVIEW_HEX_PHONE_TIMELINE
server/[phone]/lb-phone/ui/dist/assets/img/backgrounds/default/apps/weather/cloudy.jpg,_REVIEW_THIRD_PARTY/phone/lb-phone/ui/dist/assets/img/backgrounds/default/apps/weather/cloudy.jpg,60464,03_REVIEW_HEX_PHONE_TIMELINE
server/[phone]/lb-phone/ui/dist/assets/img/backgrounds/default/apps/home/1.jpg,_REVIEW_THIRD_PARTY/phone/lb-phone/ui/dist/assets/img/backgrounds/default/apps/home/1.jpg,52057,03_REVIEW_HEX_PHONE_TIMELINE
server/[phone]/lb-phone/ui/dist/assets/img/backgrounds/default/apps/home/3.jpg,_REVIEW_THIRD_PARTY/phone/lb-phone/ui/dist/assets/img/backgrounds/default/apps/home/3.jpg,46904,03_REVIEW_HEX_PHONE_TIMELINE
server/[phone]/lb-phone/ui/dist/assets/img/backgrounds/default/apps/home/2.jpg,_REVIEW_THIRD_PARTY/phone/lb-phone/ui/dist/assets/img/backgrounds/default/apps/home/2.jpg,42255,03_REVIEW_HEX_PHONE_TIMELINE
server/[phone]/lb-phone/ui/dist/assets/img/backgrounds/default/apps/home/5.jpg,_REVIEW_THIRD_PARTY/phone/lb-phone/ui/dist/assets/img/backgrounds/default/apps/home/5.jpg,64386,03_REVIEW_HEX_PHONE_TIMELINE
server/[phone]/lb-phone/ui/dist/assets/img/backgrounds/default/apps/home/4.jpg,_REVIEW_THIRD_PARTY/phone/lb-phone/ui/dist/assets/img/backgrounds/default/apps/home/4.jpg,56930,03_REVIEW_HEX_PHONE_TIMELINE
server/[phone]/lb-phone/ui/dist/assets/img/backgrounds/default/default.jpg,_REVIEW_THIRD_PARTY/phone/lb-phone/ui/dist/assets/img/backgrounds/default/default.jpg,50650,03_REVIEW_HEX_PHONE_TIMELINE
server/[phone]/lb-phone/ui/dist/assets/img/backgrounds/default/wallpaper15.jpg,_REVIEW_THIRD_PARTY/phone/lb-phone/ui/dist/assets/img/backgrounds/default/wallpaper15.jpg,37949,03_REVIEW_HEX_PHONE_TIMELINE
server/[phone]/lb-phone/ui/dist/assets/img/backgrounds/default/cactus.jpg,_REVIEW_THIRD_PARTY/phone/lb-phone/ui/dist/assets/img/backgrounds/default/cactus.jpg,140310,03_REVIEW_HEX_PHONE_TIMELINE
server/[phone]/lb-phone/ui/dist/assets/img/backgrounds/default/desert_02.jpg,_REVIEW_THIRD_PARTY/phone/lb-phone/ui/dist/assets/img/backgrounds/default/desert_02.jpg,60397,03_REVIEW_HEX_PHONE_TIMELINE
server/[phone]/lb-phone/ui/dist/assets/img/backgrounds/default/mountain_01.jpg,_REVIEW_THIRD_PARTY/phone/lb-phone/ui/dist/assets/img/backgrounds/default/mountain_01.jpg,161568,03_REVIEW_HEX_PHONE_TIMELINE
server/[phone]/lb-phone/ui/dist/assets/img/backgrounds/default/Moon.jpg,_REVIEW_THIRD_PARTY/phone/lb-phone/ui/dist/assets/img/backgrounds/default/Moon.jpg,184293,03_REVIEW_HEX_PHONE_TIMELINE
server/[phone]/lb-phone/ui/dist/assets/img/backgrounds/default/wallpaper20.jpg,_REVIEW_THIRD_PARTY/phone/lb-phone/ui/dist/assets/img/backgrounds/default/wallpaper20.jpg,36345,03_REVIEW_HEX_PHONE_TIMELINE
server/[phone]/lb-phone/ui/dist/assets/img/backgrounds/default/cloud3.jpg,_REVIEW_THIRD_PARTY/phone/lb-phone/ui/dist/assets/img/backgrounds/default/cloud3.jpg,84779,03_REVIEW_HEX_PHONE_TIMELINE
server/[phone]/lb-phone/ui/dist/assets/img/backgrounds/default/rose2.jpg,_REVIEW_THIRD_PARTY/phone/lb-phone/ui/dist/assets/img/backgrounds/default/rose2.jpg,131580,03_REVIEW_HEX_PHONE_TIMELINE
server/[phone]/lb-phone/ui/dist/assets/img/backgrounds/default/cloud10.jpg,_REVIEW_THIRD_PARTY/phone/lb-phone/ui/dist/assets/img/backgrounds/default/cloud10.jpg,47067,03_REVIEW_HEX_PHONE_TIMELINE
server/[phone]/lb-phone/ui/dist/assets/img/backgrounds/default/Boat.jpg,_REVIEW_THIRD_PARTY/phone/lb-phone/ui/dist/assets/img/backgrounds/default/Boat.jpg,118146,03_REVIEW_HEX_PHONE_TIMELINE
server/[phone]/lb-phone/ui/dist/assets/img/backgrounds/default/GlobeNight.jpg,_REVIEW_THIRD_PARTY/phone/lb-phone/ui/dist/assets/img/backgrounds/default/GlobeNight.jpg,73845,03_REVIEW_HEX_PHONE_TIMELINE
server/[phone]/lb-phone/ui/dist/assets/img/backgrounds/default/cloud9.jpg,_REVIEW_THIRD_PARTY/phone/lb-phone/ui/dist/assets/img/backgrounds/default/cloud9.jpg,97756,03_REVIEW_HEX_PHONE_TIMELINE
server/[phone]/lb-phone/ui/dist/assets/img/backgrounds/default/cloud.jpg,_REVIEW_THIRD_PARTY/phone/lb-phone/ui/dist/assets/img/backgrounds/default/cloud.jpg,140874,03_REVIEW_HEX_PHONE_TIMELINE
server/[phone]/lb-phone/ui/dist/assets/img/backgrounds/default/cloud8.jpg,_REVIEW_THIRD_PARTY/phone/lb-phone/ui/dist/assets/img/backgrounds/default/cloud8.jpg,48514,03_REVIEW_HEX_PHONE_TIMELINE
server/[phone]/lb-phone/ui/dist/assets/img/backgrounds/default/wallpaper16.jpg,_REVIEW_THIRD_PARTY/phone/lb-phone/ui/dist/assets/img/backgrounds/default/wallpaper16.jpg,74725,03_REVIEW_HEX_PHONE_TIMELINE
server/[phone]/lb-phone/ui/dist/assets/img/backgrounds/default/mountain_02.jpg,_REVIEW_THIRD_PARTY/phone/lb-phone/ui/dist/assets/img/backgrounds/default/mountain_02.jpg,210039,03_REVIEW_HEX_PHONE_TIMELINE
server/[phone]/lb-phone/ui/dist/assets/img/backgrounds/default/yacht.jpg,_REVIEW_THIRD_PARTY/phone/lb-phone/ui/dist/assets/img/backgrounds/default/yacht.jpg,309857,03_REVIEW_HEX_PHONE_TIMELINE
server/[phone]/lb-phone/ui/dist/assets/img/backgrounds/default/wallpaper11.jpg,_REVIEW_THIRD_PARTY/phone/lb-phone/ui/dist/assets/img/backgrounds/default/wallpaper11.jpg,78442,03_REVIEW_HEX_PHONE_TIMELINE
server/[phone]/lb-phone/ui/dist/assets/img/backgrounds/default/police.jpg,_REVIEW_THIRD_PARTY/phone/lb-phone/ui/dist/assets/img/backgrounds/default/police.jpg,153025,03_REVIEW_HEX_PHONE_TIMELINE
server/[phone]/lb-phone/ui/dist/assets/img/backgrounds/default/cloud12.jpg,_REVIEW_THIRD_PARTY/phone/lb-phone/ui/dist/assets/img/backgrounds/default/cloud12.jpg,44895,03_REVIEW_HEX_PHONE_TIMELINE
server/[phone]/lb-phone/ui/dist/assets/img/backgrounds/default/mountain_04.jpg,_REVIEW_THIRD_PARTY/phone/lb-phone/ui/dist/assets/img/backgrounds/default/mountain_04.jpg,331218,03_REVIEW_HEX_PHONE_TIMELINE
server/[phone]/lb-phone/ui/dist/assets/img/backgrounds/default/rose3.jpg,_REVIEW_THIRD_PARTY/phone/lb-phone/ui/dist/assets/img/backgrounds/default/rose3.jpg,87773,03_REVIEW_HEX_PHONE_TIMELINE
server/[phone]/lb-phone/ui/dist/assets/img/backgrounds/default/wallpaper4.jpg,_REVIEW_THIRD_PARTY/phone/lb-phone/ui/dist/assets/img/backgrounds/default/wallpaper4.jpg,45591,03_REVIEW_HEX_PHONE_TIMELINE
server/[phone]/lb-phone/ui/dist/assets/img/backgrounds/default/mountain_03.jpg,_REVIEW_THIRD_PARTY/phone/lb-phone/ui/dist/assets/img/backgrounds/default/mountain_03.jpg,137620,03_REVIEW_HEX_PHONE_TIMELINE
server/[phone]/lb-phone/ui/dist/assets/img/backgrounds/default/underwater.jpg,_REVIEW_THIRD_PARTY/phone/lb-phone/ui/dist/assets/img/backgrounds/default/underwater.jpg,148946,03_REVIEW_HEX_PHONE_TIMELINE
server/[phone]/lb-phone/ui/dist/assets/img/backgrounds/default/wallpaper21.jpg,_REVIEW_THIRD_PARTY/phone/lb-phone/ui/dist/assets/img/backgrounds/default/wallpaper21.jpg,39638,03_REVIEW_HEX_PHONE_TIMELINE
server/[phone]/lb-phone/ui/dist/assets/img/no-pfp.png,_REVIEW_THIRD_PARTY/phone/lb-phone/ui/dist/assets/img/no-pfp.png,3094,03_REVIEW_HEX_PHONE_TIMELINE
server/[phone]/lb-phone/ui/dist/assets/img/avatar-placeholder-light.svg,_REVIEW_THIRD_PARTY/phone/lb-phone/ui/dist/assets/img/avatar-placeholder-light.svg,897,03_REVIEW_HEX_PHONE_TIMELINE
server/[phone]/lb-phone/ui/dist/assets/img/lbos.webp,_REVIEW_THIRD_PARTY/phone/lb-phone/ui/dist/assets/img/lbos.webp,9808,03_REVIEW_HEX_PHONE_TIMELINE
server/[phone]/lb-phone/ui/dist/assets/img/light-mode-placeholder.webp,_REVIEW_THIRD_PARTY/phone/lb-phone/ui/dist/assets/img/light-mode-placeholder.webp,36844,03_REVIEW_HEX_PHONE_TIMELINE
server/[phone]/lb-phone/ui/dist/assets/img/blacklogo.png,_REVIEW_THIRD_PARTY/phone/lb-phone/ui/dist/assets/img/blacklogo.png,6385,03_REVIEW_HEX_PHONE_TIMELINE
server/[phone]/lb-phone/ui/dist/assets/img/transparent-logo.svg,_REVIEW_THIRD_PARTY/phone/lb-phone/ui/dist/assets/img/transparent-logo.svg,4414,03_REVIEW_HEX_PHONE_TIMELINE
server/[phone]/lb-phone/ui/dist/assets/img/icons/picker.png,_REVIEW_THIRD_PARTY/phone/lb-phone/ui/dist/assets/img/icons/picker.png,432402,03_REVIEW_HEX_PHONE_TIMELINE
server/[phone]/lb-phone/ui/dist/assets/img/icons/setup/faceUnlock.png,_REVIEW_THIRD_PARTY/phone/lb-phone/ui/dist/assets/img/icons/setup/faceUnlock.png,9611,03_REVIEW_HEX_PHONE_TIMELINE
server/[phone]/lb-phone/ui/dist/assets/img/icons/setup/theme.svg,_REVIEW_THIRD_PARTY/phone/lb-phone/ui/dist/assets/img/icons/setup/theme.svg,1806,03_REVIEW_HEX_PHONE_TIMELINE
server/[phone]/lb-phone/ui/dist/assets/img/icons/setup/lock.svg,_REVIEW_THIRD_PARTY/phone/lb-phone/ui/dist/assets/img/icons/setup/lock.svg,842,03_REVIEW_HEX_PHONE_TIMELINE
server/[phone]/lb-phone/ui/dist/assets/img/icons/appstore/appimages/Music/2.webp,_REVIEW_THIRD_PARTY/phone/lb-phone/ui/dist/assets/img/icons/appstore/appimages/Music/2.webp,9084,03_REVIEW_HEX_PHONE_TIMELINE
server/[phone]/lb-phone/ui/dist/assets/img/icons/appstore/appimages/Music/1.webp,_REVIEW_THIRD_PARTY/phone/lb-phone/ui/dist/assets/img/icons/appstore/appimages/Music/1.webp,9572,03_REVIEW_HEX_PHONE_TIMELINE
server/[phone]/lb-phone/ui/dist/assets/img/icons/appstore/appimages/DarkChat/3.webp,_REVIEW_THIRD_PARTY/phone/lb-phone/ui/dist/assets/img/icons/appstore/appimages/DarkChat/3.webp,13456,03_REVIEW_HEX_PHONE_TIMELINE
server/[phone]/lb-phone/ui/dist/assets/img/icons/appstore/appimages/DarkChat/2.webp,_REVIEW_THIRD_PARTY/phone/lb-phone/ui/dist/assets/img/icons/appstore/appimages/DarkChat/2.webp,14008,03_REVIEW_HEX_PHONE_TIMELINE
server/[phone]/lb-phone/ui/dist/assets/img/icons/appstore/appimages/DarkChat/4.webp,_REVIEW_THIRD_PARTY/phone/lb-phone/ui/dist/assets/img/icons/appstore/appimages/DarkChat/4.webp,10212,03_REVIEW_HEX_PHONE_TIMELINE
server/[phone]/lb-phone/ui/dist/assets/img/icons/appstore/appimages/DarkChat/1.webp,_REVIEW_THIRD_PARTY/phone/lb-phone/ui/dist/assets/img/icons/appstore/appimages/DarkChat/1.webp,11692,03_REVIEW_HEX_PHONE_TIMELINE
server/[phone]/lb-phone/ui/dist/assets/img/icons/appstore/appimages/Instagram/5.webp,_REVIEW_THIRD_PARTY/phone/lb-phone/ui/dist/assets/img/icons/appstore/appimages/Instagram/5.webp,39340,03_REVIEW_HEX_PHONE_TIMELINE
server/[phone]/lb-phone/ui/dist/assets/img/icons/appstore/appimages/Instagram/3.webp,_REVIEW_THIRD_PARTY/phone/lb-phone/ui/dist/assets/img/icons/appstore/appimages/Instagram/3.webp,61550,03_REVIEW_HEX_PHONE_TIMELINE
server/[phone]/lb-phone/ui/dist/assets/img/icons/appstore/appimages/Instagram/7.webp,_REVIEW_THIRD_PARTY/phone/lb-phone/ui/dist/assets/img/icons/appstore/appimages/Instagram/7.webp,27168,03_REVIEW_HEX_PHONE_TIMELINE
server/[phone]/lb-phone/ui/dist/assets/img/icons/appstore/appimages/Instagram/6.webp,_REVIEW_THIRD_PARTY/phone/lb-phone/ui/dist/assets/img/icons/appstore/appimages/Instagram/6.webp,27032,03_REVIEW_HEX_PHONE_TIMELINE
server/[phone]/lb-phone/ui/dist/assets/img/icons/appstore/appimages/Instagram/2.webp,_REVIEW_THIRD_PARTY/phone/lb-phone/ui/dist/assets/img/icons/appstore/appimages/Instagram/2.webp,56954,03_REVIEW_HEX_PHONE_TIMELINE
server/[phone]/lb-phone/ui/dist/assets/img/icons/appstore/appimages/Instagram/4.webp,_REVIEW_THIRD_PARTY/phone/lb-phone/ui/dist/assets/img/icons/appstore/appimages/Instagram/4.webp,39504,03_REVIEW_HEX_PHONE_TIMELINE
server/[phone]/lb-phone/ui/dist/assets/img/icons/appstore/appimages/Instagram/1.webp,_REVIEW_THIRD_PARTY/phone/lb-phone/ui/dist/assets/img/icons/appstore/appimages/Instagram/1.webp,49732,03_REVIEW_HEX_PHONE_TIMELINE
server/[phone]/lb-phone/ui/dist/assets/img/icons/appstore/appimages/TikTok/1.webp,_REVIEW_THIRD_PARTY/phone/lb-phone/ui/dist/assets/img/icons/appstore/appimages/TikTok/1.webp,62526,03_REVIEW_HEX_PHONE_TIMELINE
server/[phone]/lb-phone/ui/dist/assets/img/icons/appstore/appimages/Crypto/2.webp,_REVIEW_THIRD_PARTY/phone/lb-phone/ui/dist/assets/img/icons/appstore/appimages/Crypto/2.webp,33882,03_REVIEW_HEX_PHONE_TIMELINE
server/[phone]/lb-phone/ui/dist/assets/img/icons/appstore/appimages/Crypto/1.webp,_REVIEW_THIRD_PARTY/phone/lb-phone/ui/dist/assets/img/icons/appstore/appimages/Crypto/1.webp,35326,03_REVIEW_HEX_PHONE_TIMELINE
server/[phone]/lb-phone/ui/dist/assets/img/icons/appstore/appimages/YellowPages/2.webp,_REVIEW_THIRD_PARTY/phone/lb-phone/ui/dist/assets/img/icons/appstore/appimages/YellowPages/2.webp,37248,03_REVIEW_HEX_PHONE_TIMELINE
server/[phone]/lb-phone/ui/dist/assets/img/icons/appstore/appimages/YellowPages/1.webp,_REVIEW_THIRD_PARTY/phone/lb-phone/ui/dist/assets/img/icons/appstore/appimages/YellowPages/1.webp,39924,03_REVIEW_HEX_PHONE_TIMELINE
server/[phone]/lb-phone/ui/dist/assets/img/icons/appstore/appimages/MarketPlace/3.webp,_REVIEW_THIRD_PARTY/phone/lb-phone/ui/dist/assets/img/icons/appstore/appimages/MarketPlace/3.webp,56560,03_REVIEW_HEX_PHONE_TIMELINE
server/[phone]/lb-phone/ui/dist/assets/img/icons/appstore/appimages/MarketPlace/2.webp,_REVIEW_THIRD_PARTY/phone/lb-phone/ui/dist/assets/img/icons/appstore/appimages/MarketPlace/2.webp,48438,03_REVIEW_HEX_PHONE_TIMELINE
server/[phone]/lb-phone/ui/dist/assets/img/icons/appstore/appimages/MarketPlace/4.webp,_REVIEW_THIRD_PARTY/phone/lb-phone/ui/dist/assets/img/icons/appstore/appimages/MarketPlace/4.webp,61592,03_REVIEW_HEX_PHONE_TIMELINE
server/[phone]/lb-phone/ui/dist/assets/img/icons/appstore/appimages/MarketPlace/1.webp,_REVIEW_THIRD_PARTY/phone/lb-phone/ui/dist/assets/img/icons/appstore/appimages/MarketPlace/1.webp,50498,03_REVIEW_HEX_PHONE_TIMELINE
server/[phone]/lb-phone/ui/dist/assets/img/icons/appstore/appimages/Twitter/5.webp,_REVIEW_THIRD_PARTY/phone/lb-phone/ui/dist/assets/img/icons/appstore/appimages/Twitter/5.webp,12452,03_REVIEW_HEX_PHONE_TIMELINE
server/[phone]/lb-phone/ui/dist/assets/img/icons/appstore/appimages/Twitter/3.webp,_REVIEW_THIRD_PARTY/phone/lb-phone/ui/dist/assets/img/icons/appstore/appimages/Twitter/3.webp,34256,03_REVIEW_HEX_PHONE_TIMELINE
server/[phone]/lb-phone/ui/dist/assets/img/icons/appstore/appimages/Twitter/7.webp,_REVIEW_THIRD_PARTY/phone/lb-phone/ui/dist/assets/img/icons/appstore/appimages/Twitter/7.webp,20856,03_REVIEW_HEX_PHONE_TIMELINE
server/[phone]/lb-phone/ui/dist/assets/img/icons/appstore/appimages/Twitter/6.webp,_REVIEW_THIRD_PARTY/phone/lb-phone/ui/dist/assets/img/icons/appstore/appimages/Twitter/6.webp,11498,03_REVIEW_HEX_PHONE_TIMELINE
server/[phone]/lb-phone/ui/dist/assets/img/icons/appstore/appimages/Twitter/2.webp,_REVIEW_THIRD_PARTY/phone/lb-phone/ui/dist/assets/img/icons/appstore/appimages/Twitter/2.webp,26520,03_REVIEW_HEX_PHONE_TIMELINE
server/[phone]/lb-phone/ui/dist/assets/img/icons/appstore/appimages/Twitter/4.webp,_REVIEW_THIRD_PARTY/phone/lb-phone/ui/dist/assets/img/icons/appstore/appimages/Twitter/4.webp,35750,03_REVIEW_HEX_PHONE_TIMELINE
server/[phone]/lb-phone/ui/dist/assets/img/icons/appstore/appimages/Twitter/1.webp,_REVIEW_THIRD_PARTY/phone/lb-phone/ui/dist/assets/img/icons/appstore/appimages/Twitter/1.webp,25492,03_REVIEW_HEX_PHONE_TIMELINE
server/[phone]/lb-phone/ui/dist/assets/img/icons/appstore/appimages/Twitter/8.webp,_REVIEW_THIRD_PARTY/phone/lb-phone/ui/dist/assets/img/icons/appstore/appimages/Twitter/8.webp,20816,03_REVIEW_HEX_PHONE_TIMELINE
server/[phone]/lb-phone/ui/dist/assets/img/icons/appstore/appimages/Tinder/5.webp,_REVIEW_THIRD_PARTY/phone/lb-phone/ui/dist/assets/img/icons/appstore/appimages/Tinder/5.webp,16060,03_REVIEW_HEX_PHONE_TIMELINE
server/[phone]/lb-phone/ui/dist/assets/img/icons/appstore/appimages/Tinder/3.webp,_REVIEW_THIRD_PARTY/phone/lb-phone/ui/dist/assets/img/icons/appstore/appimages/Tinder/3.webp,38346,03_REVIEW_HEX_PHONE_TIMELINE
server/[phone]/lb-phone/ui/dist/assets/img/icons/appstore/appimages/Tinder/2.webp,_REVIEW_THIRD_PARTY/phone/lb-phone/ui/dist/assets/img/icons/appstore/appimages/Tinder/2.webp,30596,03_REVIEW_HEX_PHONE_TIMELINE
server/[phone]/lb-phone/ui/dist/assets/img/icons/appstore/appimages/Tinder/4.webp,_REVIEW_THIRD_PARTY/phone/lb-phone/ui/dist/assets/img/icons/appstore/appimages/Tinder/4.webp,15922,03_REVIEW_HEX_PHONE_TIMELINE
server/[phone]/lb-phone/ui/dist/assets/img/icons/appstore/appimages/Tinder/1.webp,_REVIEW_THIRD_PARTY/phone/lb-phone/ui/dist/assets/img/icons/appstore/appimages/Tinder/1.webp,45372,03_REVIEW_HEX_PHONE_TIMELINE
server/[phone]/lb-phone/ui/dist/assets/img/icons/weather/rain.png,_REVIEW_THIRD_PARTY/phone/lb-phone/ui/dist/assets/img/icons/weather/rain.png,3420,03_REVIEW_HEX_PHONE_TIMELINE
server/[phone]/lb-phone/ui/dist/assets/img/icons/weather/drizzle.png,_REVIEW_THIRD_PARTY/phone/lb-phone/ui/dist/assets/img/icons/weather/drizzle.png,3053,03_REVIEW_HEX_PHONE_TIMELINE
server/[phone]/lb-phone/ui/dist/assets/img/icons/weather/thunder.png,_REVIEW_THIRD_PARTY/phone/lb-phone/ui/dist/assets/img/icons/weather/thunder.png,2922,03_REVIEW_HEX_PHONE_TIMELINE
server/[phone]/lb-phone/ui/dist/assets/img/icons/weather/snow.png,_REVIEW_THIRD_PARTY/phone/lb-phone/ui/dist/assets/img/icons/weather/snow.png,4984,03_REVIEW_HEX_PHONE_TIMELINE
server/[phone]/lb-phone/ui/dist/assets/img/icons/weather/windy.png,_REVIEW_THIRD_PARTY/phone/lb-phone/ui/dist/assets/img/icons/weather/windy.png,3557,03_REVIEW_HEX_PHONE_TIMELINE
server/[phone]/lb-phone/ui/dist/assets/img/icons/weather/cloudy.png,_REVIEW_THIRD_PARTY/phone/lb-phone/ui/dist/assets/img/icons/weather/cloudy.png,2097,03_REVIEW_HEX_PHONE_TIMELINE
server/[phone]/lb-phone/ui/dist/assets/img/icons/weather/tornado.png,_REVIEW_THIRD_PARTY/phone/lb-phone/ui/dist/assets/img/icons/weather/tornado.png,3570,03_REVIEW_HEX_PHONE_TIMELINE
server/[phone]/lb-phone/ui/dist/assets/img/icons/weather/sunny.png,_REVIEW_THIRD_PARTY/phone/lb-phone/ui/dist/assets/img/icons/weather/sunny.png,2350,03_REVIEW_HEX_PHONE_TIMELINE
server/[phone]/lb-phone/ui/dist/assets/img/icons/weather/fog.png,_REVIEW_THIRD_PARTY/phone/lb-phone/ui/dist/assets/img/icons/weather/fog.png,2448,03_REVIEW_HEX_PHONE_TIMELINE
server/[phone]/lb-phone/ui/dist/assets/img/icons/weather/wind.png,_REVIEW_THIRD_PARTY/phone/lb-phone/ui/dist/assets/img/icons/weather/wind.png,3602,03_REVIEW_HEX_PHONE_TIMELINE
server/[phone]/lb-phone/ui/dist/assets/img/icons/weather/partly-cloudy-sunny.png,_REVIEW_THIRD_PARTY/phone/lb-phone/ui/dist/assets/img/icons/weather/partly-cloudy-sunny.png,3101,03_REVIEW_HEX_PHONE_TIMELINE
server/[phone]/lb-phone/ui/dist/assets/img/icons/weather/night.png,_REVIEW_THIRD_PARTY/phone/lb-phone/ui/dist/assets/img/icons/weather/night.png,3699,03_REVIEW_HEX_PHONE_TIMELINE
server/[phone]/lb-phone/ui/dist/assets/img/icons/weather/partly-cloudy-night.png,_REVIEW_THIRD_PARTY/phone/lb-phone/ui/dist/assets/img/icons/weather/partly-cloudy-night.png,3294,03_REVIEW_HEX_PHONE_TIMELINE
server/[phone]/lb-phone/ui/dist/assets/img/icons/weather/heavy-rain.png,_REVIEW_THIRD_PARTY/phone/lb-phone/ui/dist/assets/img/icons/weather/heavy-rain.png,3689,03_REVIEW_HEX_PHONE_TIMELINE
server/[phone]/lb-phone/ui/dist/assets/img/icons/music/unknown.png,_REVIEW_THIRD_PARTY/phone/lb-phone/ui/dist/assets/img/icons/music/unknown.png,724,03_REVIEW_HEX_PHONE_TIMELINE
server/[phone]/lb-phone/ui/dist/assets/img/icons/apps/Cryptopng.png,_REVIEW_THIRD_PARTY/phone/lb-phone/ui/dist/assets/img/icons/apps/Cryptopng.png,19910,03_REVIEW_HEX_PHONE_TIMELINE
server/[phone]/lb-phone/ui/dist/assets/img/icons/apps/Music.jpg,_REVIEW_THIRD_PARTY/phone/lb-phone/ui/dist/assets/img/icons/apps/Music.jpg,19926,03_REVIEW_HEX_PHONE_TIMELINE
server/[phone]/lb-phone/ui/dist/assets/img/icons/apps/Settings.jpg,_REVIEW_THIRD_PARTY/phone/lb-phone/ui/dist/assets/img/icons/apps/Settings.jpg,22332,03_REVIEW_HEX_PHONE_TIMELINE
server/[phone]/lb-phone/ui/dist/assets/img/icons/apps/Weather.jpg,_REVIEW_THIRD_PARTY/phone/lb-phone/ui/dist/assets/img/icons/apps/Weather.jpg,19609,03_REVIEW_HEX_PHONE_TIMELINE
server/[phone]/lb-phone/ui/dist/assets/img/icons/apps/Garage.jpg,_REVIEW_THIRD_PARTY/phone/lb-phone/ui/dist/assets/img/icons/apps/Garage.jpg,19706,03_REVIEW_HEX_PHONE_TIMELINE
server/[phone]/lb-phone/ui/dist/assets/img/icons/apps/AppStore.jpg,_REVIEW_THIRD_PARTY/phone/lb-phone/ui/dist/assets/img/icons/apps/AppStore.jpg,21376,03_REVIEW_HEX_PHONE_TIMELINE
server/[phone]/lb-phone/ui/dist/assets/img/icons/apps/Messages.jpg,_REVIEW_THIRD_PARTY/phone/lb-phone/ui/dist/assets/img/icons/apps/Messages.jpg,16974,03_REVIEW_HEX_PHONE_TIMELINE
server/[phone]/lb-phone/ui/dist/assets/img/icons/apps/Phone.jpg,_REVIEW_THIRD_PARTY/phone/lb-phone/ui/dist/assets/img/icons/apps/Phone.jpg,17240,03_REVIEW_HEX_PHONE_TIMELINE
server/[phone]/lb-phone/ui/dist/assets/img/icons/apps/FaceTime.jpg,_REVIEW_THIRD_PARTY/phone/lb-phone/ui/dist/assets/img/icons/apps/FaceTime.jpg,16003,03_REVIEW_HEX_PHONE_TIMELINE
server/[phone]/lb-phone/ui/dist/assets/img/icons/apps/VoiceMemo.jpg,_REVIEW_THIRD_PARTY/phone/lb-phone/ui/dist/assets/img/icons/apps/VoiceMemo.jpg,16815,03_REVIEW_HEX_PHONE_TIMELINE
server/[phone]/lb-phone/ui/dist/assets/img/icons/apps/YellowPages.jpg,_REVIEW_THIRD_PARTY/phone/lb-phone/ui/dist/assets/img/icons/apps/YellowPages.jpg,23277,03_REVIEW_HEX_PHONE_TIMELINE
server/[phone]/lb-phone/ui/dist/assets/img/icons/apps/Wallet.jpg,_REVIEW_THIRD_PARTY/phone/lb-phone/ui/dist/assets/img/icons/apps/Wallet.jpg,17096,03_REVIEW_HEX_PHONE_TIMELINE
server/[phone]/lb-phone/ui/dist/assets/img/icons/apps/Photos.jpg,_REVIEW_THIRD_PARTY/phone/lb-phone/ui/dist/assets/img/icons/apps/Photos.jpg,20942,03_REVIEW_HEX_PHONE_TIMELINE
server/[phone]/lb-phone/ui/dist/assets/img/icons/apps/Crypto.jpg,_REVIEW_THIRD_PARTY/phone/lb-phone/ui/dist/assets/img/icons/apps/Crypto.jpg,18173,03_REVIEW_HEX_PHONE_TIMELINE
server/[phone]/lb-phone/ui/dist/assets/img/icons/apps/unkown.png,_REVIEW_THIRD_PARTY/phone/lb-phone/ui/dist/assets/img/icons/apps/unkown.png,25609,03_REVIEW_HEX_PHONE_TIMELINE
server/[phone]/lb-phone/ui/dist/assets/img/icons/apps/Trendy.jpg,_REVIEW_THIRD_PARTY/phone/lb-phone/ui/dist/assets/img/icons/apps/Trendy.jpg,17681,03_REVIEW_HEX_PHONE_TIMELINE
server/[phone]/lb-phone/ui/dist/assets/img/icons/apps/Home.jpg,_REVIEW_THIRD_PARTY/phone/lb-phone/ui/dist/assets/img/icons/apps/Home.jpg,16486,03_REVIEW_HEX_PHONE_TIMELINE
server/[phone]/lb-phone/ui/dist/assets/img/icons/apps/Health.jpg,_REVIEW_THIRD_PARTY/phone/lb-phone/ui/dist/assets/img/icons/apps/Health.jpg,13961,03_REVIEW_HEX_PHONE_TIMELINE
server/[phone]/lb-phone/ui/dist/assets/img/icons/apps/Maps.jpg,_REVIEW_THIRD_PARTY/phone/lb-phone/ui/dist/assets/img/icons/apps/Maps.jpg,22704,03_REVIEW_HEX_PHONE_TIMELINE
server/[phone]/lb-phone/ui/dist/assets/img/icons/apps/Notes.jpg,_REVIEW_THIRD_PARTY/phone/lb-phone/ui/dist/assets/img/icons/apps/Notes.jpg,14166,03_REVIEW_HEX_PHONE_TIMELINE
server/[phone]/lb-phone/ui/dist/assets/img/icons/apps/Safari.jpg,_REVIEW_THIRD_PARTY/phone/lb-phone/ui/dist/assets/img/icons/apps/Safari.jpg,21795,03_REVIEW_HEX_PHONE_TIMELINE
server/[phone]/lb-phone/ui/dist/assets/img/icons/apps/Birdy.jpg,_REVIEW_THIRD_PARTY/phone/lb-phone/ui/dist/assets/img/icons/apps/Birdy.jpg,16803,03_REVIEW_HEX_PHONE_TIMELINE
server/[phone]/lb-phone/ui/dist/assets/img/icons/apps/Racing.jpg,_REVIEW_THIRD_PARTY/phone/lb-phone/ui/dist/assets/img/icons/apps/Racing.jpg,10803,03_REVIEW_HEX_PHONE_TIMELINE
server/[phone]/lb-phone/ui/dist/assets/img/icons/apps/Camera.jpg,_REVIEW_THIRD_PARTY/phone/lb-phone/ui/dist/assets/img/icons/apps/Camera.jpg,15091,03_REVIEW_HEX_PHONE_TIMELINE
server/[phone]/lb-phone/ui/dist/assets/img/icons/apps/InstaPic.jpg,_REVIEW_THIRD_PARTY/phone/lb-phone/ui/dist/assets/img/icons/apps/InstaPic.jpg,18185,03_REVIEW_HEX_PHONE_TIMELINE
server/[phone]/lb-phone/ui/dist/assets/img/icons/apps/MarketPlace.jpg,_REVIEW_THIRD_PARTY/phone/lb-phone/ui/dist/assets/img/icons/apps/MarketPlace.jpg,17573,03_REVIEW_HEX_PHONE_TIMELINE
server/[phone]/lb-phone/ui/dist/assets/img/icons/apps/Clock.jpg,_REVIEW_THIRD_PARTY/phone/lb-phone/ui/dist/assets/img/icons/apps/Clock.jpg,21832,03_REVIEW_HEX_PHONE_TIMELINE
server/[phone]/lb-phone/ui/dist/assets/img/icons/apps/DarkChat.jpg,_REVIEW_THIRD_PARTY/phone/lb-phone/ui/dist/assets/img/icons/apps/DarkChat.jpg,13906,03_REVIEW_HEX_PHONE_TIMELINE
server/[phone]/lb-phone/ui/dist/assets/img/icons/apps/Mail.jpg,_REVIEW_THIRD_PARTY/phone/lb-phone/ui/dist/assets/img/icons/apps/Mail.jpg,20721,03_REVIEW_HEX_PHONE_TIMELINE
server/[phone]/lb-phone/ui/dist/assets/img/icons/apps/Spark.jpg,_REVIEW_THIRD_PARTY/phone/lb-phone/ui/dist/assets/img/icons/apps/Spark.jpg,17518,03_REVIEW_HEX_PHONE_TIMELINE
server/[phone]/lb-phone/ui/dist/assets/img/icons/apps/Browser.jpg,_REVIEW_THIRD_PARTY/phone/lb-phone/ui/dist/assets/img/icons/apps/Browser.jpg,21795,03_REVIEW_HEX_PHONE_TIMELINE
server/[phone]/lb-phone/ui/dist/assets/img/icons/apps/Calculator.jpg,_REVIEW_THIRD_PARTY/phone/lb-phone/ui/dist/assets/img/icons/apps/Calculator.jpg,17653,03_REVIEW_HEX_PHONE_TIMELINE
server/[phone]/lb-phone/ui/dist/assets/img/icons/apps/Services.jpg,_REVIEW_THIRD_PARTY/phone/lb-phone/ui/dist/assets/img/icons/apps/Services.jpg,27159,03_REVIEW_HEX_PHONE_TIMELINE
server/[phone]/lb-phone/ui/dist/assets/img/icons/messages/gallery.png,_REVIEW_THIRD_PARTY/phone/lb-phone/ui/dist/assets/img/icons/messages/gallery.png,1698,03_REVIEW_HEX_PHONE_TIMELINE
server/[phone]/lb-phone/ui/dist/assets/img/icons/twitter/banner.png,_REVIEW_THIRD_PARTY/phone/lb-phone/ui/dist/assets/img/icons/twitter/banner.png,11999,03_REVIEW_HEX_PHONE_TIMELINE
server/[phone]/lb-phone/ui/dist/assets/img/icons/twitter/heart.svg,_REVIEW_THIRD_PARTY/phone/lb-phone/ui/dist/assets/img/icons/twitter/heart.svg,1162,03_REVIEW_HEX_PHONE_TIMELINE
server/[phone]/lb-phone/ui/dist/assets/img/icons/twitter/logo.png,_REVIEW_THIRD_PARTY/phone/lb-phone/ui/dist/assets/img/icons/twitter/logo.png,33297,03_REVIEW_HEX_PHONE_TIMELINE
server/[phone]/lb-phone/ui/dist/assets/img/icons/crypto/coins/lbc.webp,_REVIEW_THIRD_PARTY/phone/lb-phone/ui/dist/assets/img/icons/crypto/coins/lbc.webp,2676,03_REVIEW_HEX_PHONE_TIMELINE
server/[phone]/lb-phone/ui/dist/assets/img/icons/tinder/logo-white.svg,_REVIEW_THIRD_PARTY/phone/lb-phone/ui/dist/assets/img/icons/tinder/logo-white.svg,1780,03_REVIEW_HEX_PHONE_TIMELINE
server/[phone]/lb-phone/ui/dist/assets/img/icons/tinder/match.png,_REVIEW_THIRD_PARTY/phone/lb-phone/ui/dist/assets/img/icons/tinder/match.png,95158,03_REVIEW_HEX_PHONE_TIMELINE
server/[phone]/lb-phone/ui/dist/assets/img/icons/tinder/logo.svg,_REVIEW_THIRD_PARTY/phone/lb-phone/ui/dist/assets/img/icons/tinder/logo.svg,2044,03_REVIEW_HEX_PHONE_TIMELINE
server/[phone]/lb-phone/ui/dist/assets/img/icons/warning.png,_REVIEW_THIRD_PARTY/phone/lb-phone/ui/dist/assets/img/icons/warning.png,70454,03_REVIEW_HEX_PHONE_TIMELINE
server/[phone]/lb-phone/ui/dist/assets/img/icons/danger.png,_REVIEW_THIRD_PARTY/phone/lb-phone/ui/dist/assets/img/icons/danger.png,72100,03_REVIEW_HEX_PHONE_TIMELINE
server/[phone]/lb-phone/ui/dist/assets/img/icons/instagram/StoryCircle.svg,_REVIEW_THIRD_PARTY/phone/lb-phone/ui/dist/assets/img/icons/instagram/StoryCircle.svg,462,03_REVIEW_HEX_PHONE_TIMELINE
server/[phone]/lb-phone/ui/dist/assets/img/icons/instagram/LiveCircle.svg,_REVIEW_THIRD_PARTY/phone/lb-phone/ui/dist/assets/img/icons/instagram/LiveCircle.svg,1235,03_REVIEW_HEX_PHONE_TIMELINE
server/[phone]/lb-phone/ui/dist/assets/img/icons/instagram/icon.svg,_REVIEW_THIRD_PARTY/phone/lb-phone/ui/dist/assets/img/icons/instagram/icon.svg,418,03_REVIEW_HEX_PHONE_TIMELINE
server/[phone]/lb-phone/ui/dist/assets/img/icons/instagram/Verified.svg,_REVIEW_THIRD_PARTY/phone/lb-phone/ui/dist/assets/img/icons/instagram/Verified.svg,546,03_REVIEW_HEX_PHONE_TIMELINE
server/[phone]/lb-phone/ui/dist/assets/img/icons/instagram/logo.png,_REVIEW_THIRD_PARTY/phone/lb-phone/ui/dist/assets/img/icons/instagram/logo.png,57397,03_REVIEW_HEX_PHONE_TIMELINE
server/[phone]/lb-phone/ui/dist/assets/img/icons/maps/pin.svg,_REVIEW_THIRD_PARTY/phone/lb-phone/ui/dist/assets/img/icons/maps/pin.svg,194,03_REVIEW_HEX_PHONE_TIMELINE
server/[phone]/lb-phone/ui/dist/assets/img/icons/maps/mappin.png,_REVIEW_THIRD_PARTY/phone/lb-phone/ui/dist/assets/img/icons/maps/mappin.png,15682,03_REVIEW_HEX_PHONE_TIMELINE
server/[phone]/lb-phone/ui/dist/assets/img/dark-mode-placeholder.webp,_REVIEW_THIRD_PARTY/phone/lb-phone/ui/dist/assets/img/dark-mode-placeholder.webp,34540,03_REVIEW_HEX_PHONE_TIMELINE
server/[phone]/lb-phone/ui/dist/assets/img/placeholder-dark.svg,_REVIEW_THIRD_PARTY/phone/lb-phone/ui/dist/assets/img/placeholder-dark.svg,1524,03_REVIEW_HEX_PHONE_TIMELINE
server/[phone]/lb-phone/ui/dist/assets/img/avatar-placeholder-dark.svg,_REVIEW_THIRD_PARTY/phone/lb-phone/ui/dist/assets/img/avatar-placeholder-dark.svg,899,03_REVIEW_HEX_PHONE_TIMELINE
server/[phone]/lb-phone/ui/dist/assets/img/placeholder-light.svg,_REVIEW_THIRD_PARTY/phone/lb-phone/ui/dist/assets/img/placeholder-light.svg,1524,03_REVIEW_HEX_PHONE_TIMELINE
server/[phone]/lb-phone/ui/dist/assets/img/card.png,_REVIEW_THIRD_PARTY/phone/lb-phone/ui/dist/assets/img/card.png,78504,03_REVIEW_HEX_PHONE_TIMELINE
server/[phone]/lb-phone/phone.png,_REVIEW_THIRD_PARTY/phone/lb-phone/phone.png,113896,03_REVIEW_HEX_PHONE_TIMELINE
server/[phone]/hex_lb_radioapp/dist/img/phone_funk/bg.png,_REVIEW_THIRD_PARTY/phone/hex_lb_radioapp/dist/img/phone_funk/bg.png,275109,03_REVIEW_HEX_PHONE_TIMELINE
server/[phone]/hex_lb_radioapp/dist/css/fonts/SFPRODISPLAYSEMIBOLDITALIC.OTF,_REVIEW_THIRD_PARTY/phone/hex_lb_radioapp/dist/css/fonts/SFPRODISPLAYSEMIBOLDITALIC.OTF,159876,03_REVIEW_HEX_PHONE_TIMELINE
server/[phone]/hex_lb_radioapp/dist/css/fonts/SFPRODISPLAYHEAVYITALIC.OTF,_REVIEW_THIRD_PARTY/phone/hex_lb_radioapp/dist/css/fonts/SFPRODISPLAYHEAVYITALIC.OTF,159628,03_REVIEW_HEX_PHONE_TIMELINE
server/[phone]/hex_lb_radioapp/dist/css/fonts/SFPRODISPLAYBLACKITALIC.OTF,_REVIEW_THIRD_PARTY/phone/hex_lb_radioapp/dist/css/fonts/SFPRODISPLAYBLACKITALIC.OTF,146416,03_REVIEW_HEX_PHONE_TIMELINE
server/[phone]/hex_lb_radioapp/dist/css/fonts/SFPRODISPLAYTHINITALIC.OTF,_REVIEW_THIRD_PARTY/phone/hex_lb_radioapp/dist/css/fonts/SFPRODISPLAYTHINITALIC.OTF,157916,03_REVIEW_HEX_PHONE_TIMELINE
server/[phone]/hex_lb_radioapp/dist/css/fonts/SFPRODISPLAYBOLD.OTF,_REVIEW_THIRD_PARTY/phone/hex_lb_radioapp/dist/css/fonts/SFPRODISPLAYBOLD.OTF,334728,03_REVIEW_HEX_PHONE_TIMELINE
server/[phone]/hex_lb_radioapp/dist/css/fonts/SFPRODISPLAYULTRALIGHTITALIC.OTF,_REVIEW_THIRD_PARTY/phone/hex_lb_radioapp/dist/css/fonts/SFPRODISPLAYULTRALIGHTITALIC.OTF,156760,03_REVIEW_HEX_PHONE_TIMELINE
server/[phone]/hex_lb_radioapp/dist/css/fonts/SFPRODISPLAYMEDIUM.OTF,_REVIEW_THIRD_PARTY/phone/hex_lb_radioapp/dist/css/fonts/SFPRODISPLAYMEDIUM.OTF,335512,03_REVIEW_HEX_PHONE_TIMELINE
server/[phone]/hex_lb_radioapp/dist/css/fonts/SFPRODISPLAYREGULAR.OTF,_REVIEW_THIRD_PARTY/phone/hex_lb_radioapp/dist/css/fonts/SFPRODISPLAYREGULAR.OTF,298944,03_REVIEW_HEX_PHONE_TIMELINE
server/[phone]/hex_lb_radioapp/dist/css/fonts/SFPRODISPLAYLIGHTITALIC.OTF,_REVIEW_THIRD_PARTY/phone/hex_lb_radioapp/dist/css/fonts/SFPRODISPLAYLIGHTITALIC.OTF,158892,03_REVIEW_HEX_PHONE_TIMELINE
server/[phone]/hex_lb_dispatchapp/dist/img/phone_dispatch/doj.png,_REVIEW_THIRD_PARTY/phone/hex_lb_dispatchapp/dist/img/phone_dispatch/doj.png,30285,03_REVIEW_HEX_PHONE_TIMELINE
server/[phone]/hex_lb_dispatchapp/dist/img/phone_dispatch/police.png,_REVIEW_THIRD_PARTY/phone/hex_lb_dispatchapp/dist/img/phone_dispatch/police.png,351383,03_REVIEW_HEX_PHONE_TIMELINE
server/[phone]/hex_lb_dispatchapp/dist/img/phone_dispatch/bg.png,_REVIEW_THIRD_PARTY/phone/hex_lb_dispatchapp/dist/img/phone_dispatch/bg.png,123690,03_REVIEW_HEX_PHONE_TIMELINE
server/[phone]/hex_lb_dispatchapp/dist/img/phone_dispatch/lsc.png,_REVIEW_THIRD_PARTY/phone/hex_lb_dispatchapp/dist/img/phone_dispatch/lsc.png,219013,03_REVIEW_HEX_PHONE_TIMELINE
server/[phone]/hex_lb_dispatchapp/dist/img/phone_dispatch/ambulance.png,_REVIEW_THIRD_PARTY/phone/hex_lb_dispatchapp/dist/img/phone_dispatch/ambulance.png,263146,03_REVIEW_HEX_PHONE_TIMELINE
server/[phone]/hex_lb_dispatchapp/dist/img/phone_dispatch/sheriff.png,_REVIEW_THIRD_PARTY/phone/hex_lb_dispatchapp/dist/img/phone_dispatch/sheriff.png,401636,03_REVIEW_HEX_PHONE_TIMELINE
server/[phone]/hex_lb_dispatchapp/dist/img/phone_dispatch/fib.png,_REVIEW_THIRD_PARTY/phone/hex_lb_dispatchapp/dist/img/phone_dispatch/fib.png,131315,03_REVIEW_HEX_PHONE_TIMELINE
server/[timeline-addons]/k5_documents/web/build/mechaniclogo.jpg,_REVIEW_THIRD_PARTY/timeline-addons/k5_documents/web/build/mechaniclogo.jpg,54834,02_REVIEW_ADDONS
server/[timeline-addons]/k5_documents/web/build/static/media/city_logo.008b591a2d4e6445d96c.png,_REVIEW_THIRD_PARTY/timeline-addons/k5_documents/web/build/static/media/city_logo.008b591a2d4e6445d96c.png,285092,02_REVIEW_ADDONS
server/[timeline-addons]/myDj/html/webfonts/Icons/fa-brands-400.svg,_REVIEW_THIRD_PARTY/timeline-addons/myDj/html/webfonts/Icons/fa-brands-400.svg,747545,02_REVIEW_ADDONS
server/[timeline-addons]/myDj/html/webfonts/Icons/fa-brands-400.ttf,_REVIEW_THIRD_PARTY/timeline-addons/myDj/html/webfonts/Icons/fa-brands-400.ttf,136516,02_REVIEW_ADDONS
server/[timeline-addons]/myDj/html/webfonts/Icons/fa-regular-400.eot,_REVIEW_THIRD_PARTY/timeline-addons/myDj/html/webfonts/Icons/fa-regular-400.eot,34350,02_REVIEW_ADDONS
server/[timeline-addons]/myDj/html/webfonts/Icons/fa-regular-400.woff,_REVIEW_THIRD_PARTY/timeline-addons/myDj/html/webfonts/Icons/fa-regular-400.woff,16776,02_REVIEW_ADDONS
server/[timeline-addons]/myDj/html/webfonts/Icons/fa-regular-400.woff2,_REVIEW_THIRD_PARTY/timeline-addons/myDj/html/webfonts/Icons/fa-regular-400.woff2,13588,02_REVIEW_ADDONS
server/[timeline-addons]/myDj/html/webfonts/Icons/fa-solid-900.eot,_REVIEW_THIRD_PARTY/timeline-addons/myDj/html/webfonts/Icons/fa-solid-900.eot,204814,02_REVIEW_ADDONS
server/[timeline-addons]/myDj/html/webfonts/Icons/fa-regular-400.svg,_REVIEW_THIRD_PARTY/timeline-addons/myDj/html/webfonts/Icons/fa-regular-400.svg,144714,02_REVIEW_ADDONS
server/[timeline-addons]/myDj/html/webfonts/Icons/fa-brands-400.eot,_REVIEW_THIRD_PARTY/timeline-addons/myDj/html/webfonts/Icons/fa-brands-400.eot,136822,02_REVIEW_ADDONS
server/[timeline-addons]/myDj/html/webfonts/Icons/fa-brands-400.woff2,_REVIEW_THIRD_PARTY/timeline-addons/myDj/html/webfonts/Icons/fa-brands-400.woff2,78472,02_REVIEW_ADDONS
server/[timeline-addons]/myDj/html/webfonts/Icons/fa-regular-400.ttf,_REVIEW_THIRD_PARTY/timeline-addons/myDj/html/webfonts/Icons/fa-regular-400.ttf,34052,02_REVIEW_ADDONS
server/[timeline-addons]/myDj/html/webfonts/Icons/fa-solid-900.svg,_REVIEW_THIRD_PARTY/timeline-addons/myDj/html/webfonts/Icons/fa-solid-900.svg,917575,02_REVIEW_ADDONS
server/[timeline-addons]/myDj/html/webfonts/Icons/fa-solid-900.woff2,_REVIEW_THIRD_PARTY/timeline-addons/myDj/html/webfonts/Icons/fa-solid-900.woff2,80252,02_REVIEW_ADDONS
server/[timeline-addons]/myDj/html/webfonts/Icons/fa-brands-400.woff,_REVIEW_THIRD_PARTY/timeline-addons/myDj/html/webfonts/Icons/fa-brands-400.woff,92136,02_REVIEW_ADDONS
server/[timeline-addons]/myDj/html/webfonts/Icons/fa-solid-900.woff,_REVIEW_THIRD_PARTY/timeline-addons/myDj/html/webfonts/Icons/fa-solid-900.woff,104280,02_REVIEW_ADDONS
server/[timeline-addons]/myDj/html/webfonts/Icons/fa-solid-900.ttf,_REVIEW_THIRD_PARTY/timeline-addons/myDj/html/webfonts/Icons/fa-solid-900.ttf,204528,02_REVIEW_ADDONS
server/[timeline-addons]/myDj/html/img/djpult.png,_REVIEW_THIRD_PARTY/timeline-addons/myDj/html/img/djpult.png,142874,02_REVIEW_ADDONS
server/[timeline-addons]/jg-handling/web/dist/jg-logo.png,_REVIEW_THIRD_PARTY/timeline-addons/jg-handling/web/dist/jg-logo.png,5346,02_REVIEW_ADDONS
server/[timeline-addons]/jg-handling/web/dist/jg-timing-box-v2.png,_REVIEW_THIRD_PARTY/timeline-addons/jg-handling/web/dist/jg-timing-box-v2.png,31900,02_REVIEW_ADDONS
server/[timeline-addons]/cds_farming/html/assets/fonts/Orbitron-Medium.ttf,_REVIEW_THIRD_PARTY/timeline-addons/cds_farming/html/assets/fonts/Orbitron-Medium.ttf,24412,02_REVIEW_ADDONS
server/[timeline-addons]/cds_farming/html/assets/fonts/Orbitron-ExtraBold.ttf,_REVIEW_THIRD_PARTY/timeline-addons/cds_farming/html/assets/fonts/Orbitron-ExtraBold.ttf,24368,02_REVIEW_ADDONS
server/[timeline-addons]/cds_farming/html/assets/fonts/Orbitron-SemiBold.ttf,_REVIEW_THIRD_PARTY/timeline-addons/cds_farming/html/assets/fonts/Orbitron-SemiBold.ttf,24400,02_REVIEW_ADDONS
server/[timeline-addons]/cds_farming/html/assets/fonts/Orbitron-Regular.ttf,_REVIEW_THIRD_PARTY/timeline-addons/cds_farming/html/assets/fonts/Orbitron-Regular.ttf,24368,02_REVIEW_ADDONS
server/[timeline-addons]/cds_farming/html/assets/fonts/Orbitron-Bold.ttf,_REVIEW_THIRD_PARTY/timeline-addons/cds_farming/html/assets/fonts/Orbitron-Bold.ttf,24308,02_REVIEW_ADDONS
server/[timeline-addons]/cds_farming/html/assets/fonts/Orbitron-Black.ttf,_REVIEW_THIRD_PARTY/timeline-addons/cds_farming/html/assets/fonts/Orbitron-Black.ttf,23048,02_REVIEW_ADDONS
server/[timeline-addons]/cds_farming/html/assets/img/item-money.svg,_REVIEW_THIRD_PARTY/timeline-addons/cds_farming/html/assets/img/item-money.svg,399,02_REVIEW_ADDONS
server/[timeline-addons]/cds_farming/html/assets/img/bg.png,_REVIEW_THIRD_PARTY/timeline-addons/cds_farming/html/assets/img/bg.png,3305244,02_REVIEW_ADDONS
server/[timeline-addons]/cds_farming/html/assets/img/item-input.svg,_REVIEW_THIRD_PARTY/timeline-addons/cds_farming/html/assets/img/item-input.svg,399,02_REVIEW_ADDONS
server/[timeline-addons]/cds_farming/html/assets/img/item-default.svg,_REVIEW_THIRD_PARTY/timeline-addons/cds_farming/html/assets/img/item-default.svg,2321,02_REVIEW_ADDONS
server/[timeline-addons]/cds_farming/html/assets/img/logo.png,_REVIEW_THIRD_PARTY/timeline-addons/cds_farming/html/assets/img/logo.png,204180,02_REVIEW_ADDONS
server/[timeline-addons]/cds_farming/html/assets/img/item-output.svg,_REVIEW_THIRD_PARTY/timeline-addons/cds_farming/html/assets/img/item-output.svg,399,02_REVIEW_ADDONS
server/[timeline-addons]/rtx_tv/html/media/exampleaudio.mp3,_REVIEW_THIRD_PARTY/timeline-addons/rtx_tv/html/media/exampleaudio.mp3,3390484,02_REVIEW_ADDONS
server/[timeline-addons]/rtx_tv/html/media/examplevideo.mp4,_REVIEW_THIRD_PARTY/timeline-addons/rtx_tv/html/media/examplevideo.mp4,5378062,02_REVIEW_ADDONS
server/[timeline-addons]/rtx_tv/html/BebasNeueBold.ttf,_REVIEW_THIRD_PARTY/timeline-addons/rtx_tv/html/BebasNeueBold.ttf,103880,02_REVIEW_ADDONS
server/[timeline-addons]/rtx_tv/html/img/close.png,_REVIEW_THIRD_PARTY/timeline-addons/rtx_tv/html/img/close.png,757,02_REVIEW_ADDONS
server/[timeline-addons]/17mov_VehicleDirtSystem/installation/images/mov_advanced_wax.png,_REVIEW_THIRD_PARTY/timeline-addons/17mov_VehicleDirtSystem/installation/images/mov_advanced_wax.png,6102,02_REVIEW_ADDONS
server/[timeline-addons]/17mov_VehicleDirtSystem/installation/images/mov_basic_wax.png,_REVIEW_THIRD_PARTY/timeline-addons/17mov_VehicleDirtSystem/installation/images/mov_basic_wax.png,5872,02_REVIEW_ADDONS
server/[timeline-addons]/17mov_VehicleDirtSystem/installation/images/mov_advanced_ceramic.png,_REVIEW_THIRD_PARTY/timeline-addons/17mov_VehicleDirtSystem/installation/images/mov_advanced_ceramic.png,6237,02_REVIEW_ADDONS
server/[timeline-addons]/17mov_VehicleDirtSystem/installation/images/mov_basic_ceramic.png,_REVIEW_THIRD_PARTY/timeline-addons/17mov_VehicleDirtSystem/installation/images/mov_basic_ceramic.png,6072,02_REVIEW_ADDONS
server/[timeline-addons]/17mov_VehicleDirtSystem/web/assets/fonts/Akrobat/Akrobat-Light.ttf,_REVIEW_THIRD_PARTY/timeline-addons/17mov_VehicleDirtSystem/web/assets/fonts/Akrobat/Akrobat-Light.ttf,84300,02_REVIEW_ADDONS
server/[timeline-addons]/17mov_VehicleDirtSystem/web/assets/fonts/Akrobat/Akrobat-Regular.ttf,_REVIEW_THIRD_PARTY/timeline-addons/17mov_VehicleDirtSystem/web/assets/fonts/Akrobat/Akrobat-Regular.ttf,83892,02_REVIEW_ADDONS
server/[timeline-addons]/17mov_VehicleDirtSystem/web/assets/fonts/Akrobat/Akrobat-Black.ttf,_REVIEW_THIRD_PARTY/timeline-addons/17mov_VehicleDirtSystem/web/assets/fonts/Akrobat/Akrobat-Black.ttf,88344,02_REVIEW_ADDONS
server/[timeline-addons]/17mov_VehicleDirtSystem/web/assets/fonts/Akrobat/Akrobat-SemiBold.ttf,_REVIEW_THIRD_PARTY/timeline-addons/17mov_VehicleDirtSystem/web/assets/fonts/Akrobat/Akrobat-SemiBold.ttf,87412,02_REVIEW_ADDONS
server/[timeline-addons]/17mov_VehicleDirtSystem/web/assets/fonts/Akrobat/Akrobat-ExtraBold.ttf,_REVIEW_THIRD_PARTY/timeline-addons/17mov_VehicleDirtSystem/web/assets/fonts/Akrobat/Akrobat-ExtraBold.ttf,89412,02_REVIEW_ADDONS
server/[timeline-addons]/17mov_VehicleDirtSystem/web/assets/fonts/Akrobat/Akrobat-Bold.ttf,_REVIEW_THIRD_PARTY/timeline-addons/17mov_VehicleDirtSystem/web/assets/fonts/Akrobat/Akrobat-Bold.ttf,88272,02_REVIEW_ADDONS
server/[timeline-addons]/17mov_VehicleDirtSystem/web/assets/fonts/Akrobat/Akrobat-ExtraLight.ttf,_REVIEW_THIRD_PARTY/timeline-addons/17mov_VehicleDirtSystem/web/assets/fonts/Akrobat/Akrobat-ExtraLight.ttf,84364,02_REVIEW_ADDONS
server/[timeline-addons]/17mov_VehicleDirtSystem/web/assets/fonts/Akrobat/Akrobat-Thin.ttf,_REVIEW_THIRD_PARTY/timeline-addons/17mov_VehicleDirtSystem/web/assets/fonts/Akrobat/Akrobat-Thin.ttf,84808,02_REVIEW_ADDONS
server/[timeline-addons]/17mov_VehicleDirtSystem/web/assets/fonts/Morganite/Morganite-Book.woff,_REVIEW_THIRD_PARTY/timeline-addons/17mov_VehicleDirtSystem/web/assets/fonts/Morganite/Morganite-Book.woff,36804,02_REVIEW_ADDONS
server/[timeline-addons]/17mov_VehicleDirtSystem/web/assets/fonts/Morganite/Morganite-ExtraBoldItalic.woff,_REVIEW_THIRD_PARTY/timeline-addons/17mov_VehicleDirtSystem/web/assets/fonts/Morganite/Morganite-ExtraBoldItalic.woff,33304,02_REVIEW_ADDONS
server/[timeline-addons]/17mov_VehicleDirtSystem/web/assets/fonts/Morganite/Morganite-BoldItalic.woff,_REVIEW_THIRD_PARTY/timeline-addons/17mov_VehicleDirtSystem/web/assets/fonts/Morganite/Morganite-BoldItalic.woff,34208,02_REVIEW_ADDONS
server/[timeline-addons]/17mov_VehicleDirtSystem/web/assets/fonts/Morganite/Morganite-SemiBoldItalic.woff,_REVIEW_THIRD_PARTY/timeline-addons/17mov_VehicleDirtSystem/web/assets/fonts/Morganite/Morganite-SemiBoldItalic.woff,33508,02_REVIEW_ADDONS
server/[timeline-addons]/17mov_VehicleDirtSystem/web/assets/fonts/Morganite/Morganite-ExtraLight.woff,_REVIEW_THIRD_PARTY/timeline-addons/17mov_VehicleDirtSystem/web/assets/fonts/Morganite/Morganite-ExtraLight.woff,34612,02_REVIEW_ADDONS
server/[timeline-addons]/17mov_VehicleDirtSystem/web/assets/fonts/Morganite/Morganite-Bold.woff,_REVIEW_THIRD_PARTY/timeline-addons/17mov_VehicleDirtSystem/web/assets/fonts/Morganite/Morganite-Bold.woff,36848,02_REVIEW_ADDONS
server/[timeline-addons]/17mov_VehicleDirtSystem/web/assets/fonts/Morganite/Morganite-MediumItalic.woff,_REVIEW_THIRD_PARTY/timeline-addons/17mov_VehicleDirtSystem/web/assets/fonts/Morganite/Morganite-MediumItalic.woff,33336,02_REVIEW_ADDONS
server/[timeline-addons]/17mov_VehicleDirtSystem/web/assets/fonts/Morganite/Morganite-SemiBold.woff,_REVIEW_THIRD_PARTY/timeline-addons/17mov_VehicleDirtSystem/web/assets/fonts/Morganite/Morganite-SemiBold.woff,36976,02_REVIEW_ADDONS
server/[timeline-addons]/17mov_VehicleDirtSystem/web/assets/fonts/Morganite/Morganite-ExtraLightItalic.woff,_REVIEW_THIRD_PARTY/timeline-addons/17mov_VehicleDirtSystem/web/assets/fonts/Morganite/Morganite-ExtraLightItalic.woff,32680,02_REVIEW_ADDONS
server/[timeline-addons]/17mov_VehicleDirtSystem/web/assets/fonts/Morganite/Morganite-ExtraBold.woff,_REVIEW_THIRD_PARTY/timeline-addons/17mov_VehicleDirtSystem/web/assets/fonts/Morganite/Morganite-ExtraBold.woff,36456,02_REVIEW_ADDONS
server/[timeline-addons]/17mov_VehicleDirtSystem/web/assets/fonts/Morganite/Morganite-Black.woff,_REVIEW_THIRD_PARTY/timeline-addons/17mov_VehicleDirtSystem/web/assets/fonts/Morganite/Morganite-Black.woff,36924,02_REVIEW_ADDONS
server/[timeline-addons]/17mov_VehicleDirtSystem/web/assets/fonts/Morganite/Morganite-Light.woff,_REVIEW_THIRD_PARTY/timeline-addons/17mov_VehicleDirtSystem/web/assets/fonts/Morganite/Morganite-Light.woff,36056,02_REVIEW_ADDONS
server/[timeline-addons]/17mov_VehicleDirtSystem/web/assets/fonts/Morganite/Morganite-Medium.woff,_REVIEW_THIRD_PARTY/timeline-addons/17mov_VehicleDirtSystem/web/assets/fonts/Morganite/Morganite-Medium.woff,36328,02_REVIEW_ADDONS
server/[timeline-addons]/17mov_VehicleDirtSystem/web/assets/fonts/Morganite/Morganite-BlackItalic.woff,_REVIEW_THIRD_PARTY/timeline-addons/17mov_VehicleDirtSystem/web/assets/fonts/Morganite/Morganite-BlackItalic.woff,33112,02_REVIEW_ADDONS
server/[timeline-addons]/17mov_VehicleDirtSystem/web/assets/fonts/Morganite/Morganite-BookItalic.woff,_REVIEW_THIRD_PARTY/timeline-addons/17mov_VehicleDirtSystem/web/assets/fonts/Morganite/Morganite-BookItalic.woff,33456,02_REVIEW_ADDONS
server/[timeline-addons]/17mov_VehicleDirtSystem/web/assets/fonts/Morganite/Morganite-LightItalic.woff,_REVIEW_THIRD_PARTY/timeline-addons/17mov_VehicleDirtSystem/web/assets/fonts/Morganite/Morganite-LightItalic.woff,33592,02_REVIEW_ADDONS
server/[timeline-addons]/17mov_VehicleDirtSystem/web/assets/fonts/Morganite/Morganite-ThinItalic.woff,_REVIEW_THIRD_PARTY/timeline-addons/17mov_VehicleDirtSystem/web/assets/fonts/Morganite/Morganite-ThinItalic.woff,31496,02_REVIEW_ADDONS
server/[timeline-addons]/17mov_VehicleDirtSystem/web/assets/fonts/Morganite/Morganite-Thin.woff,_REVIEW_THIRD_PARTY/timeline-addons/17mov_VehicleDirtSystem/web/assets/fonts/Morganite/Morganite-Thin.woff,30340,02_REVIEW_ADDONS
server/[timeline-addons]/17mov_VehicleDirtSystem/web/assets/fonts/Montserrat/Montserrat-Regular.ttf,_REVIEW_THIRD_PARTY/timeline-addons/17mov_VehicleDirtSystem/web/assets/fonts/Montserrat/Montserrat-Regular.ttf,197976,02_REVIEW_ADDONS
server/[timeline-addons]/17mov_VehicleDirtSystem/web/assets/fonts/Montserrat/Montserrat-Bold.ttf,_REVIEW_THIRD_PARTY/timeline-addons/17mov_VehicleDirtSystem/web/assets/fonts/Montserrat/Montserrat-Bold.ttf,198072,02_REVIEW_ADDONS
server/[timeline-addons]/17mov_VehicleDirtSystem/web/assets/fonts/Gilroy/Gilroy-MediumItalic.ttf,_REVIEW_THIRD_PARTY/timeline-addons/17mov_VehicleDirtSystem/web/assets/fonts/Gilroy/Gilroy-MediumItalic.ttf,158800,02_REVIEW_ADDONS
server/[timeline-addons]/17mov_VehicleDirtSystem/web/assets/fonts/Gilroy/Gilroy-ExtraBoldItalic.ttf,_REVIEW_THIRD_PARTY/timeline-addons/17mov_VehicleDirtSystem/web/assets/fonts/Gilroy/Gilroy-ExtraBoldItalic.ttf,145560,02_REVIEW_ADDONS
server/[timeline-addons]/17mov_VehicleDirtSystem/web/assets/fonts/Gilroy/Gilroy-LightItalic.ttf,_REVIEW_THIRD_PARTY/timeline-addons/17mov_VehicleDirtSystem/web/assets/fonts/Gilroy/Gilroy-LightItalic.ttf,163840,02_REVIEW_ADDONS
server/[timeline-addons]/17mov_VehicleDirtSystem/web/assets/fonts/Gilroy/Gilroy-UltraLight.ttf,_REVIEW_THIRD_PARTY/timeline-addons/17mov_VehicleDirtSystem/web/assets/fonts/Gilroy/Gilroy-UltraLight.ttf,149692,02_REVIEW_ADDONS
server/[timeline-addons]/17mov_VehicleDirtSystem/web/assets/fonts/Gilroy/Gilroy-ThinItalic.ttf,_REVIEW_THIRD_PARTY/timeline-addons/17mov_VehicleDirtSystem/web/assets/fonts/Gilroy/Gilroy-ThinItalic.ttf,166064,02_REVIEW_ADDONS
server/[timeline-addons]/17mov_VehicleDirtSystem/web/assets/fonts/Gilroy/Gilroy-ExtraBold.ttf,_REVIEW_THIRD_PARTY/timeline-addons/17mov_VehicleDirtSystem/web/assets/fonts/Gilroy/Gilroy-ExtraBold.ttf,133044,02_REVIEW_ADDONS
server/[timeline-addons]/17mov_VehicleDirtSystem/web/assets/fonts/Gilroy/Gilroy-Light.ttf,_REVIEW_THIRD_PARTY/timeline-addons/17mov_VehicleDirtSystem/web/assets/fonts/Gilroy/Gilroy-Light.ttf,147128,02_REVIEW_ADDONS
server/[timeline-addons]/17mov_VehicleDirtSystem/web/assets/fonts/Gilroy/Gilroy-Heavy.ttf,_REVIEW_THIRD_PARTY/timeline-addons/17mov_VehicleDirtSystem/web/assets/fonts/Gilroy/Gilroy-Heavy.ttf,126880,02_REVIEW_ADDONS
server/[timeline-addons]/17mov_VehicleDirtSystem/web/assets/fonts/Gilroy/Gilroy-Black.ttf,_REVIEW_THIRD_PARTY/timeline-addons/17mov_VehicleDirtSystem/web/assets/fonts/Gilroy/Gilroy-Black.ttf,131924,02_REVIEW_ADDONS
server/[timeline-addons]/17mov_VehicleDirtSystem/web/assets/fonts/Gilroy/Gilroy-Bold.ttf,_REVIEW_THIRD_PARTY/timeline-addons/17mov_VehicleDirtSystem/web/assets/fonts/Gilroy/Gilroy-Bold.ttf,137256,02_REVIEW_ADDONS
server/[timeline-addons]/17mov_VehicleDirtSystem/web/assets/fonts/Gilroy/Gilroy-Thin.ttf,_REVIEW_THIRD_PARTY/timeline-addons/17mov_VehicleDirtSystem/web/assets/fonts/Gilroy/Gilroy-Thin.ttf,150092,02_REVIEW_ADDONS
server/[timeline-addons]/17mov_VehicleDirtSystem/web/assets/fonts/Gilroy/Gilroy-BoldItalic.ttf,_REVIEW_THIRD_PARTY/timeline-addons/17mov_VehicleDirtSystem/web/assets/fonts/Gilroy/Gilroy-BoldItalic.ttf,150396,02_REVIEW_ADDONS
server/[timeline-addons]/17mov_VehicleDirtSystem/web/assets/fonts/Gilroy/Gilroy-SemiBoldItalic.ttf,_REVIEW_THIRD_PARTY/timeline-addons/17mov_VehicleDirtSystem/web/assets/fonts/Gilroy/Gilroy-SemiBoldItalic.ttf,153272,02_REVIEW_ADDONS
server/[timeline-addons]/17mov_VehicleDirtSystem/web/assets/fonts/Gilroy/Gilroy-Regular.ttf,_REVIEW_THIRD_PARTY/timeline-addons/17mov_VehicleDirtSystem/web/assets/fonts/Gilroy/Gilroy-Regular.ttf,145148,02_REVIEW_ADDONS
server/[timeline-addons]/17mov_VehicleDirtSystem/web/assets/fonts/Gilroy/Gilroy-RegularItalic.ttf,_REVIEW_THIRD_PARTY/timeline-addons/17mov_VehicleDirtSystem/web/assets/fonts/Gilroy/Gilroy-RegularItalic.ttf,163684,02_REVIEW_ADDONS
server/[timeline-addons]/17mov_VehicleDirtSystem/web/assets/fonts/Gilroy/Gilroy-BlackItalic.ttf,_REVIEW_THIRD_PARTY/timeline-addons/17mov_VehicleDirtSystem/web/assets/fonts/Gilroy/Gilroy-BlackItalic.ttf,139308,02_REVIEW_ADDONS
server/[timeline-addons]/17mov_VehicleDirtSystem/web/assets/fonts/Gilroy/Gilroy-UltraLightItalic.ttf,_REVIEW_THIRD_PARTY/timeline-addons/17mov_VehicleDirtSystem/web/assets/fonts/Gilroy/Gilroy-UltraLightItalic.ttf,167608,02_REVIEW_ADDONS
server/[timeline-addons]/17mov_VehicleDirtSystem/web/assets/fonts/Gilroy/Gilroy-Medium.ttf,_REVIEW_THIRD_PARTY/timeline-addons/17mov_VehicleDirtSystem/web/assets/fonts/Gilroy/Gilroy-Medium.ttf,143724,02_REVIEW_ADDONS
server/[timeline-addons]/17mov_VehicleDirtSystem/web/assets/fonts/Gilroy/Gilroy-SemiBold.ttf,_REVIEW_THIRD_PARTY/timeline-addons/17mov_VehicleDirtSystem/web/assets/fonts/Gilroy/Gilroy-SemiBold.ttf,139820,02_REVIEW_ADDONS
server/[timeline-addons]/17mov_VehicleDirtSystem/web/assets/fonts/Gilroy/Gilroy-HeavyItalic.ttf,_REVIEW_THIRD_PARTY/timeline-addons/17mov_VehicleDirtSystem/web/assets/fonts/Gilroy/Gilroy-HeavyItalic.ttf,135324,02_REVIEW_ADDONS
server/[timeline-addons]/17mov_VehicleDirtSystem/web/assets/images/mov_advanced_wax.png,_REVIEW_THIRD_PARTY/timeline-addons/17mov_VehicleDirtSystem/web/assets/images/mov_advanced_wax.png,6102,02_REVIEW_ADDONS
server/[timeline-addons]/17mov_VehicleDirtSystem/web/assets/images/mud_texture.png,_REVIEW_THIRD_PARTY/timeline-addons/17mov_VehicleDirtSystem/web/assets/images/mud_texture.png,2168649,02_REVIEW_ADDONS
server/[timeline-addons]/17mov_VehicleDirtSystem/web/assets/images/mouseicon.svg,_REVIEW_THIRD_PARTY/timeline-addons/17mov_VehicleDirtSystem/web/assets/images/mouseicon.svg,1561,02_REVIEW_ADDONS
server/[timeline-addons]/17mov_VehicleDirtSystem/web/assets/images/BasketIcon.svg,_REVIEW_THIRD_PARTY/timeline-addons/17mov_VehicleDirtSystem/web/assets/images/BasketIcon.svg,3964,02_REVIEW_ADDONS
server/[timeline-addons]/17mov_VehicleDirtSystem/web/assets/images/DecorationLines.svg,_REVIEW_THIRD_PARTY/timeline-addons/17mov_VehicleDirtSystem/web/assets/images/DecorationLines.svg,546,02_REVIEW_ADDONS
server/[timeline-addons]/17mov_VehicleDirtSystem/web/assets/images/mov_basic_wax.png,_REVIEW_THIRD_PARTY/timeline-addons/17mov_VehicleDirtSystem/web/assets/images/mov_basic_wax.png,5872,02_REVIEW_ADDONS
server/[timeline-addons]/17mov_VehicleDirtSystem/web/assets/images/mov_advanced_ceramic.png,_REVIEW_THIRD_PARTY/timeline-addons/17mov_VehicleDirtSystem/web/assets/images/mov_advanced_ceramic.png,6237,02_REVIEW_ADDONS
server/[timeline-addons]/17mov_VehicleDirtSystem/web/assets/images/vehicle_generic_tyrewall_dirt.png,_REVIEW_THIRD_PARTY/timeline-addons/17mov_VehicleDirtSystem/web/assets/images/vehicle_generic_tyrewall_dirt.png,309615,02_REVIEW_ADDONS
server/[timeline-addons]/17mov_VehicleDirtSystem/web/assets/images/TrashIcon.svg,_REVIEW_THIRD_PARTY/timeline-addons/17mov_VehicleDirtSystem/web/assets/images/TrashIcon.svg,2423,02_REVIEW_ADDONS
server/[timeline-addons]/17mov_VehicleDirtSystem/web/assets/images/lines.png,_REVIEW_THIRD_PARTY/timeline-addons/17mov_VehicleDirtSystem/web/assets/images/lines.png,10760,02_REVIEW_ADDONS
server/[timeline-addons]/17mov_VehicleDirtSystem/web/assets/images/mov_basic_ceramic.png,_REVIEW_THIRD_PARTY/timeline-addons/17mov_VehicleDirtSystem/web/assets/images/mov_basic_ceramic.png,6072,02_REVIEW_ADDONS
server/[timeline-addons]/17mov_VehicleDirtSystem/web/assets/images/background.png,_REVIEW_THIRD_PARTY/timeline-addons/17mov_VehicleDirtSystem/web/assets/images/background.png,3112467,02_REVIEW_ADDONS
server/[timeline-addons]/hex_3_vehicleshop/html/img/cash-icon.svg,_REVIEW_THIRD_PARTY/timeline-addons/hex_3_vehicleshop/html/img/cash-icon.svg,195586,02_REVIEW_ADDONS
server/[timeline-addons]/hex_3_vehicleshop/html/img/item_bg-2.svg,_REVIEW_THIRD_PARTY/timeline-addons/hex_3_vehicleshop/html/img/item_bg-2.svg,503,02_REVIEW_ADDONS
server/[timeline-addons]/hex_3_vehicleshop/html/img/shapes.svg,_REVIEW_THIRD_PARTY/timeline-addons/hex_3_vehicleshop/html/img/shapes.svg,1376,02_REVIEW_ADDONS
server/[timeline-addons]/hex_3_vehicleshop/html/img/header_car.svg,_REVIEW_THIRD_PARTY/timeline-addons/hex_3_vehicleshop/html/img/header_car.svg,86073,02_REVIEW_ADDONS
server/[timeline-addons]/hex_3_vehicleshop/html/img/item_bg.svg,_REVIEW_THIRD_PARTY/timeline-addons/hex_3_vehicleshop/html/img/item_bg.svg,521,02_REVIEW_ADDONS
server/[timeline-addons]/kq_outfitbag/html/fonts/quicksand.ttf,_REVIEW_THIRD_PARTY/timeline-addons/kq_outfitbag/html/fonts/quicksand.ttf,124884,02_REVIEW_ADDONS
server/[timeline-addons]/kq_outfitbag/html/img/outfitbag.png,_REVIEW_THIRD_PARTY/timeline-addons/kq_outfitbag/html/img/outfitbag.png,1437188,02_REVIEW_ADDONS
server/[timeline-addons]/kq_outfitbag/html/img/trash.png,_REVIEW_THIRD_PARTY/timeline-addons/kq_outfitbag/html/img/trash.png,4385,02_REVIEW_ADDONS
server/[timeline-addons]/kq_outfitbag/_qb_setup/kq_outfitbag.png,_REVIEW_THIRD_PARTY/timeline-addons/kq_outfitbag/_qb_setup/kq_outfitbag.png,77474,02_REVIEW_ADDONS
server/[timeline-addons]/hex_3_warehouse/html/img/icon_bg.svg,_REVIEW_THIRD_PARTY/timeline-addons/hex_3_warehouse/html/img/icon_bg.svg,519,02_REVIEW_ADDONS
server/[timeline-addons]/hex_3_warehouse/html/img/sell.svg,_REVIEW_THIRD_PARTY/timeline-addons/hex_3_warehouse/html/img/sell.svg,174399,02_REVIEW_ADDONS
server/[timeline-addons]/hex_3_warehouse/html/img/storages/storage_1.png,_REVIEW_THIRD_PARTY/timeline-addons/hex_3_warehouse/html/img/storages/storage_1.png,873306,02_REVIEW_ADDONS
server/[timeline-addons]/hex_3_warehouse/html/img/storages/storage_2.png,_REVIEW_THIRD_PARTY/timeline-addons/hex_3_warehouse/html/img/storages/storage_2.png,764063,02_REVIEW_ADDONS
server/[timeline-addons]/hex_3_warehouse/html/img/storages/storage_3.png,_REVIEW_THIRD_PARTY/timeline-addons/hex_3_warehouse/html/img/storages/storage_3.png,803018,02_REVIEW_ADDONS
server/[timeline-addons]/hex_3_warehouse/html/img/shapes.svg,_REVIEW_THIRD_PARTY/timeline-addons/hex_3_warehouse/html/img/shapes.svg,1376,02_REVIEW_ADDONS
server/[timeline-addons]/hex_3_warehouse/html/img/storage_img-hall.svg,_REVIEW_THIRD_PARTY/timeline-addons/hex_3_warehouse/html/img/storage_img-hall.svg,121850,02_REVIEW_ADDONS
server/[timeline-addons]/hex_3_warehouse/html/img/items/money.png,_REVIEW_THIRD_PARTY/timeline-addons/hex_3_warehouse/html/img/items/money.png,175390,02_REVIEW_ADDONS
server/[timeline-addons]/hex_3_warehouse/html/img/item_bg.svg,_REVIEW_THIRD_PARTY/timeline-addons/hex_3_warehouse/html/img/item_bg.svg,894,02_REVIEW_ADDONS
server/[timeline-addons]/hex_3_warehouse/html/img/backpack.svg,_REVIEW_THIRD_PARTY/timeline-addons/hex_3_warehouse/html/img/backpack.svg,126663,02_REVIEW_ADDONS
server/[timeline-addons]/hex_3_warehouse/html/img/login_lock.svg,_REVIEW_THIRD_PARTY/timeline-addons/hex_3_warehouse/html/img/login_lock.svg,118310,02_REVIEW_ADDONS
server/[timeline-addons]/hex_3_warehouse/html/img/login.svg,_REVIEW_THIRD_PARTY/timeline-addons/hex_3_warehouse/html/img/login.svg,95161,02_REVIEW_ADDONS
server/[timeline-addons]/hex_3_warehouse/html/img/warning.svg,_REVIEW_THIRD_PARTY/timeline-addons/hex_3_warehouse/html/img/warning.svg,65048,02_REVIEW_ADDONS
server/[timeline-addons]/CDS-Boombox/boombox/[InventoryImage]/boombox.png,_REVIEW_THIRD_PARTY/timeline-addons/CDS-Boombox/boombox/[InventoryImage]/boombox.png,46063,02_REVIEW_ADDONS
server/[timeline-addons]/CDS-Boombox/html/fonts/Orbitron-Medium.ttf,_REVIEW_THIRD_PARTY/timeline-addons/CDS-Boombox/html/fonts/Orbitron-Medium.ttf,24412,02_REVIEW_ADDONS
server/[timeline-addons]/CDS-Boombox/html/fonts/Orbitron-ExtraBold.ttf,_REVIEW_THIRD_PARTY/timeline-addons/CDS-Boombox/html/fonts/Orbitron-ExtraBold.ttf,24368,02_REVIEW_ADDONS
server/[timeline-addons]/CDS-Boombox/html/fonts/Orbitron-SemiBold.ttf,_REVIEW_THIRD_PARTY/timeline-addons/CDS-Boombox/html/fonts/Orbitron-SemiBold.ttf,24400,02_REVIEW_ADDONS
server/[timeline-addons]/CDS-Boombox/html/fonts/Orbitron-Regular.ttf,_REVIEW_THIRD_PARTY/timeline-addons/CDS-Boombox/html/fonts/Orbitron-Regular.ttf,24368,02_REVIEW_ADDONS
server/[timeline-addons]/CDS-Boombox/html/fonts/Orbitron-Bold.ttf,_REVIEW_THIRD_PARTY/timeline-addons/CDS-Boombox/html/fonts/Orbitron-Bold.ttf,24308,02_REVIEW_ADDONS
server/[timeline-addons]/CDS-Boombox/html/fonts/Orbitron-Black.ttf,_REVIEW_THIRD_PARTY/timeline-addons/CDS-Boombox/html/fonts/Orbitron-Black.ttf,23048,02_REVIEW_ADDONS
server/[timeline-addons]/CDS-Boombox/html/images/PLAYLIST3.png,_REVIEW_THIRD_PARTY/timeline-addons/CDS-Boombox/html/images/PLAYLIST3.png,9137,02_REVIEW_ADDONS
server/[timeline-addons]/CDS-Boombox/html/images/play.png,_REVIEW_THIRD_PARTY/timeline-addons/CDS-Boombox/html/images/play.png,494,02_REVIEW_ADDONS
server/[timeline-addons]/CDS-Boombox/html/images/playlistPP.png,_REVIEW_THIRD_PARTY/timeline-addons/CDS-Boombox/html/images/playlistPP.png,6881,02_REVIEW_ADDONS
server/[timeline-addons]/CDS-Boombox/html/images/PlayListbigPP.png,_REVIEW_THIRD_PARTY/timeline-addons/CDS-Boombox/html/images/PlayListbigPP.png,110252,02_REVIEW_ADDONS
server/[timeline-addons]/CDS-Boombox/html/images/home-1.png,_REVIEW_THIRD_PARTY/timeline-addons/CDS-Boombox/html/images/home-1.png,303,02_REVIEW_ADDONS
server/[timeline-addons]/CDS-Boombox/html/images/rightArrow.png,_REVIEW_THIRD_PARTY/timeline-addons/CDS-Boombox/html/images/rightArrow.png,259,02_REVIEW_ADDONS
server/[timeline-addons]/CDS-Boombox/html/images/plus.png,_REVIEW_THIRD_PARTY/timeline-addons/CDS-Boombox/html/images/plus.png,234,02_REVIEW_ADDONS
server/[timeline-addons]/CDS-Boombox/html/images/miniPlay.png,_REVIEW_THIRD_PARTY/timeline-addons/CDS-Boombox/html/images/miniPlay.png,989,02_REVIEW_ADDONS
server/[timeline-addons]/CDS-Boombox/html/images/miniPP.png,_REVIEW_THIRD_PARTY/timeline-addons/CDS-Boombox/html/images/miniPP.png,4222,02_REVIEW_ADDONS
server/[timeline-addons]/CDS-Boombox/html/images/bell.png,_REVIEW_THIRD_PARTY/timeline-addons/CDS-Boombox/html/images/bell.png,334,02_REVIEW_ADDONS
server/[timeline-addons]/CDS-Boombox/html/images/random-2.png,_REVIEW_THIRD_PARTY/timeline-addons/CDS-Boombox/html/images/random-2.png,504,02_REVIEW_ADDONS
server/[timeline-addons]/CDS-Boombox/html/images/twentyFoto.png,_REVIEW_THIRD_PARTY/timeline-addons/CDS-Boombox/html/images/twentyFoto.png,213727,02_REVIEW_ADDONS
server/[timeline-addons]/CDS-Boombox/html/images/cpya.png,_REVIEW_THIRD_PARTY/timeline-addons/CDS-Boombox/html/images/cpya.png,1349476,02_REVIEW_ADDONS
server/[timeline-addons]/CDS-Boombox/html/images/replay-1.png,_REVIEW_THIRD_PARTY/timeline-addons/CDS-Boombox/html/images/replay-1.png,321,02_REVIEW_ADDONS
server/[timeline-addons]/CDS-Boombox/html/images/uygur.png,_REVIEW_THIRD_PARTY/timeline-addons/CDS-Boombox/html/images/uygur.png,7146,02_REVIEW_ADDONS
server/[timeline-addons]/CDS-Boombox/html/images/dots.png,_REVIEW_THIRD_PARTY/timeline-addons/CDS-Boombox/html/images/dots.png,198,02_REVIEW_ADDONS
server/[timeline-addons]/CDS-Boombox/html/images/library-2.png,_REVIEW_THIRD_PARTY/timeline-addons/CDS-Boombox/html/images/library-2.png,207,02_REVIEW_ADDONS
server/[timeline-addons]/CDS-Boombox/html/images/library-1.png,_REVIEW_THIRD_PARTY/timeline-addons/CDS-Boombox/html/images/library-1.png,248,02_REVIEW_ADDONS
server/[timeline-addons]/CDS-Boombox/html/images/exit.png,_REVIEW_THIRD_PARTY/timeline-addons/CDS-Boombox/html/images/exit.png,464,02_REVIEW_ADDONS
server/[timeline-addons]/CDS-Boombox/html/images/menu-tick.png,_REVIEW_THIRD_PARTY/timeline-addons/CDS-Boombox/html/images/menu-tick.png,453,02_REVIEW_ADDONS
server/[timeline-addons]/CDS-Boombox/html/images/after.png,_REVIEW_THIRD_PARTY/timeline-addons/CDS-Boombox/html/images/after.png,297,02_REVIEW_ADDONS
server/[timeline-addons]/CDS-Boombox/html/images/smallSearch.png,_REVIEW_THIRD_PARTY/timeline-addons/CDS-Boombox/html/images/smallSearch.png,386,02_REVIEW_ADDONS
server/[timeline-addons]/CDS-Boombox/html/images/settings.png,_REVIEW_THIRD_PARTY/timeline-addons/CDS-Boombox/html/images/settings.png,198,02_REVIEW_ADDONS
server/[timeline-addons]/CDS-Boombox/html/images/sound.png,_REVIEW_THIRD_PARTY/timeline-addons/CDS-Boombox/html/images/sound.png,408,02_REVIEW_ADDONS
server/[timeline-addons]/CDS-Boombox/html/images/playlist.png,_REVIEW_THIRD_PARTY/timeline-addons/CDS-Boombox/html/images/playlist.png,1324,02_REVIEW_ADDONS
server/[timeline-addons]/CDS-Boombox/html/images/search-2.png,_REVIEW_THIRD_PARTY/timeline-addons/CDS-Boombox/html/images/search-2.png,424,02_REVIEW_ADDONS
server/[timeline-addons]/CDS-Boombox/html/images/home-2.png,_REVIEW_THIRD_PARTY/timeline-addons/CDS-Boombox/html/images/home-2.png,240,02_REVIEW_ADDONS
server/[timeline-addons]/CDS-Boombox/html/images/verybigPP.png,_REVIEW_THIRD_PARTY/timeline-addons/CDS-Boombox/html/images/verybigPP.png,94696,02_REVIEW_ADDONS
server/[timeline-addons]/CDS-Boombox/html/images/random-1.png,_REVIEW_THIRD_PARTY/timeline-addons/CDS-Boombox/html/images/random-1.png,473,02_REVIEW_ADDONS
server/[timeline-addons]/CDS-Boombox/html/images/LeftButton.png,_REVIEW_THIRD_PARTY/timeline-addons/CDS-Boombox/html/images/LeftButton.png,643,02_REVIEW_ADDONS
server/[timeline-addons]/CDS-Boombox/html/images/gg.png,_REVIEW_THIRD_PARTY/timeline-addons/CDS-Boombox/html/images/gg.png,1400623,02_REVIEW_ADDONS
server/[timeline-addons]/CDS-Boombox/html/images/categoryPicture.png,_REVIEW_THIRD_PARTY/timeline-addons/CDS-Boombox/html/images/categoryPicture.png,26261,02_REVIEW_ADDONS
server/[timeline-addons]/CDS-Boombox/html/images/Left.png,_REVIEW_THIRD_PARTY/timeline-addons/CDS-Boombox/html/images/Left.png,659,02_REVIEW_ADDONS
server/[timeline-addons]/CDS-Boombox/html/images/menu-trash.png,_REVIEW_THIRD_PARTY/timeline-addons/CDS-Boombox/html/images/menu-trash.png,407,02_REVIEW_ADDONS
"server/[timeline-addons]/CDS-Boombox/html/images/minutePage2,.png","_REVIEW_THIRD_PARTY/timeline-addons/CDS-Boombox/html/images/minutePage2,.png",483,02_REVIEW_ADDONS
server/[timeline-addons]/CDS-Boombox/html/images/search-1.png,_REVIEW_THIRD_PARTY/timeline-addons/CDS-Boombox/html/images/search-1.png,614,02_REVIEW_ADDONS
server/[timeline-addons]/CDS-Boombox/html/images/loading.png,_REVIEW_THIRD_PARTY/timeline-addons/CDS-Boombox/html/images/loading.png,3130,02_REVIEW_ADDONS
server/[timeline-addons]/CDS-Boombox/html/images/PLAYL#U0130ST3.png,_REVIEW_THIRD_PARTY/timeline-addons/CDS-Boombox/html/images/PLAYL#U0130ST3.png,9137,02_REVIEW_ADDONS
server/[timeline-addons]/CDS-Boombox/html/images/right.png,_REVIEW_THIRD_PARTY/timeline-addons/CDS-Boombox/html/images/right.png,646,02_REVIEW_ADDONS
server/[timeline-addons]/CDS-Boombox/html/images/fullscreen.png,_REVIEW_THIRD_PARTY/timeline-addons/CDS-Boombox/html/images/fullscreen.png,319,02_REVIEW_ADDONS
server/[timeline-addons]/CDS-Boombox/html/images/menu-plus.png,_REVIEW_THIRD_PARTY/timeline-addons/CDS-Boombox/html/images/menu-plus.png,234,02_REVIEW_ADDONS
server/[timeline-addons]/CDS-Boombox/html/images/greenheart.png,_REVIEW_THIRD_PARTY/timeline-addons/CDS-Boombox/html/images/greenheart.png,399,02_REVIEW_ADDONS
server/[timeline-addons]/CDS-Boombox/html/images/heart.png,_REVIEW_THIRD_PARTY/timeline-addons/CDS-Boombox/html/images/heart.png,359,02_REVIEW_ADDONS
server/[timeline-addons]/CDS-Boombox/html/images/tallRot.png,_REVIEW_THIRD_PARTY/timeline-addons/CDS-Boombox/html/images/tallRot.png,138,02_REVIEW_ADDONS
server/[timeline-addons]/CDS-Boombox/html/images/menu-search.png,_REVIEW_THIRD_PARTY/timeline-addons/CDS-Boombox/html/images/menu-search.png,370,02_REVIEW_ADDONS
server/[timeline-addons]/CDS-Boombox/html/images/liked-a.png,_REVIEW_THIRD_PARTY/timeline-addons/CDS-Boombox/html/images/liked-a.png,399,02_REVIEW_ADDONS
server/[timeline-addons]/CDS-Boombox/html/images/HeathensFoto.png,_REVIEW_THIRD_PARTY/timeline-addons/CDS-Boombox/html/images/HeathensFoto.png,373124,02_REVIEW_ADDONS
server/[timeline-addons]/CDS-Boombox/html/images/BigPlayer.png,_REVIEW_THIRD_PARTY/timeline-addons/CDS-Boombox/html/images/BigPlayer.png,1280,02_REVIEW_ADDONS
server/[timeline-addons]/CDS-Boombox/html/images/likedSongs.png,_REVIEW_THIRD_PARTY/timeline-addons/CDS-Boombox/html/images/likedSongs.png,47519,02_REVIEW_ADDONS
server/[timeline-addons]/CDS-Boombox/html/images/replay-2.png,_REVIEW_THIRD_PARTY/timeline-addons/CDS-Boombox/html/images/replay-2.png,386,02_REVIEW_ADDONS
server/[timeline-addons]/CDS-Boombox/html/images/pause.png,_REVIEW_THIRD_PARTY/timeline-addons/CDS-Boombox/html/images/pause.png,544,02_REVIEW_ADDONS
server/[timeline-addons]/CDS-Boombox/html/images/plus1.png,_REVIEW_THIRD_PARTY/timeline-addons/CDS-Boombox/html/images/plus1.png,501,02_REVIEW_ADDONS
server/[timeline-addons]/CDS-Boombox/html/images/settings-menu.png,_REVIEW_THIRD_PARTY/timeline-addons/CDS-Boombox/html/images/settings-menu.png,514,02_REVIEW_ADDONS
server/[timeline-addons]/CDS-Boombox/html/images/mediumpp.png,_REVIEW_THIRD_PARTY/timeline-addons/CDS-Boombox/html/images/mediumpp.png,59017,02_REVIEW_ADDONS
server/[timeline-addons]/CDS-Boombox/html/images/before.png,_REVIEW_THIRD_PARTY/timeline-addons/CDS-Boombox/html/images/before.png,288,02_REVIEW_ADDONS
server/[timeline-addons]/CDS-Boombox/html/images/off.png,_REVIEW_THIRD_PARTY/timeline-addons/CDS-Boombox/html/images/off.png,252,02_REVIEW_ADDONS
server/[timeline-addons]/rm_bountyboard/web/dist/vite.svg,_REVIEW_THIRD_PARTY/timeline-addons/rm_bountyboard/web/dist/vite.svg,1497,02_REVIEW_ADDONS
server/[timeline-addons]/dz-interrogation/images/torture_kit.png,_REVIEW_THIRD_PARTY/timeline-addons/dz-interrogation/images/torture_kit.png,16989,02_REVIEW_ADDONS
server/[timeline-addons]/exo-adminmenu/ui/assets/sounds/click.mp3,_REVIEW_THIRD_PARTY/timeline-addons/exo-adminmenu/ui/assets/sounds/click.mp3,13056,02_REVIEW_ADDONS
server/[timeline-addons]/exo-adminmenu/ui/assets/fonts/SB.otf,_REVIEW_THIRD_PARTY/timeline-addons/exo-adminmenu/ui/assets/fonts/SB.otf,96144,02_REVIEW_ADDONS
server/[timeline-addons]/exo-adminmenu/ui/assets/fonts/SM.otf,_REVIEW_THIRD_PARTY/timeline-addons/exo-adminmenu/ui/assets/fonts/SM.otf,93904,02_REVIEW_ADDONS
server/[timeline-addons]/exo-adminmenu/ui/assets/fonts/Bold.otf,_REVIEW_THIRD_PARTY/timeline-addons/exo-adminmenu/ui/assets/fonts/Bold.otf,39832,02_REVIEW_ADDONS
server/[timeline-addons]/exo-adminmenu/ui/assets/fonts/Thin.otf,_REVIEW_THIRD_PARTY/timeline-addons/exo-adminmenu/ui/assets/fonts/Thin.otf,37076,02_REVIEW_ADDONS
server/[timeline-addons]/exo-adminmenu/ui/assets/fonts/Medium.otf,_REVIEW_THIRD_PARTY/timeline-addons/exo-adminmenu/ui/assets/fonts/Medium.otf,39244,02_REVIEW_ADDONS
server/[timeline-addons]/exo-adminmenu/ui/assets/fonts/Demi.otf,_REVIEW_THIRD_PARTY/timeline-addons/exo-adminmenu/ui/assets/fonts/Demi.otf,40168,02_REVIEW_ADDONS
server/[timeline-addons]/exo-adminmenu/ui/assets/fonts/Book.otf,_REVIEW_THIRD_PARTY/timeline-addons/exo-adminmenu/ui/assets/fonts/Book.otf,38004,02_REVIEW_ADDONS
server/[timeline-addons]/exo-adminmenu/ui/assets/fonts/Black.otf,_REVIEW_THIRD_PARTY/timeline-addons/exo-adminmenu/ui/assets/fonts/Black.otf,41184,02_REVIEW_ADDONS
server/[timeline-addons]/exo-adminmenu/ui/assets/fonts/SD.otf,_REVIEW_THIRD_PARTY/timeline-addons/exo-adminmenu/ui/assets/fonts/SD.otf,95428,02_REVIEW_ADDONS
server/[timeline-addons]/exo-adminmenu/ui/assets/images/cubes.png,_REVIEW_THIRD_PARTY/timeline-addons/exo-adminmenu/ui/assets/images/cubes.png,2495,02_REVIEW_ADDONS
server/[timeline-addons]/exo-adminmenu/ui/assets/images/lines.png,_REVIEW_THIRD_PARTY/timeline-addons/exo-adminmenu/ui/assets/images/lines.png,30621,02_REVIEW_ADDONS
server/[timeline-addons]/exo-adminmenu/ui/assets/images/box.png,_REVIEW_THIRD_PARTY/timeline-addons/exo-adminmenu/ui/assets/images/box.png,1442,02_REVIEW_ADDONS
server/[timeline-addons]/nrg_alcoeffect/web/build/assets/DS-DIGIB.TTF,_REVIEW_THIRD_PARTY/timeline-addons/nrg_alcoeffect/web/build/assets/DS-DIGIB.TTF,24896,02_REVIEW_ADDONS
server/[timeline-addons]/nrg_alcoeffect/web/build/vite.svg,_REVIEW_THIRD_PARTY/timeline-addons/nrg_alcoeffect/web/build/vite.svg,1497,02_REVIEW_ADDONS
server/[timeline-addons]/nrg_alcoeffect/web/build2/assets/DS-DIGIB.TTF,_REVIEW_THIRD_PARTY/timeline-addons/nrg_alcoeffect/web/build2/assets/DS-DIGIB.TTF,24896,02_REVIEW_ADDONS
server/[timeline-addons]/nrg_alcoeffect/web/build2/vite.svg,_REVIEW_THIRD_PARTY/timeline-addons/nrg_alcoeffect/web/build2/vite.svg,1497,02_REVIEW_ADDONS
server/[timeline-addons]/nrg_alcoeffect/web/images/analyzer.png,_REVIEW_THIRD_PARTY/timeline-addons/nrg_alcoeffect/web/images/analyzer.png,212690,02_REVIEW_ADDONS
server/[timeline-addons]/nrg_alcoeffect/install/images/mojito.png,_REVIEW_THIRD_PARTY/timeline-addons/nrg_alcoeffect/install/images/mojito.png,171419,02_REVIEW_ADDONS
server/[timeline-addons]/nrg_alcoeffect/install/images/champagne_glass.png,_REVIEW_THIRD_PARTY/timeline-addons/nrg_alcoeffect/install/images/champagne_glass.png,156561,02_REVIEW_ADDONS
server/[timeline-addons]/nrg_alcoeffect/install/images/tequila.png,_REVIEW_THIRD_PARTY/timeline-addons/nrg_alcoeffect/install/images/tequila.png,151641,02_REVIEW_ADDONS
server/[timeline-addons]/nrg_alcoeffect/install/images/bloody_mary.png,_REVIEW_THIRD_PARTY/timeline-addons/nrg_alcoeffect/install/images/bloody_mary.png,161534,02_REVIEW_ADDONS
server/[timeline-addons]/nrg_alcoeffect/install/images/wine.png,_REVIEW_THIRD_PARTY/timeline-addons/nrg_alcoeffect/install/images/wine.png,142681,02_REVIEW_ADDONS
server/[timeline-addons]/nrg_alcoeffect/install/images/beer.png,_REVIEW_THIRD_PARTY/timeline-addons/nrg_alcoeffect/install/images/beer.png,139460,02_REVIEW_ADDONS
server/[timeline-addons]/nrg_alcoeffect/install/images/martini.png,_REVIEW_THIRD_PARTY/timeline-addons/nrg_alcoeffect/install/images/martini.png,162298,02_REVIEW_ADDONS
server/[timeline-addons]/nrg_alcoeffect/install/images/pina_colada.png,_REVIEW_THIRD_PARTY/timeline-addons/nrg_alcoeffect/install/images/pina_colada.png,166592,02_REVIEW_ADDONS
server/[timeline-addons]/nrg_alcoeffect/install/images/wine_glass.png,_REVIEW_THIRD_PARTY/timeline-addons/nrg_alcoeffect/install/images/wine_glass.png,2200077,02_REVIEW_ADDONS
server/[timeline-addons]/nrg_alcoeffect/install/images/rum.png,_REVIEW_THIRD_PARTY/timeline-addons/nrg_alcoeffect/install/images/rum.png,156483,02_REVIEW_ADDONS
server/[timeline-addons]/nrg_alcoeffect/install/images/whiskey.png,_REVIEW_THIRD_PARTY/timeline-addons/nrg_alcoeffect/install/images/whiskey.png,28608,02_REVIEW_ADDONS
server/[timeline-addons]/nrg_alcoeffect/install/images/tequila_shot.png,_REVIEW_THIRD_PARTY/timeline-addons/nrg_alcoeffect/install/images/tequila_shot.png,145543,02_REVIEW_ADDONS
server/[timeline-addons]/nrg_alcoeffect/install/images/whiskey_glass.png,_REVIEW_THIRD_PARTY/timeline-addons/nrg_alcoeffect/install/images/whiskey_glass.png,157055,02_REVIEW_ADDONS
server/[timeline-addons]/nrg_alcoeffect/install/images/vodka_shot.png,_REVIEW_THIRD_PARTY/timeline-addons/nrg_alcoeffect/install/images/vodka_shot.png,145543,02_REVIEW_ADDONS
server/[timeline-addons]/nrg_alcoeffect/install/images/vodka.png,_REVIEW_THIRD_PARTY/timeline-addons/nrg_alcoeffect/install/images/vodka.png,152327,02_REVIEW_ADDONS
server/[timeline-addons]/nrg_alcoeffect/install/images/rum_glass.png,_REVIEW_THIRD_PARTY/timeline-addons/nrg_alcoeffect/install/images/rum_glass.png,157055,02_REVIEW_ADDONS
server/[timeline-addons]/nrg_alcoeffect/install/images/sex_on_the_beach.png,_REVIEW_THIRD_PARTY/timeline-addons/nrg_alcoeffect/install/images/sex_on_the_beach.png,165646,02_REVIEW_ADDONS
server/[timeline-addons]/nrg_alcoeffect/install/images/breathalyzer.png,_REVIEW_THIRD_PARTY/timeline-addons/nrg_alcoeffect/install/images/breathalyzer.png,212690,02_REVIEW_ADDONS
server/[timeline-addons]/cds_pets/nui/fonts/flUhRq6tzZclQEJ-Vdg-IuiaDsNa.88899cc4.woff,_REVIEW_THIRD_PARTY/timeline-addons/cds_pets/nui/fonts/flUhRq6tzZclQEJ-Vdg-IuiaDsNa.88899cc4.woff,156048,02_REVIEW_ADDONS
server/[timeline-addons]/cds_pets/nui/fonts/flUhRq6tzZclQEJ-Vdg-IuiaDsNcIhQ8tQ.eae1cb5e.woff2,_REVIEW_THIRD_PARTY/timeline-addons/cds_pets/nui/fonts/flUhRq6tzZclQEJ-Vdg-IuiaDsNcIhQ8tQ.eae1cb5e.woff2,121600,02_REVIEW_ADDONS
server/[timeline-addons]/CDS_Skateboard/assets/inventory_images/skateboard.png,_REVIEW_THIRD_PARTY/timeline-addons/CDS_Skateboard/assets/inventory_images/skateboard.png,38035,02_REVIEW_ADDONS
server/[timeline-addons]/CDS_Red/image/viagra.png,_REVIEW_THIRD_PARTY/timeline-addons/CDS_Red/image/viagra.png,12502,02_REVIEW_ADDONS
server/[timeline-addons]/CDS_Red/image/levonorgestrel.png,_REVIEW_THIRD_PARTY/timeline-addons/CDS_Red/image/levonorgestrel.png,13803,02_REVIEW_ADDONS
server/[timeline-addons]/CDS_Red/image/mifepristone.png,_REVIEW_THIRD_PARTY/timeline-addons/CDS_Red/image/mifepristone.png,26763,02_REVIEW_ADDONS
server/[timeline-addons]/CDS_Red/image/testpack.png,_REVIEW_THIRD_PARTY/timeline-addons/CDS_Red/image/testpack.png,12282,02_REVIEW_ADDONS
server/[timeline-addons]/CDS_Red/image/condom.png,_REVIEW_THIRD_PARTY/timeline-addons/CDS_Red/image/condom.png,14696,02_REVIEW_ADDONS
server/[timeline-addons]/CDS_Billards/client/html/sounds.ogg,_REVIEW_THIRD_PARTY/timeline-addons/CDS_Billards/client/html/sounds.ogg,140345,02_REVIEW_ADDONS
server/[timeline-addons]/vin-shisha/html/hkohle.png,_REVIEW_THIRD_PARTY/timeline-addons/vin-shisha/html/hkohle.png,226060,02_REVIEW_ADDONS
server/[timeline-addons]/vin-shisha/html/designs/mainbg4.png,_REVIEW_THIRD_PARTY/timeline-addons/vin-shisha/html/designs/mainbg4.png,2177703,02_REVIEW_ADDONS
server/[timeline-addons]/vin-shisha/html/designs/mainbg5.png,_REVIEW_THIRD_PARTY/timeline-addons/vin-shisha/html/designs/mainbg5.png,2257877,02_REVIEW_ADDONS
server/[timeline-addons]/vin-shisha/html/designs/mainbg6.png,_REVIEW_THIRD_PARTY/timeline-addons/vin-shisha/html/designs/mainbg6.png,2234389,02_REVIEW_ADDONS
server/[timeline-addons]/vin-shisha/html/designs/mainbg.png,_REVIEW_THIRD_PARTY/timeline-addons/vin-shisha/html/designs/mainbg.png,1619902,02_REVIEW_ADDONS
server/[timeline-addons]/vin-shisha/html/designs/mainbg7.png,_REVIEW_THIRD_PARTY/timeline-addons/vin-shisha/html/designs/mainbg7.png,2224726,02_REVIEW_ADDONS
server/[timeline-addons]/vin-shisha/html/designs/mainbg2.png,_REVIEW_THIRD_PARTY/timeline-addons/vin-shisha/html/designs/mainbg2.png,2174018,02_REVIEW_ADDONS
server/[timeline-addons]/vin-shisha/html/designs/mainbg3.png,_REVIEW_THIRD_PARTY/timeline-addons/vin-shisha/html/designs/mainbg3.png,977487,02_REVIEW_ADDONS
server/[timeline-addons]/vin-shisha/html/designs/mainbg8.png,_REVIEW_THIRD_PARTY/timeline-addons/vin-shisha/html/designs/mainbg8.png,2257351,02_REVIEW_ADDONS
server/[timeline-addons]/vin-shisha/html/designs/mainbg1.png,_REVIEW_THIRD_PARTY/timeline-addons/vin-shisha/html/designs/mainbg1.png,2274031,02_REVIEW_ADDONS
server/[timeline-addons]/vin-shisha/html/designs/red.png,_REVIEW_THIRD_PARTY/timeline-addons/vin-shisha/html/designs/red.png,1535342,02_REVIEW_ADDONS
server/[timeline-addons]/vin-shisha/html/sounds/hookah.mp3,_REVIEW_THIRD_PARTY/timeline-addons/vin-shisha/html/sounds/hookah.mp3,49874,02_REVIEW_ADDONS
server/[timeline-addons]/vin-shisha/html/kopf_doppelapfel.png,_REVIEW_THIRD_PARTY/timeline-addons/vin-shisha/html/kopf_doppelapfel.png,33222,02_REVIEW_ADDONS
server/[timeline-addons]/vin-shisha/html/wasser.png,_REVIEW_THIRD_PARTY/timeline-addons/vin-shisha/html/wasser.png,150669,02_REVIEW_ADDONS
server/[timeline-addons]/vin-shisha/html/zitrone_tabak.png,_REVIEW_THIRD_PARTY/timeline-addons/vin-shisha/html/zitrone_tabak.png,33014,02_REVIEW_ADDONS
server/[timeline-addons]/vin-shisha/html/dapfel_tabak.png,_REVIEW_THIRD_PARTY/timeline-addons/vin-shisha/html/dapfel_tabak.png,33222,02_REVIEW_ADDONS
server/[timeline-addons]/vin-shisha/html/tm_tabak.png,_REVIEW_THIRD_PARTY/timeline-addons/vin-shisha/html/tm_tabak.png,34954,02_REVIEW_ADDONS
server/[timeline-addons]/vin-shisha/html/love_tabak.png,_REVIEW_THIRD_PARTY/timeline-addons/vin-shisha/html/love_tabak.png,36068,02_REVIEW_ADDONS
server/[timeline-addons]/vin-shisha/html/cinderella_tabak.png,_REVIEW_THIRD_PARTY/timeline-addons/vin-shisha/html/cinderella_tabak.png,36026,02_REVIEW_ADDONS
server/[timeline-addons]/vin-shisha/html/shisha.png,_REVIEW_THIRD_PARTY/timeline-addons/vin-shisha/html/shisha.png,745343,02_REVIEW_ADDONS
server/[timeline-addons]/vin-shisha/html/handgemacht_tabak.png,_REVIEW_THIRD_PARTY/timeline-addons/vin-shisha/html/handgemacht_tabak.png,34583,02_REVIEW_ADDONS
server/[timeline-addons]/vin-shisha/html/img/burner.png,_REVIEW_THIRD_PARTY/timeline-addons/vin-shisha/html/img/burner.png,122402,02_REVIEW_ADDONS
server/[timeline-addons]/vin-shisha/html/img/kohle_heiss.png,_REVIEW_THIRD_PARTY/timeline-addons/vin-shisha/html/img/kohle_heiss.png,215756,02_REVIEW_ADDONS
server/[timeline-addons]/vin-shisha/html/img/foil_holes.png,_REVIEW_THIRD_PARTY/timeline-addons/vin-shisha/html/img/foil_holes.png,100965,02_REVIEW_ADDONS
server/[timeline-addons]/vin-shisha/html/img/stecher.png,_REVIEW_THIRD_PARTY/timeline-addons/vin-shisha/html/img/stecher.png,73278,02_REVIEW_ADDONS
server/[timeline-addons]/vin-shisha/html/img/kohle_stueck.png,_REVIEW_THIRD_PARTY/timeline-addons/vin-shisha/html/img/kohle_stueck.png,598616,02_REVIEW_ADDONS
server/[timeline-addons]/vin-shisha/html/img/empty_bowl.png,_REVIEW_THIRD_PARTY/timeline-addons/vin-shisha/html/img/empty_bowl.png,67307,02_REVIEW_ADDONS
server/[timeline-addons]/vin-shisha/html/img/foil_clean.png,_REVIEW_THIRD_PARTY/timeline-addons/vin-shisha/html/img/foil_clean.png,94440,02_REVIEW_ADDONS
server/[timeline-addons]/vin-shisha/html/img/tabak_dose.png,_REVIEW_THIRD_PARTY/timeline-addons/vin-shisha/html/img/tabak_dose.png,130431,02_REVIEW_ADDONS
server/[timeline-addons]/vin-shisha/html/kohle.png,_REVIEW_THIRD_PARTY/timeline-addons/vin-shisha/html/kohle.png,598616,02_REVIEW_ADDONS
server/[timeline-addons]/ws_scoreboard-v2/html/assets/fonts/TTSupermolotNeue-CondMed.ttf,_REVIEW_THIRD_PARTY/timeline-addons/ws_scoreboard-v2/html/assets/fonts/TTSupermolotNeue-CondMed.ttf,75992,02_REVIEW_ADDONS
server/[timeline-addons]/ws_scoreboard-v2/html/assets/fonts/TTSupermolotNeue-CondRegular.ttf,_REVIEW_THIRD_PARTY/timeline-addons/ws_scoreboard-v2/html/assets/fonts/TTSupermolotNeue-CondRegular.ttf,77892,02_REVIEW_ADDONS
server/[timeline-addons]/ws_scoreboard-v2/html/assets/fonts/TTSupermolotNeue-CondDBold.ttf,_REVIEW_THIRD_PARTY/timeline-addons/ws_scoreboard-v2/html/assets/fonts/TTSupermolotNeue-CondDBold.ttf,75020,02_REVIEW_ADDONS
server/[timeline-addons]/ws_scoreboard-v2/html/assets/fonts/TTSupermolotNeue-CondBold.ttf,_REVIEW_THIRD_PARTY/timeline-addons/ws_scoreboard-v2/html/assets/fonts/TTSupermolotNeue-CondBold.ttf,76512,02_REVIEW_ADDONS
server/[timeline-addons]/ws_scoreboard-v2/html/assets/fonts/TTSupermolotNeue-CondXBold.ttf,_REVIEW_THIRD_PARTY/timeline-addons/ws_scoreboard-v2/html/assets/fonts/TTSupermolotNeue-CondXBold.ttf,75088,02_REVIEW_ADDONS
server/[timeline-addons]/ws_scoreboard-v2/html/assets/fonts/TTSupermolotNeue-CondBlack.ttf,_REVIEW_THIRD_PARTY/timeline-addons/ws_scoreboard-v2/html/assets/fonts/TTSupermolotNeue-CondBlack.ttf,70248,02_REVIEW_ADDONS
server/[timeline-addons]/ws_scoreboard-v2/html/assets/images/police.png,_REVIEW_THIRD_PARTY/timeline-addons/ws_scoreboard-v2/html/assets/images/police.png,2749,02_REVIEW_ADDONS
server/[timeline-addons]/ws_scoreboard-v2/html/assets/images/mechanic.png,_REVIEW_THIRD_PARTY/timeline-addons/ws_scoreboard-v2/html/assets/images/mechanic.png,1924,02_REVIEW_ADDONS
server/[timeline-addons]/ws_scoreboard-v2/html/assets/images/ambulance.png,_REVIEW_THIRD_PARTY/timeline-addons/ws_scoreboard-v2/html/assets/images/ambulance.png,2604,02_REVIEW_ADDONS
server/[timeline-addons]/ws_scoreboard-v2/html/assets/images/background_withoutplayercont.png,_REVIEW_THIRD_PARTY/timeline-addons/ws_scoreboard-v2/html/assets/images/background_withoutplayercont.png,1214496,02_REVIEW_ADDONS
server/[timeline-addons]/ws_scoreboard-v2/html/assets/images/army.png,_REVIEW_THIRD_PARTY/timeline-addons/ws_scoreboard-v2/html/assets/images/army.png,2488,02_REVIEW_ADDONS
server/[timeline-addons]/ws_scoreboard-v2/html/assets/images/box_fraction.png,_REVIEW_THIRD_PARTY/timeline-addons/ws_scoreboard-v2/html/assets/images/box_fraction.png,24551,02_REVIEW_ADDONS
server/[timeline-addons]/ws_scoreboard-v2/html/assets/images/background_container.png,_REVIEW_THIRD_PARTY/timeline-addons/ws_scoreboard-v2/html/assets/images/background_container.png,3572392,02_REVIEW_ADDONS
server/[timeline-addons]/17mov_Miner/web/assets/sounds/minecart.wav,_REVIEW_THIRD_PARTY/timeline-addons/17mov_Miner/web/assets/sounds/minecart.wav,1070404,02_REVIEW_ADDONS
server/[timeline-addons]/17mov_Miner/web/assets/sounds/pickaxe.wav,_REVIEW_THIRD_PARTY/timeline-addons/17mov_Miner/web/assets/sounds/pickaxe.wav,385254,02_REVIEW_ADDONS
server/[timeline-addons]/17mov_Miner/web/assets/sounds/lightsfailure.wav,_REVIEW_THIRD_PARTY/timeline-addons/17mov_Miner/web/assets/sounds/lightsfailure.wav,304752,02_REVIEW_ADDONS
server/[timeline-addons]/17mov_Miner/web/assets/sounds/explode.wav,_REVIEW_THIRD_PARTY/timeline-addons/17mov_Miner/web/assets/sounds/explode.wav,207438,02_REVIEW_ADDONS
server/[timeline-addons]/17mov_Miner/web/assets/sounds/gas.wav,_REVIEW_THIRD_PARTY/timeline-addons/17mov_Miner/web/assets/sounds/gas.wav,1319354,02_REVIEW_ADDONS
server/[timeline-addons]/17mov_Miner/web/assets/sounds/bonus.wav,_REVIEW_THIRD_PARTY/timeline-addons/17mov_Miner/web/assets/sounds/bonus.wav,35932,02_REVIEW_ADDONS
server/[timeline-addons]/17mov_Miner/web/assets/multiplayerlobby/newUser.svg,_REVIEW_THIRD_PARTY/timeline-addons/17mov_Miner/web/assets/multiplayerlobby/newUser.svg,29345,02_REVIEW_ADDONS
server/[timeline-addons]/17mov_Miner/web/assets/multiplayerlobby/clothingIcon.svg,_REVIEW_THIRD_PARTY/timeline-addons/17mov_Miner/web/assets/multiplayerlobby/clothingIcon.svg,178573,02_REVIEW_ADDONS
server/[timeline-addons]/17mov_Miner/web/assets/multiplayerlobby/hostIcon.svg,_REVIEW_THIRD_PARTY/timeline-addons/17mov_Miner/web/assets/multiplayerlobby/hostIcon.svg,214627,02_REVIEW_ADDONS
server/[timeline-addons]/17mov_Miner/web/assets/multiplayerlobby/Montserrat-Regular.ttf,_REVIEW_THIRD_PARTY/timeline-addons/17mov_Miner/web/assets/multiplayerlobby/Montserrat-Regular.ttf,197976,02_REVIEW_ADDONS
server/[timeline-addons]/17mov_Miner/web/assets/multiplayerlobby/kickIcon.svg,_REVIEW_THIRD_PARTY/timeline-addons/17mov_Miner/web/assets/multiplayerlobby/kickIcon.svg,981,02_REVIEW_ADDONS
server/[timeline-addons]/17mov_Miner/web/assets/multiplayerlobby/inviteBtn.svg,_REVIEW_THIRD_PARTY/timeline-addons/17mov_Miner/web/assets/multiplayerlobby/inviteBtn.svg,1044,02_REVIEW_ADDONS
server/[timeline-addons]/17mov_Miner/web/assets/multiplayerlobby/Gilroy-Light.ttf,_REVIEW_THIRD_PARTY/timeline-addons/17mov_Miner/web/assets/multiplayerlobby/Gilroy-Light.ttf,147128,02_REVIEW_ADDONS
server/[timeline-addons]/17mov_Miner/web/assets/multiplayerlobby/decoration.svg,_REVIEW_THIRD_PARTY/timeline-addons/17mov_Miner/web/assets/multiplayerlobby/decoration.svg,456,02_REVIEW_ADDONS
server/[timeline-addons]/17mov_Miner/web/assets/multiplayerlobby/Montserrat-Bold.ttf,_REVIEW_THIRD_PARTY/timeline-addons/17mov_Miner/web/assets/multiplayerlobby/Montserrat-Bold.ttf,198072,02_REVIEW_ADDONS
server/[timeline-addons]/17mov_Miner/web/assets/multiplayerlobby/clientIcon.svg,_REVIEW_THIRD_PARTY/timeline-addons/17mov_Miner/web/assets/multiplayerlobby/clientIcon.svg,253335,02_REVIEW_ADDONS
server/[timeline-addons]/17mov_Miner/web/assets/multiplayerlobby/check.svg,_REVIEW_THIRD_PARTY/timeline-addons/17mov_Miner/web/assets/multiplayerlobby/check.svg,572,02_REVIEW_ADDONS
server/[timeline-addons]/17mov_Miner/web/assets/multiplayerlobby/Gilroy-Bold.ttf,_REVIEW_THIRD_PARTY/timeline-addons/17mov_Miner/web/assets/multiplayerlobby/Gilroy-Bold.ttf,137256,02_REVIEW_ADDONS
server/[timeline-addons]/17mov_Miner/web/assets/multiplayerlobby/Gilroy-Thin.ttf,_REVIEW_THIRD_PARTY/timeline-addons/17mov_Miner/web/assets/multiplayerlobby/Gilroy-Thin.ttf,150092,02_REVIEW_ADDONS
server/[timeline-addons]/17mov_Miner/web/assets/multiplayerlobby/cash.svg,_REVIEW_THIRD_PARTY/timeline-addons/17mov_Miner/web/assets/multiplayerlobby/cash.svg,50292,02_REVIEW_ADDONS
server/[timeline-addons]/17mov_Miner/web/assets/multiplayerlobby/Morganite-Medium.ttf,_REVIEW_THIRD_PARTY/timeline-addons/17mov_Miner/web/assets/multiplayerlobby/Morganite-Medium.ttf,98520,02_REVIEW_ADDONS
server/[timeline-addons]/17mov_Miner/web/assets/multiplayerlobby/home.svg,_REVIEW_THIRD_PARTY/timeline-addons/17mov_Miner/web/assets/multiplayerlobby/home.svg,920,02_REVIEW_ADDONS
server/[timeline-addons]/17mov_Miner/web/assets/multiplayerlobby/xMark.svg,_REVIEW_THIRD_PARTY/timeline-addons/17mov_Miner/web/assets/multiplayerlobby/xMark.svg,704,02_REVIEW_ADDONS
server/[timeline-addons]/17mov_Miner/web/assets/multiplayerlobby/management.svg,_REVIEW_THIRD_PARTY/timeline-addons/17mov_Miner/web/assets/multiplayerlobby/management.svg,1791,02_REVIEW_ADDONS
server/[timeline-addons]/17mov_Miner/web/assets/multiplayerlobby/Gilroy-Medium.ttf,_REVIEW_THIRD_PARTY/timeline-addons/17mov_Miner/web/assets/multiplayerlobby/Gilroy-Medium.ttf,143724,02_REVIEW_ADDONS
server/[timeline-addons]/17mov_Miner/web/assets/multiplayerlobby/strokes.svg,_REVIEW_THIRD_PARTY/timeline-addons/17mov_Miner/web/assets/multiplayerlobby/strokes.svg,1547,02_REVIEW_ADDONS
server/[timeline-addons]/17mov_Miner/web/assets/fonts/Akrobat/Akrobat-Light.ttf,_REVIEW_THIRD_PARTY/timeline-addons/17mov_Miner/web/assets/fonts/Akrobat/Akrobat-Light.ttf,84300,02_REVIEW_ADDONS
server/[timeline-addons]/17mov_Miner/web/assets/fonts/Akrobat/Akrobat-Regular.ttf,_REVIEW_THIRD_PARTY/timeline-addons/17mov_Miner/web/assets/fonts/Akrobat/Akrobat-Regular.ttf,83892,02_REVIEW_ADDONS
server/[timeline-addons]/17mov_Miner/web/assets/fonts/Akrobat/Akrobat-Black.ttf,_REVIEW_THIRD_PARTY/timeline-addons/17mov_Miner/web/assets/fonts/Akrobat/Akrobat-Black.ttf,88344,02_REVIEW_ADDONS
server/[timeline-addons]/17mov_Miner/web/assets/fonts/Akrobat/Akrobat-SemiBold.ttf,_REVIEW_THIRD_PARTY/timeline-addons/17mov_Miner/web/assets/fonts/Akrobat/Akrobat-SemiBold.ttf,87412,02_REVIEW_ADDONS
server/[timeline-addons]/17mov_Miner/web/assets/fonts/Akrobat/Akrobat-ExtraBold.ttf,_REVIEW_THIRD_PARTY/timeline-addons/17mov_Miner/web/assets/fonts/Akrobat/Akrobat-ExtraBold.ttf,89412,02_REVIEW_ADDONS
server/[timeline-addons]/17mov_Miner/web/assets/fonts/Akrobat/Akrobat-Bold.ttf,_REVIEW_THIRD_PARTY/timeline-addons/17mov_Miner/web/assets/fonts/Akrobat/Akrobat-Bold.ttf,88272,02_REVIEW_ADDONS
server/[timeline-addons]/17mov_Miner/web/assets/fonts/Akrobat/Akrobat-ExtraLight.ttf,_REVIEW_THIRD_PARTY/timeline-addons/17mov_Miner/web/assets/fonts/Akrobat/Akrobat-ExtraLight.ttf,84364,02_REVIEW_ADDONS
server/[timeline-addons]/17mov_Miner/web/assets/fonts/Akrobat/Akrobat-Thin.ttf,_REVIEW_THIRD_PARTY/timeline-addons/17mov_Miner/web/assets/fonts/Akrobat/Akrobat-Thin.ttf,84808,02_REVIEW_ADDONS
server/[timeline-addons]/17mov_Miner/web/assets/fonts/Morganite/Morganite-Book.woff,_REVIEW_THIRD_PARTY/timeline-addons/17mov_Miner/web/assets/fonts/Morganite/Morganite-Book.woff,36804,02_REVIEW_ADDONS
server/[timeline-addons]/17mov_Miner/web/assets/fonts/Morganite/Morganite-ExtraBoldItalic.woff,_REVIEW_THIRD_PARTY/timeline-addons/17mov_Miner/web/assets/fonts/Morganite/Morganite-ExtraBoldItalic.woff,33304,02_REVIEW_ADDONS
server/[timeline-addons]/17mov_Miner/web/assets/fonts/Morganite/Morganite-BoldItalic.woff,_REVIEW_THIRD_PARTY/timeline-addons/17mov_Miner/web/assets/fonts/Morganite/Morganite-BoldItalic.woff,34208,02_REVIEW_ADDONS
server/[timeline-addons]/17mov_Miner/web/assets/fonts/Morganite/Morganite-SemiBoldItalic.woff,_REVIEW_THIRD_PARTY/timeline-addons/17mov_Miner/web/assets/fonts/Morganite/Morganite-SemiBoldItalic.woff,33508,02_REVIEW_ADDONS
server/[timeline-addons]/17mov_Miner/web/assets/fonts/Morganite/Morganite-ExtraLight.woff,_REVIEW_THIRD_PARTY/timeline-addons/17mov_Miner/web/assets/fonts/Morganite/Morganite-ExtraLight.woff,34612,02_REVIEW_ADDONS
server/[timeline-addons]/17mov_Miner/web/assets/fonts/Morganite/Morganite-Bold.woff,_REVIEW_THIRD_PARTY/timeline-addons/17mov_Miner/web/assets/fonts/Morganite/Morganite-Bold.woff,36848,02_REVIEW_ADDONS
server/[timeline-addons]/17mov_Miner/web/assets/fonts/Morganite/Morganite-MediumItalic.woff,_REVIEW_THIRD_PARTY/timeline-addons/17mov_Miner/web/assets/fonts/Morganite/Morganite-MediumItalic.woff,33336,02_REVIEW_ADDONS
server/[timeline-addons]/17mov_Miner/web/assets/fonts/Morganite/Morganite-SemiBold.woff,_REVIEW_THIRD_PARTY/timeline-addons/17mov_Miner/web/assets/fonts/Morganite/Morganite-SemiBold.woff,36976,02_REVIEW_ADDONS
server/[timeline-addons]/17mov_Miner/web/assets/fonts/Morganite/Morganite-ExtraLightItalic.woff,_REVIEW_THIRD_PARTY/timeline-addons/17mov_Miner/web/assets/fonts/Morganite/Morganite-ExtraLightItalic.woff,32680,02_REVIEW_ADDONS
server/[timeline-addons]/17mov_Miner/web/assets/fonts/Morganite/Morganite-ExtraBold.woff,_REVIEW_THIRD_PARTY/timeline-addons/17mov_Miner/web/assets/fonts/Morganite/Morganite-ExtraBold.woff,36456,02_REVIEW_ADDONS
server/[timeline-addons]/17mov_Miner/web/assets/fonts/Morganite/Morganite-Black.woff,_REVIEW_THIRD_PARTY/timeline-addons/17mov_Miner/web/assets/fonts/Morganite/Morganite-Black.woff,36924,02_REVIEW_ADDONS
server/[timeline-addons]/17mov_Miner/web/assets/fonts/Morganite/Morganite-Light.woff,_REVIEW_THIRD_PARTY/timeline-addons/17mov_Miner/web/assets/fonts/Morganite/Morganite-Light.woff,36056,02_REVIEW_ADDONS
server/[timeline-addons]/17mov_Miner/web/assets/fonts/Morganite/Morganite-Medium.woff,_REVIEW_THIRD_PARTY/timeline-addons/17mov_Miner/web/assets/fonts/Morganite/Morganite-Medium.woff,36328,02_REVIEW_ADDONS
server/[timeline-addons]/17mov_Miner/web/assets/fonts/Morganite/Morganite-BlackItalic.woff,_REVIEW_THIRD_PARTY/timeline-addons/17mov_Miner/web/assets/fonts/Morganite/Morganite-BlackItalic.woff,33112,02_REVIEW_ADDONS
server/[timeline-addons]/17mov_Miner/web/assets/fonts/Morganite/Morganite-BookItalic.woff,_REVIEW_THIRD_PARTY/timeline-addons/17mov_Miner/web/assets/fonts/Morganite/Morganite-BookItalic.woff,33456,02_REVIEW_ADDONS
server/[timeline-addons]/17mov_Miner/web/assets/fonts/Morganite/Morganite-LightItalic.woff,_REVIEW_THIRD_PARTY/timeline-addons/17mov_Miner/web/assets/fonts/Morganite/Morganite-LightItalic.woff,33592,02_REVIEW_ADDONS
server/[timeline-addons]/17mov_Miner/web/assets/fonts/Morganite/Morganite-ThinItalic.woff,_REVIEW_THIRD_PARTY/timeline-addons/17mov_Miner/web/assets/fonts/Morganite/Morganite-ThinItalic.woff,31496,02_REVIEW_ADDONS
server/[timeline-addons]/17mov_Miner/web/assets/fonts/Morganite/Morganite-Thin.woff,_REVIEW_THIRD_PARTY/timeline-addons/17mov_Miner/web/assets/fonts/Morganite/Morganite-Thin.woff,30340,02_REVIEW_ADDONS
server/[timeline-addons]/17mov_Miner/web/assets/fonts/Montserrat/Montserrat-Regular.ttf,_REVIEW_THIRD_PARTY/timeline-addons/17mov_Miner/web/assets/fonts/Montserrat/Montserrat-Regular.ttf,197976,02_REVIEW_ADDONS
server/[timeline-addons]/17mov_Miner/web/assets/fonts/Montserrat/Montserrat-Bold.ttf,_REVIEW_THIRD_PARTY/timeline-addons/17mov_Miner/web/assets/fonts/Montserrat/Montserrat-Bold.ttf,198072,02_REVIEW_ADDONS
server/[timeline-addons]/17mov_Miner/web/assets/fonts/Gilroy/Gilroy-MediumItalic.ttf,_REVIEW_THIRD_PARTY/timeline-addons/17mov_Miner/web/assets/fonts/Gilroy/Gilroy-MediumItalic.ttf,158800,02_REVIEW_ADDONS
server/[timeline-addons]/17mov_Miner/web/assets/fonts/Gilroy/Gilroy-ExtraBoldItalic.ttf,_REVIEW_THIRD_PARTY/timeline-addons/17mov_Miner/web/assets/fonts/Gilroy/Gilroy-ExtraBoldItalic.ttf,145560,02_REVIEW_ADDONS
server/[timeline-addons]/17mov_Miner/web/assets/fonts/Gilroy/Gilroy-LightItalic.ttf,_REVIEW_THIRD_PARTY/timeline-addons/17mov_Miner/web/assets/fonts/Gilroy/Gilroy-LightItalic.ttf,163840,02_REVIEW_ADDONS
server/[timeline-addons]/17mov_Miner/web/assets/fonts/Gilroy/Gilroy-UltraLight.ttf,_REVIEW_THIRD_PARTY/timeline-addons/17mov_Miner/web/assets/fonts/Gilroy/Gilroy-UltraLight.ttf,149692,02_REVIEW_ADDONS
server/[timeline-addons]/17mov_Miner/web/assets/fonts/Gilroy/Gilroy-ThinItalic.ttf,_REVIEW_THIRD_PARTY/timeline-addons/17mov_Miner/web/assets/fonts/Gilroy/Gilroy-ThinItalic.ttf,166064,02_REVIEW_ADDONS
server/[timeline-addons]/17mov_Miner/web/assets/fonts/Gilroy/Gilroy-ExtraBold.ttf,_REVIEW_THIRD_PARTY/timeline-addons/17mov_Miner/web/assets/fonts/Gilroy/Gilroy-ExtraBold.ttf,133044,02_REVIEW_ADDONS
server/[timeline-addons]/17mov_Miner/web/assets/fonts/Gilroy/Gilroy-Light.ttf,_REVIEW_THIRD_PARTY/timeline-addons/17mov_Miner/web/assets/fonts/Gilroy/Gilroy-Light.ttf,147128,02_REVIEW_ADDONS
server/[timeline-addons]/17mov_Miner/web/assets/fonts/Gilroy/Gilroy-Heavy.ttf,_REVIEW_THIRD_PARTY/timeline-addons/17mov_Miner/web/assets/fonts/Gilroy/Gilroy-Heavy.ttf,126880,02_REVIEW_ADDONS
server/[timeline-addons]/17mov_Miner/web/assets/fonts/Gilroy/Gilroy-Black.ttf,_REVIEW_THIRD_PARTY/timeline-addons/17mov_Miner/web/assets/fonts/Gilroy/Gilroy-Black.ttf,131924,02_REVIEW_ADDONS
server/[timeline-addons]/17mov_Miner/web/assets/fonts/Gilroy/Gilroy-Bold.ttf,_REVIEW_THIRD_PARTY/timeline-addons/17mov_Miner/web/assets/fonts/Gilroy/Gilroy-Bold.ttf,137256,02_REVIEW_ADDONS
server/[timeline-addons]/17mov_Miner/web/assets/fonts/Gilroy/Gilroy-Thin.ttf,_REVIEW_THIRD_PARTY/timeline-addons/17mov_Miner/web/assets/fonts/Gilroy/Gilroy-Thin.ttf,150092,02_REVIEW_ADDONS
server/[timeline-addons]/17mov_Miner/web/assets/fonts/Gilroy/Gilroy-BoldItalic.ttf,_REVIEW_THIRD_PARTY/timeline-addons/17mov_Miner/web/assets/fonts/Gilroy/Gilroy-BoldItalic.ttf,150396,02_REVIEW_ADDONS
server/[timeline-addons]/17mov_Miner/web/assets/fonts/Gilroy/Gilroy-SemiBoldItalic.ttf,_REVIEW_THIRD_PARTY/timeline-addons/17mov_Miner/web/assets/fonts/Gilroy/Gilroy-SemiBoldItalic.ttf,153272,02_REVIEW_ADDONS
server/[timeline-addons]/17mov_Miner/web/assets/fonts/Gilroy/Gilroy-Regular.ttf,_REVIEW_THIRD_PARTY/timeline-addons/17mov_Miner/web/assets/fonts/Gilroy/Gilroy-Regular.ttf,145148,02_REVIEW_ADDONS
server/[timeline-addons]/17mov_Miner/web/assets/fonts/Gilroy/Gilroy-RegularItalic.ttf,_REVIEW_THIRD_PARTY/timeline-addons/17mov_Miner/web/assets/fonts/Gilroy/Gilroy-RegularItalic.ttf,163684,02_REVIEW_ADDONS
server/[timeline-addons]/17mov_Miner/web/assets/fonts/Gilroy/Gilroy-BlackItalic.ttf,_REVIEW_THIRD_PARTY/timeline-addons/17mov_Miner/web/assets/fonts/Gilroy/Gilroy-BlackItalic.ttf,139308,02_REVIEW_ADDONS
server/[timeline-addons]/17mov_Miner/web/assets/fonts/Gilroy/Gilroy-UltraLightItalic.ttf,_REVIEW_THIRD_PARTY/timeline-addons/17mov_Miner/web/assets/fonts/Gilroy/Gilroy-UltraLightItalic.ttf,167608,02_REVIEW_ADDONS
server/[timeline-addons]/17mov_Miner/web/assets/fonts/Gilroy/Gilroy-Medium.ttf,_REVIEW_THIRD_PARTY/timeline-addons/17mov_Miner/web/assets/fonts/Gilroy/Gilroy-Medium.ttf,143724,02_REVIEW_ADDONS
server/[timeline-addons]/17mov_Miner/web/assets/fonts/Gilroy/Gilroy-SemiBold.ttf,_REVIEW_THIRD_PARTY/timeline-addons/17mov_Miner/web/assets/fonts/Gilroy/Gilroy-SemiBold.ttf,139820,02_REVIEW_ADDONS
server/[timeline-addons]/17mov_Miner/web/assets/fonts/Gilroy/Gilroy-HeavyItalic.ttf,_REVIEW_THIRD_PARTY/timeline-addons/17mov_Miner/web/assets/fonts/Gilroy/Gilroy-HeavyItalic.ttf,135324,02_REVIEW_ADDONS
server/[timeline-addons]/hex_arcades/dui/favicon.svg,_REVIEW_THIRD_PARTY/timeline-addons/hex_arcades/dui/favicon.svg,9522,02_REVIEW_ADDONS
server/[timeline-addons]/hex_arcades/dui/icons.svg,_REVIEW_THIRD_PARTY/timeline-addons/hex_arcades/dui/icons.svg,5031,02_REVIEW_ADDONS
server/[timeline-addons]/RiP-Graffiti/nui/assets/fa-light-300-CsIbtatK.woff2,_REVIEW_THIRD_PARTY/timeline-addons/RiP-Graffiti/nui/assets/fa-light-300-CsIbtatK.woff2,366248,02_REVIEW_ADDONS
server/[timeline-addons]/RiP-Graffiti/nui/assets/fa-duotone-regular-400-Cx_1-N2-.woff2,_REVIEW_THIRD_PARTY/timeline-addons/RiP-Graffiti/nui/assets/fa-duotone-regular-400-Cx_1-N2-.woff2,481044,02_REVIEW_ADDONS
server/[timeline-addons]/RiP-Graffiti/nui/assets/fa-duotone-900-Bxa1mK0y.woff2,_REVIEW_THIRD_PARTY/timeline-addons/RiP-Graffiti/nui/assets/fa-duotone-900-Bxa1mK0y.woff2,326968,02_REVIEW_ADDONS
server/[timeline-addons]/RiP-Graffiti/nui/assets/fa-brands-400-Co6qPm93.woff2,_REVIEW_THIRD_PARTY/timeline-addons/RiP-Graffiti/nui/assets/fa-brands-400-Co6qPm93.woff2,110076,02_REVIEW_ADDONS
server/[timeline-addons]/RiP-Graffiti/nui/assets/fa-regular-400-Dzw9S-Dd.woff2,_REVIEW_THIRD_PARTY/timeline-addons/RiP-Graffiti/nui/assets/fa-regular-400-Dzw9S-Dd.woff2,342108,02_REVIEW_ADDONS
server/[timeline-addons]/RiP-Graffiti/nui/assets/fa-solid-900-Ssz3Nst8.woff2,_REVIEW_THIRD_PARTY/timeline-addons/RiP-Graffiti/nui/assets/fa-solid-900-Ssz3Nst8.woff2,265848,02_REVIEW_ADDONS
